ISO-10303-21;
HEADER;
/* Generated by software containing ST-Developer
 * from STEP Tools, Inc. (www.steptools.com) 
 */

FILE_DESCRIPTION(
/* description */ (''),
/* implementation_level */ '2;1');

FILE_NAME(
/* name */ 'kolo.step',
/* time_stamp */ '2026-02-19T18:16:54+01:00',
/* author */ (''),
/* organization */ (''),
/* preprocessor_version */ 'ST-DEVELOPER v20.1',
/* originating_system */ 'Autodesk Translation Framework v14.24.0.0',
/* authorisation */ '');

FILE_SCHEMA (('AUTOMOTIVE_DESIGN { 1 0 10303 214 3 1 1 }'));
ENDSEC;

DATA;
#10=MECHANICAL_DESIGN_GEOMETRIC_PRESENTATION_REPRESENTATION('',(#13,#14,
#15),#8472);
#11=SHAPE_REPRESENTATION_RELATIONSHIP('SRR','None',#8479,#12);
#12=ADVANCED_BREP_SHAPE_REPRESENTATION('',(#16,#17,#18),#8471);
#13=STYLED_ITEM('',(#8489),#16);
#14=STYLED_ITEM('',(#8489),#17);
#15=STYLED_ITEM('',(#8488),#18);
#16=MANIFOLD_SOLID_BREP('Body1',#5189);
#17=MANIFOLD_SOLID_BREP('Body1',#5190);
#18=MANIFOLD_SOLID_BREP('Body2',#5191);
#19=B_SPLINE_CURVE_WITH_KNOTS('',3,(#6959,#6960,#6961,#6962,#6963,#6964,
#6965,#6966,#6967,#6968),.UNSPECIFIED.,.F.,.F.,(4,2,2,2,4),(0.,0.0566947327138736,
0.113389465427747,0.170079987708948,0.226770509990149),.UNSPECIFIED.);
#20=B_SPLINE_CURVE_WITH_KNOTS('',3,(#6969,#6970,#6971,#6972,#6973,#6974,
#6975,#6976,#6977,#6978,#6979,#6980,#6981,#6982,#6983,#6984,#6985,#6986,
#6987,#6988,#6989,#6990,#6991,#6992,#6993,#6994),.UNSPECIFIED.,.F.,.F.,
(4,2,2,2,2,2,2,2,2,2,2,2,4),(0.226770509990149,0.283461032271349,0.34015155455255,
0.396846287266424,0.453541019980297,0.510235752694171,0.566930485408045,
0.623621007689245,0.680311529970446,0.737002052251647,0.793692574532848,
0.850387307246721,0.907082039960595),.UNSPECIFIED.);
#21=CYLINDRICAL_SURFACE('',#5210,0.31);
#22=CYLINDRICAL_SURFACE('',#5212,0.15);
#23=CYLINDRICAL_SURFACE('',#5214,0.7);
#24=CYLINDRICAL_SURFACE('',#5216,0.31);
#25=CYLINDRICAL_SURFACE('',#5221,3.201);
#26=CYLINDRICAL_SURFACE('',#5227,3.201);
#27=CYLINDRICAL_SURFACE('',#5233,3.201);
#28=CYLINDRICAL_SURFACE('',#5239,3.201);
#29=CYLINDRICAL_SURFACE('',#5245,3.201);
#30=CYLINDRICAL_SURFACE('',#5251,3.201);
#31=CYLINDRICAL_SURFACE('',#5257,3.201);
#32=CYLINDRICAL_SURFACE('',#5263,3.201);
#33=CYLINDRICAL_SURFACE('',#5269,3.201);
#34=CYLINDRICAL_SURFACE('',#5275,3.201);
#35=CYLINDRICAL_SURFACE('',#5281,3.201);
#36=CYLINDRICAL_SURFACE('',#5287,3.201);
#37=CYLINDRICAL_SURFACE('',#5298,3.201);
#38=CYLINDRICAL_SURFACE('',#5300,3.2107);
#39=CYLINDRICAL_SURFACE('',#5306,3.2107);
#40=CYLINDRICAL_SURFACE('',#5312,3.2107);
#41=CYLINDRICAL_SURFACE('',#5318,3.2107);
#42=CYLINDRICAL_SURFACE('',#5324,3.2107);
#43=CYLINDRICAL_SURFACE('',#5330,3.2107);
#44=CYLINDRICAL_SURFACE('',#5339,3.492);
#45=CYLINDRICAL_SURFACE('',#5347,3.492);
#46=CYLINDRICAL_SURFACE('',#5355,3.492);
#47=CYLINDRICAL_SURFACE('',#5363,3.492);
#48=CYLINDRICAL_SURFACE('',#5371,3.492);
#49=CYLINDRICAL_SURFACE('',#5379,3.492);
#50=CYLINDRICAL_SURFACE('',#5387,3.492);
#51=CYLINDRICAL_SURFACE('',#5395,3.492);
#52=CYLINDRICAL_SURFACE('',#5403,3.492);
#53=CYLINDRICAL_SURFACE('',#5411,3.492);
#54=CYLINDRICAL_SURFACE('',#5419,3.492);
#55=CYLINDRICAL_SURFACE('',#5427,3.492);
#56=CYLINDRICAL_SURFACE('',#5432,3.2107);
#57=CYLINDRICAL_SURFACE('',#5438,3.2107);
#58=CYLINDRICAL_SURFACE('',#5444,3.2107);
#59=CYLINDRICAL_SURFACE('',#5450,3.2107);
#60=CYLINDRICAL_SURFACE('',#5456,3.2107);
#61=CYLINDRICAL_SURFACE('',#5462,3.2107);
#62=CYLINDRICAL_SURFACE('',#5471,3.492);
#63=CYLINDRICAL_SURFACE('',#5479,3.492);
#64=CYLINDRICAL_SURFACE('',#5487,3.492);
#65=CYLINDRICAL_SURFACE('',#5495,3.492);
#66=CYLINDRICAL_SURFACE('',#5503,3.492);
#67=CYLINDRICAL_SURFACE('',#5511,3.492);
#68=CYLINDRICAL_SURFACE('',#5519,3.492);
#69=CYLINDRICAL_SURFACE('',#5527,3.492);
#70=CYLINDRICAL_SURFACE('',#5535,3.492);
#71=CYLINDRICAL_SURFACE('',#5543,3.492);
#72=CYLINDRICAL_SURFACE('',#5551,3.492);
#73=CYLINDRICAL_SURFACE('',#5559,3.492);
#74=FACE_BOUND('',#1620,.T.);
#75=FACE_BOUND('',#1625,.T.);
#76=FACE_BOUND('',#1628,.T.);
#77=FACE_BOUND('',#1678,.T.);
#78=FACE_BOUND('',#1680,.T.);
#79=FACE_BOUND('',#1879,.T.);
#80=FACE_BOUND('',#1881,.T.);
#81=LINE('',#6939,#722);
#82=LINE('',#6942,#723);
#83=LINE('',#6945,#724);
#84=LINE('',#6947,#725);
#85=LINE('',#6948,#726);
#86=LINE('',#6951,#727);
#87=LINE('',#6957,#728);
#88=LINE('',#6997,#729);
#89=LINE('',#7002,#730);
#90=LINE('',#7004,#731);
#91=LINE('',#7008,#732);
#92=LINE('',#7010,#733);
#93=LINE('',#7012,#734);
#94=LINE('',#7013,#735);
#95=LINE('',#7016,#736);
#96=LINE('',#7018,#737);
#97=LINE('',#7019,#738);
#98=LINE('',#7025,#739);
#99=LINE('',#7028,#740);
#100=LINE('',#7030,#741);
#101=LINE('',#7031,#742);
#102=LINE('',#7034,#743);
#103=LINE('',#7036,#744);
#104=LINE('',#7037,#745);
#105=LINE('',#7040,#746);
#106=LINE('',#7042,#747);
#107=LINE('',#7043,#748);
#108=LINE('',#7049,#749);
#109=LINE('',#7052,#750);
#110=LINE('',#7054,#751);
#111=LINE('',#7055,#752);
#112=LINE('',#7058,#753);
#113=LINE('',#7060,#754);
#114=LINE('',#7061,#755);
#115=LINE('',#7064,#756);
#116=LINE('',#7066,#757);
#117=LINE('',#7067,#758);
#118=LINE('',#7073,#759);
#119=LINE('',#7076,#760);
#120=LINE('',#7078,#761);
#121=LINE('',#7079,#762);
#122=LINE('',#7082,#763);
#123=LINE('',#7084,#764);
#124=LINE('',#7085,#765);
#125=LINE('',#7088,#766);
#126=LINE('',#7090,#767);
#127=LINE('',#7091,#768);
#128=LINE('',#7097,#769);
#129=LINE('',#7100,#770);
#130=LINE('',#7102,#771);
#131=LINE('',#7103,#772);
#132=LINE('',#7106,#773);
#133=LINE('',#7108,#774);
#134=LINE('',#7109,#775);
#135=LINE('',#7112,#776);
#136=LINE('',#7114,#777);
#137=LINE('',#7115,#778);
#138=LINE('',#7121,#779);
#139=LINE('',#7124,#780);
#140=LINE('',#7126,#781);
#141=LINE('',#7127,#782);
#142=LINE('',#7130,#783);
#143=LINE('',#7132,#784);
#144=LINE('',#7133,#785);
#145=LINE('',#7136,#786);
#146=LINE('',#7138,#787);
#147=LINE('',#7139,#788);
#148=LINE('',#7145,#789);
#149=LINE('',#7148,#790);
#150=LINE('',#7150,#791);
#151=LINE('',#7151,#792);
#152=LINE('',#7154,#793);
#153=LINE('',#7156,#794);
#154=LINE('',#7157,#795);
#155=LINE('',#7160,#796);
#156=LINE('',#7162,#797);
#157=LINE('',#7163,#798);
#158=LINE('',#7169,#799);
#159=LINE('',#7172,#800);
#160=LINE('',#7174,#801);
#161=LINE('',#7175,#802);
#162=LINE('',#7178,#803);
#163=LINE('',#7180,#804);
#164=LINE('',#7181,#805);
#165=LINE('',#7184,#806);
#166=LINE('',#7186,#807);
#167=LINE('',#7187,#808);
#168=LINE('',#7193,#809);
#169=LINE('',#7196,#810);
#170=LINE('',#7198,#811);
#171=LINE('',#7199,#812);
#172=LINE('',#7202,#813);
#173=LINE('',#7204,#814);
#174=LINE('',#7205,#815);
#175=LINE('',#7208,#816);
#176=LINE('',#7210,#817);
#177=LINE('',#7211,#818);
#178=LINE('',#7217,#819);
#179=LINE('',#7220,#820);
#180=LINE('',#7222,#821);
#181=LINE('',#7223,#822);
#182=LINE('',#7226,#823);
#183=LINE('',#7228,#824);
#184=LINE('',#7229,#825);
#185=LINE('',#7232,#826);
#186=LINE('',#7234,#827);
#187=LINE('',#7235,#828);
#188=LINE('',#7241,#829);
#189=LINE('',#7244,#830);
#190=LINE('',#7246,#831);
#191=LINE('',#7247,#832);
#192=LINE('',#7250,#833);
#193=LINE('',#7252,#834);
#194=LINE('',#7253,#835);
#195=LINE('',#7256,#836);
#196=LINE('',#7258,#837);
#197=LINE('',#7259,#838);
#198=LINE('',#7265,#839);
#199=LINE('',#7268,#840);
#200=LINE('',#7270,#841);
#201=LINE('',#7271,#842);
#202=LINE('',#7274,#843);
#203=LINE('',#7276,#844);
#204=LINE('',#7277,#845);
#205=LINE('',#7280,#846);
#206=LINE('',#7282,#847);
#207=LINE('',#7283,#848);
#208=LINE('',#7289,#849);
#209=LINE('',#7291,#850);
#210=LINE('',#7292,#851);
#211=LINE('',#7298,#852);
#212=LINE('',#7300,#853);
#213=LINE('',#7305,#854);
#214=LINE('',#7308,#855);
#215=LINE('',#7310,#856);
#216=LINE('',#7311,#857);
#217=LINE('',#7313,#858);
#218=LINE('',#7320,#859);
#219=LINE('',#7323,#860);
#220=LINE('',#7326,#861);
#221=LINE('',#7328,#862);
#222=LINE('',#7329,#863);
#223=LINE('',#7332,#864);
#224=LINE('',#7334,#865);
#225=LINE('',#7335,#866);
#226=LINE('',#7338,#867);
#227=LINE('',#7340,#868);
#228=LINE('',#7341,#869);
#229=LINE('',#7346,#870);
#230=LINE('',#7350,#871);
#231=LINE('',#7352,#872);
#232=LINE('',#7353,#873);
#233=LINE('',#7356,#874);
#234=LINE('',#7358,#875);
#235=LINE('',#7359,#876);
#236=LINE('',#7362,#877);
#237=LINE('',#7364,#878);
#238=LINE('',#7365,#879);
#239=LINE('',#7370,#880);
#240=LINE('',#7374,#881);
#241=LINE('',#7376,#882);
#242=LINE('',#7377,#883);
#243=LINE('',#7380,#884);
#244=LINE('',#7382,#885);
#245=LINE('',#7383,#886);
#246=LINE('',#7386,#887);
#247=LINE('',#7388,#888);
#248=LINE('',#7389,#889);
#249=LINE('',#7394,#890);
#250=LINE('',#7398,#891);
#251=LINE('',#7400,#892);
#252=LINE('',#7401,#893);
#253=LINE('',#7404,#894);
#254=LINE('',#7406,#895);
#255=LINE('',#7407,#896);
#256=LINE('',#7410,#897);
#257=LINE('',#7412,#898);
#258=LINE('',#7413,#899);
#259=LINE('',#7418,#900);
#260=LINE('',#7422,#901);
#261=LINE('',#7424,#902);
#262=LINE('',#7425,#903);
#263=LINE('',#7428,#904);
#264=LINE('',#7430,#905);
#265=LINE('',#7431,#906);
#266=LINE('',#7434,#907);
#267=LINE('',#7436,#908);
#268=LINE('',#7437,#909);
#269=LINE('',#7442,#910);
#270=LINE('',#7446,#911);
#271=LINE('',#7448,#912);
#272=LINE('',#7449,#913);
#273=LINE('',#7452,#914);
#274=LINE('',#7454,#915);
#275=LINE('',#7455,#916);
#276=LINE('',#7458,#917);
#277=LINE('',#7460,#918);
#278=LINE('',#7461,#919);
#279=LINE('',#7465,#920);
#280=LINE('',#7467,#921);
#281=LINE('',#7469,#922);
#282=LINE('',#7470,#923);
#283=LINE('',#7473,#924);
#284=LINE('',#7475,#925);
#285=LINE('',#7476,#926);
#286=LINE('',#7479,#927);
#287=LINE('',#7481,#928);
#288=LINE('',#7482,#929);
#289=LINE('',#7487,#930);
#290=LINE('',#7491,#931);
#291=LINE('',#7493,#932);
#292=LINE('',#7494,#933);
#293=LINE('',#7497,#934);
#294=LINE('',#7499,#935);
#295=LINE('',#7500,#936);
#296=LINE('',#7503,#937);
#297=LINE('',#7505,#938);
#298=LINE('',#7506,#939);
#299=LINE('',#7509,#940);
#300=LINE('',#7511,#941);
#301=LINE('',#7512,#942);
#302=LINE('',#7515,#943);
#303=LINE('',#7517,#944);
#304=LINE('',#7518,#945);
#305=LINE('',#7523,#946);
#306=LINE('',#7527,#947);
#307=LINE('',#7529,#948);
#308=LINE('',#7530,#949);
#309=LINE('',#7533,#950);
#310=LINE('',#7535,#951);
#311=LINE('',#7536,#952);
#312=LINE('',#7539,#953);
#313=LINE('',#7541,#954);
#314=LINE('',#7542,#955);
#315=LINE('',#7545,#956);
#316=LINE('',#7547,#957);
#317=LINE('',#7548,#958);
#318=LINE('',#7551,#959);
#319=LINE('',#7553,#960);
#320=LINE('',#7554,#961);
#321=LINE('',#7559,#962);
#322=LINE('',#7563,#963);
#323=LINE('',#7565,#964);
#324=LINE('',#7566,#965);
#325=LINE('',#7569,#966);
#326=LINE('',#7571,#967);
#327=LINE('',#7572,#968);
#328=LINE('',#7575,#969);
#329=LINE('',#7577,#970);
#330=LINE('',#7578,#971);
#331=LINE('',#7581,#972);
#332=LINE('',#7583,#973);
#333=LINE('',#7584,#974);
#334=LINE('',#7587,#975);
#335=LINE('',#7589,#976);
#336=LINE('',#7590,#977);
#337=LINE('',#7595,#978);
#338=LINE('',#7599,#979);
#339=LINE('',#7601,#980);
#340=LINE('',#7602,#981);
#341=LINE('',#7605,#982);
#342=LINE('',#7607,#983);
#343=LINE('',#7608,#984);
#344=LINE('',#7611,#985);
#345=LINE('',#7613,#986);
#346=LINE('',#7614,#987);
#347=LINE('',#7617,#988);
#348=LINE('',#7619,#989);
#349=LINE('',#7620,#990);
#350=LINE('',#7623,#991);
#351=LINE('',#7625,#992);
#352=LINE('',#7626,#993);
#353=LINE('',#7631,#994);
#354=LINE('',#7635,#995);
#355=LINE('',#7637,#996);
#356=LINE('',#7638,#997);
#357=LINE('',#7641,#998);
#358=LINE('',#7643,#999);
#359=LINE('',#7644,#1000);
#360=LINE('',#7647,#1001);
#361=LINE('',#7649,#1002);
#362=LINE('',#7650,#1003);
#363=LINE('',#7653,#1004);
#364=LINE('',#7655,#1005);
#365=LINE('',#7656,#1006);
#366=LINE('',#7659,#1007);
#367=LINE('',#7661,#1008);
#368=LINE('',#7662,#1009);
#369=LINE('',#7667,#1010);
#370=LINE('',#7671,#1011);
#371=LINE('',#7673,#1012);
#372=LINE('',#7674,#1013);
#373=LINE('',#7677,#1014);
#374=LINE('',#7679,#1015);
#375=LINE('',#7680,#1016);
#376=LINE('',#7683,#1017);
#377=LINE('',#7685,#1018);
#378=LINE('',#7686,#1019);
#379=LINE('',#7689,#1020);
#380=LINE('',#7691,#1021);
#381=LINE('',#7692,#1022);
#382=LINE('',#7695,#1023);
#383=LINE('',#7697,#1024);
#384=LINE('',#7698,#1025);
#385=LINE('',#7703,#1026);
#386=LINE('',#7707,#1027);
#387=LINE('',#7709,#1028);
#388=LINE('',#7710,#1029);
#389=LINE('',#7713,#1030);
#390=LINE('',#7715,#1031);
#391=LINE('',#7716,#1032);
#392=LINE('',#7719,#1033);
#393=LINE('',#7721,#1034);
#394=LINE('',#7722,#1035);
#395=LINE('',#7725,#1036);
#396=LINE('',#7727,#1037);
#397=LINE('',#7728,#1038);
#398=LINE('',#7731,#1039);
#399=LINE('',#7733,#1040);
#400=LINE('',#7734,#1041);
#401=LINE('',#7739,#1042);
#402=LINE('',#7743,#1043);
#403=LINE('',#7745,#1044);
#404=LINE('',#7746,#1045);
#405=LINE('',#7749,#1046);
#406=LINE('',#7751,#1047);
#407=LINE('',#7752,#1048);
#408=LINE('',#7755,#1049);
#409=LINE('',#7757,#1050);
#410=LINE('',#7758,#1051);
#411=LINE('',#7761,#1052);
#412=LINE('',#7763,#1053);
#413=LINE('',#7764,#1054);
#414=LINE('',#7767,#1055);
#415=LINE('',#7769,#1056);
#416=LINE('',#7770,#1057);
#417=LINE('',#7775,#1058);
#418=LINE('',#7779,#1059);
#419=LINE('',#7781,#1060);
#420=LINE('',#7782,#1061);
#421=LINE('',#7785,#1062);
#422=LINE('',#7787,#1063);
#423=LINE('',#7788,#1064);
#424=LINE('',#7791,#1065);
#425=LINE('',#7793,#1066);
#426=LINE('',#7794,#1067);
#427=LINE('',#7797,#1068);
#428=LINE('',#7799,#1069);
#429=LINE('',#7800,#1070);
#430=LINE('',#7803,#1071);
#431=LINE('',#7805,#1072);
#432=LINE('',#7806,#1073);
#433=LINE('',#7811,#1074);
#434=LINE('',#7815,#1075);
#435=LINE('',#7817,#1076);
#436=LINE('',#7818,#1077);
#437=LINE('',#7821,#1078);
#438=LINE('',#7823,#1079);
#439=LINE('',#7824,#1080);
#440=LINE('',#7827,#1081);
#441=LINE('',#7829,#1082);
#442=LINE('',#7830,#1083);
#443=LINE('',#7833,#1084);
#444=LINE('',#7835,#1085);
#445=LINE('',#7836,#1086);
#446=LINE('',#7839,#1087);
#447=LINE('',#7841,#1088);
#448=LINE('',#7842,#1089);
#449=LINE('',#7847,#1090);
#450=LINE('',#7851,#1091);
#451=LINE('',#7853,#1092);
#452=LINE('',#7854,#1093);
#453=LINE('',#7857,#1094);
#454=LINE('',#7859,#1095);
#455=LINE('',#7860,#1096);
#456=LINE('',#7863,#1097);
#457=LINE('',#7865,#1098);
#458=LINE('',#7866,#1099);
#459=LINE('',#7869,#1100);
#460=LINE('',#7871,#1101);
#461=LINE('',#7872,#1102);
#462=LINE('',#7875,#1103);
#463=LINE('',#7877,#1104);
#464=LINE('',#7878,#1105);
#465=LINE('',#7883,#1106);
#466=LINE('',#7887,#1107);
#467=LINE('',#7889,#1108);
#468=LINE('',#7890,#1109);
#469=LINE('',#7893,#1110);
#470=LINE('',#7895,#1111);
#471=LINE('',#7896,#1112);
#472=LINE('',#7901,#1113);
#473=LINE('',#7905,#1114);
#474=LINE('',#7907,#1115);
#475=LINE('',#7908,#1116);
#476=LINE('',#7911,#1117);
#477=LINE('',#7913,#1118);
#478=LINE('',#7914,#1119);
#479=LINE('',#7917,#1120);
#480=LINE('',#7919,#1121);
#481=LINE('',#7920,#1122);
#482=LINE('',#7925,#1123);
#483=LINE('',#7929,#1124);
#484=LINE('',#7931,#1125);
#485=LINE('',#7932,#1126);
#486=LINE('',#7935,#1127);
#487=LINE('',#7937,#1128);
#488=LINE('',#7938,#1129);
#489=LINE('',#7941,#1130);
#490=LINE('',#7943,#1131);
#491=LINE('',#7944,#1132);
#492=LINE('',#7949,#1133);
#493=LINE('',#7953,#1134);
#494=LINE('',#7955,#1135);
#495=LINE('',#7956,#1136);
#496=LINE('',#7959,#1137);
#497=LINE('',#7961,#1138);
#498=LINE('',#7962,#1139);
#499=LINE('',#7965,#1140);
#500=LINE('',#7967,#1141);
#501=LINE('',#7968,#1142);
#502=LINE('',#7973,#1143);
#503=LINE('',#7977,#1144);
#504=LINE('',#7979,#1145);
#505=LINE('',#7980,#1146);
#506=LINE('',#7983,#1147);
#507=LINE('',#7985,#1148);
#508=LINE('',#7986,#1149);
#509=LINE('',#7989,#1150);
#510=LINE('',#7991,#1151);
#511=LINE('',#7992,#1152);
#512=LINE('',#7997,#1153);
#513=LINE('',#8001,#1154);
#514=LINE('',#8003,#1155);
#515=LINE('',#8004,#1156);
#516=LINE('',#8007,#1157);
#517=LINE('',#8009,#1158);
#518=LINE('',#8010,#1159);
#519=LINE('',#8013,#1160);
#520=LINE('',#8015,#1161);
#521=LINE('',#8016,#1162);
#522=LINE('',#8021,#1163);
#523=LINE('',#8025,#1164);
#524=LINE('',#8027,#1165);
#525=LINE('',#8028,#1166);
#526=LINE('',#8031,#1167);
#527=LINE('',#8033,#1168);
#528=LINE('',#8034,#1169);
#529=LINE('',#8036,#1170);
#530=LINE('',#8037,#1171);
#531=LINE('',#8040,#1172);
#532=LINE('',#8042,#1173);
#533=LINE('',#8043,#1174);
#534=LINE('',#8046,#1175);
#535=LINE('',#8048,#1176);
#536=LINE('',#8049,#1177);
#537=LINE('',#8052,#1178);
#538=LINE('',#8054,#1179);
#539=LINE('',#8055,#1180);
#540=LINE('',#8060,#1181);
#541=LINE('',#8064,#1182);
#542=LINE('',#8066,#1183);
#543=LINE('',#8067,#1184);
#544=LINE('',#8070,#1185);
#545=LINE('',#8072,#1186);
#546=LINE('',#8073,#1187);
#547=LINE('',#8076,#1188);
#548=LINE('',#8078,#1189);
#549=LINE('',#8079,#1190);
#550=LINE('',#8082,#1191);
#551=LINE('',#8084,#1192);
#552=LINE('',#8085,#1193);
#553=LINE('',#8088,#1194);
#554=LINE('',#8090,#1195);
#555=LINE('',#8091,#1196);
#556=LINE('',#8096,#1197);
#557=LINE('',#8100,#1198);
#558=LINE('',#8102,#1199);
#559=LINE('',#8103,#1200);
#560=LINE('',#8106,#1201);
#561=LINE('',#8108,#1202);
#562=LINE('',#8109,#1203);
#563=LINE('',#8112,#1204);
#564=LINE('',#8114,#1205);
#565=LINE('',#8115,#1206);
#566=LINE('',#8118,#1207);
#567=LINE('',#8120,#1208);
#568=LINE('',#8121,#1209);
#569=LINE('',#8124,#1210);
#570=LINE('',#8126,#1211);
#571=LINE('',#8127,#1212);
#572=LINE('',#8132,#1213);
#573=LINE('',#8136,#1214);
#574=LINE('',#8138,#1215);
#575=LINE('',#8139,#1216);
#576=LINE('',#8142,#1217);
#577=LINE('',#8144,#1218);
#578=LINE('',#8145,#1219);
#579=LINE('',#8148,#1220);
#580=LINE('',#8150,#1221);
#581=LINE('',#8151,#1222);
#582=LINE('',#8154,#1223);
#583=LINE('',#8156,#1224);
#584=LINE('',#8157,#1225);
#585=LINE('',#8160,#1226);
#586=LINE('',#8162,#1227);
#587=LINE('',#8163,#1228);
#588=LINE('',#8168,#1229);
#589=LINE('',#8172,#1230);
#590=LINE('',#8174,#1231);
#591=LINE('',#8175,#1232);
#592=LINE('',#8178,#1233);
#593=LINE('',#8180,#1234);
#594=LINE('',#8181,#1235);
#595=LINE('',#8184,#1236);
#596=LINE('',#8186,#1237);
#597=LINE('',#8187,#1238);
#598=LINE('',#8190,#1239);
#599=LINE('',#8192,#1240);
#600=LINE('',#8193,#1241);
#601=LINE('',#8196,#1242);
#602=LINE('',#8198,#1243);
#603=LINE('',#8199,#1244);
#604=LINE('',#8204,#1245);
#605=LINE('',#8208,#1246);
#606=LINE('',#8210,#1247);
#607=LINE('',#8211,#1248);
#608=LINE('',#8214,#1249);
#609=LINE('',#8216,#1250);
#610=LINE('',#8217,#1251);
#611=LINE('',#8220,#1252);
#612=LINE('',#8222,#1253);
#613=LINE('',#8223,#1254);
#614=LINE('',#8226,#1255);
#615=LINE('',#8228,#1256);
#616=LINE('',#8229,#1257);
#617=LINE('',#8232,#1258);
#618=LINE('',#8234,#1259);
#619=LINE('',#8235,#1260);
#620=LINE('',#8240,#1261);
#621=LINE('',#8244,#1262);
#622=LINE('',#8246,#1263);
#623=LINE('',#8247,#1264);
#624=LINE('',#8250,#1265);
#625=LINE('',#8252,#1266);
#626=LINE('',#8253,#1267);
#627=LINE('',#8256,#1268);
#628=LINE('',#8258,#1269);
#629=LINE('',#8259,#1270);
#630=LINE('',#8262,#1271);
#631=LINE('',#8264,#1272);
#632=LINE('',#8265,#1273);
#633=LINE('',#8268,#1274);
#634=LINE('',#8270,#1275);
#635=LINE('',#8271,#1276);
#636=LINE('',#8276,#1277);
#637=LINE('',#8280,#1278);
#638=LINE('',#8282,#1279);
#639=LINE('',#8283,#1280);
#640=LINE('',#8286,#1281);
#641=LINE('',#8288,#1282);
#642=LINE('',#8289,#1283);
#643=LINE('',#8292,#1284);
#644=LINE('',#8294,#1285);
#645=LINE('',#8295,#1286);
#646=LINE('',#8298,#1287);
#647=LINE('',#8300,#1288);
#648=LINE('',#8301,#1289);
#649=LINE('',#8304,#1290);
#650=LINE('',#8306,#1291);
#651=LINE('',#8307,#1292);
#652=LINE('',#8312,#1293);
#653=LINE('',#8316,#1294);
#654=LINE('',#8318,#1295);
#655=LINE('',#8319,#1296);
#656=LINE('',#8322,#1297);
#657=LINE('',#8324,#1298);
#658=LINE('',#8325,#1299);
#659=LINE('',#8328,#1300);
#660=LINE('',#8330,#1301);
#661=LINE('',#8331,#1302);
#662=LINE('',#8334,#1303);
#663=LINE('',#8336,#1304);
#664=LINE('',#8337,#1305);
#665=LINE('',#8340,#1306);
#666=LINE('',#8342,#1307);
#667=LINE('',#8343,#1308);
#668=LINE('',#8348,#1309);
#669=LINE('',#8352,#1310);
#670=LINE('',#8354,#1311);
#671=LINE('',#8355,#1312);
#672=LINE('',#8358,#1313);
#673=LINE('',#8360,#1314);
#674=LINE('',#8361,#1315);
#675=LINE('',#8364,#1316);
#676=LINE('',#8366,#1317);
#677=LINE('',#8367,#1318);
#678=LINE('',#8370,#1319);
#679=LINE('',#8372,#1320);
#680=LINE('',#8373,#1321);
#681=LINE('',#8376,#1322);
#682=LINE('',#8378,#1323);
#683=LINE('',#8379,#1324);
#684=LINE('',#8384,#1325);
#685=LINE('',#8388,#1326);
#686=LINE('',#8390,#1327);
#687=LINE('',#8391,#1328);
#688=LINE('',#8394,#1329);
#689=LINE('',#8396,#1330);
#690=LINE('',#8397,#1331);
#691=LINE('',#8400,#1332);
#692=LINE('',#8402,#1333);
#693=LINE('',#8403,#1334);
#694=LINE('',#8406,#1335);
#695=LINE('',#8408,#1336);
#696=LINE('',#8409,#1337);
#697=LINE('',#8412,#1338);
#698=LINE('',#8414,#1339);
#699=LINE('',#8415,#1340);
#700=LINE('',#8420,#1341);
#701=LINE('',#8424,#1342);
#702=LINE('',#8426,#1343);
#703=LINE('',#8427,#1344);
#704=LINE('',#8430,#1345);
#705=LINE('',#8432,#1346);
#706=LINE('',#8433,#1347);
#707=LINE('',#8436,#1348);
#708=LINE('',#8438,#1349);
#709=LINE('',#8439,#1350);
#710=LINE('',#8442,#1351);
#711=LINE('',#8444,#1352);
#712=LINE('',#8445,#1353);
#713=LINE('',#8448,#1354);
#714=LINE('',#8450,#1355);
#715=LINE('',#8451,#1356);
#716=LINE('',#8456,#1357);
#717=LINE('',#8460,#1358);
#718=LINE('',#8462,#1359);
#719=LINE('',#8463,#1360);
#720=LINE('',#8465,#1361);
#721=LINE('',#8466,#1362);
#722=VECTOR('',#5574,1.);
#723=VECTOR('',#5577,1.);
#724=VECTOR('',#5580,1.);
#725=VECTOR('',#5581,1.);
#726=VECTOR('',#5582,1.);
#727=VECTOR('',#5585,1.);
#728=VECTOR('',#5592,0.15);
#729=VECTOR('',#5595,0.7);
#730=VECTOR('',#5602,1.);
#731=VECTOR('',#5605,1.);
#732=VECTOR('',#5608,0.97);
#733=VECTOR('',#5609,0.97);
#734=VECTOR('',#5610,0.97);
#735=VECTOR('',#5611,0.97);
#736=VECTOR('',#5614,0.97);
#737=VECTOR('',#5615,0.97);
#738=VECTOR('',#5616,0.97);
#739=VECTOR('',#5623,0.97);
#740=VECTOR('',#5626,0.97);
#741=VECTOR('',#5627,0.97);
#742=VECTOR('',#5628,0.97);
#743=VECTOR('',#5631,0.97);
#744=VECTOR('',#5632,0.97);
#745=VECTOR('',#5633,0.97);
#746=VECTOR('',#5636,0.97);
#747=VECTOR('',#5637,0.97);
#748=VECTOR('',#5638,0.97);
#749=VECTOR('',#5645,0.97);
#750=VECTOR('',#5648,0.97);
#751=VECTOR('',#5649,0.97);
#752=VECTOR('',#5650,0.97);
#753=VECTOR('',#5653,0.97);
#754=VECTOR('',#5654,0.97);
#755=VECTOR('',#5655,0.97);
#756=VECTOR('',#5658,0.97);
#757=VECTOR('',#5659,0.97);
#758=VECTOR('',#5660,0.97);
#759=VECTOR('',#5667,0.97);
#760=VECTOR('',#5670,0.97);
#761=VECTOR('',#5671,0.97);
#762=VECTOR('',#5672,0.97);
#763=VECTOR('',#5675,0.97);
#764=VECTOR('',#5676,0.97);
#765=VECTOR('',#5677,0.97);
#766=VECTOR('',#5680,0.97);
#767=VECTOR('',#5681,0.97);
#768=VECTOR('',#5682,0.97);
#769=VECTOR('',#5689,0.97);
#770=VECTOR('',#5692,0.97);
#771=VECTOR('',#5693,0.97);
#772=VECTOR('',#5694,0.97);
#773=VECTOR('',#5697,0.97);
#774=VECTOR('',#5698,0.97);
#775=VECTOR('',#5699,0.97);
#776=VECTOR('',#5702,0.97);
#777=VECTOR('',#5703,0.97);
#778=VECTOR('',#5704,0.97);
#779=VECTOR('',#5711,0.97);
#780=VECTOR('',#5714,0.97);
#781=VECTOR('',#5715,0.97);
#782=VECTOR('',#5716,0.97);
#783=VECTOR('',#5719,0.97);
#784=VECTOR('',#5720,0.97);
#785=VECTOR('',#5721,0.97);
#786=VECTOR('',#5724,0.97);
#787=VECTOR('',#5725,0.97);
#788=VECTOR('',#5726,0.97);
#789=VECTOR('',#5733,0.97);
#790=VECTOR('',#5736,0.97);
#791=VECTOR('',#5737,0.97);
#792=VECTOR('',#5738,0.97);
#793=VECTOR('',#5741,0.97);
#794=VECTOR('',#5742,0.97);
#795=VECTOR('',#5743,0.97);
#796=VECTOR('',#5746,0.97);
#797=VECTOR('',#5747,0.97);
#798=VECTOR('',#5748,0.97);
#799=VECTOR('',#5755,0.97);
#800=VECTOR('',#5758,0.97);
#801=VECTOR('',#5759,0.97);
#802=VECTOR('',#5760,0.97);
#803=VECTOR('',#5763,0.97);
#804=VECTOR('',#5764,0.97);
#805=VECTOR('',#5765,0.97);
#806=VECTOR('',#5768,0.97);
#807=VECTOR('',#5769,0.97);
#808=VECTOR('',#5770,0.97);
#809=VECTOR('',#5777,0.97);
#810=VECTOR('',#5780,0.97);
#811=VECTOR('',#5781,0.97);
#812=VECTOR('',#5782,0.97);
#813=VECTOR('',#5785,0.97);
#814=VECTOR('',#5786,0.97);
#815=VECTOR('',#5787,0.97);
#816=VECTOR('',#5790,0.97);
#817=VECTOR('',#5791,0.97);
#818=VECTOR('',#5792,0.97);
#819=VECTOR('',#5799,0.97);
#820=VECTOR('',#5802,0.97);
#821=VECTOR('',#5803,0.97);
#822=VECTOR('',#5804,0.97);
#823=VECTOR('',#5807,0.97);
#824=VECTOR('',#5808,0.97);
#825=VECTOR('',#5809,0.97);
#826=VECTOR('',#5812,0.97);
#827=VECTOR('',#5813,0.97);
#828=VECTOR('',#5814,0.97);
#829=VECTOR('',#5821,0.97);
#830=VECTOR('',#5824,0.97);
#831=VECTOR('',#5825,0.97);
#832=VECTOR('',#5826,0.97);
#833=VECTOR('',#5829,0.97);
#834=VECTOR('',#5830,0.97);
#835=VECTOR('',#5831,0.97);
#836=VECTOR('',#5834,0.97);
#837=VECTOR('',#5835,0.97);
#838=VECTOR('',#5836,0.97);
#839=VECTOR('',#5843,0.97);
#840=VECTOR('',#5846,0.97);
#841=VECTOR('',#5847,0.97);
#842=VECTOR('',#5848,0.97);
#843=VECTOR('',#5851,0.97);
#844=VECTOR('',#5852,0.97);
#845=VECTOR('',#5853,0.97);
#846=VECTOR('',#5856,0.97);
#847=VECTOR('',#5857,0.97);
#848=VECTOR('',#5858,0.97);
#849=VECTOR('',#5865,0.97);
#850=VECTOR('',#5868,0.97);
#851=VECTOR('',#5869,0.97);
#852=VECTOR('',#5876,0.97);
#853=VECTOR('',#5877,0.97);
#854=VECTOR('',#5882,0.97);
#855=VECTOR('',#5885,0.97);
#856=VECTOR('',#5888,0.97);
#857=VECTOR('',#5889,0.97);
#858=VECTOR('',#5892,0.97);
#859=VECTOR('',#5899,0.97);
#860=VECTOR('',#5902,0.97);
#861=VECTOR('',#5905,0.97);
#862=VECTOR('',#5906,0.97);
#863=VECTOR('',#5907,0.97);
#864=VECTOR('',#5910,0.97);
#865=VECTOR('',#5911,0.97);
#866=VECTOR('',#5912,0.97);
#867=VECTOR('',#5915,0.97);
#868=VECTOR('',#5916,0.97);
#869=VECTOR('',#5917,0.97);
#870=VECTOR('',#5922,0.97);
#871=VECTOR('',#5927,0.97);
#872=VECTOR('',#5928,0.97);
#873=VECTOR('',#5929,0.97);
#874=VECTOR('',#5932,0.97);
#875=VECTOR('',#5933,0.97);
#876=VECTOR('',#5934,0.97);
#877=VECTOR('',#5937,0.97);
#878=VECTOR('',#5938,0.97);
#879=VECTOR('',#5939,0.97);
#880=VECTOR('',#5944,0.97);
#881=VECTOR('',#5949,0.97);
#882=VECTOR('',#5950,0.97);
#883=VECTOR('',#5951,0.97);
#884=VECTOR('',#5954,0.97);
#885=VECTOR('',#5955,0.97);
#886=VECTOR('',#5956,0.97);
#887=VECTOR('',#5959,0.97);
#888=VECTOR('',#5960,0.97);
#889=VECTOR('',#5961,0.97);
#890=VECTOR('',#5966,0.97);
#891=VECTOR('',#5971,0.97);
#892=VECTOR('',#5972,0.97);
#893=VECTOR('',#5973,0.97);
#894=VECTOR('',#5976,0.97);
#895=VECTOR('',#5977,0.97);
#896=VECTOR('',#5978,0.97);
#897=VECTOR('',#5981,0.97);
#898=VECTOR('',#5982,0.97);
#899=VECTOR('',#5983,0.97);
#900=VECTOR('',#5988,0.97);
#901=VECTOR('',#5993,0.97);
#902=VECTOR('',#5994,0.97);
#903=VECTOR('',#5995,0.97);
#904=VECTOR('',#5998,0.97);
#905=VECTOR('',#5999,0.97);
#906=VECTOR('',#6000,0.97);
#907=VECTOR('',#6003,0.97);
#908=VECTOR('',#6004,0.97);
#909=VECTOR('',#6005,0.97);
#910=VECTOR('',#6010,0.97);
#911=VECTOR('',#6015,0.97);
#912=VECTOR('',#6016,0.97);
#913=VECTOR('',#6017,0.97);
#914=VECTOR('',#6020,0.97);
#915=VECTOR('',#6021,0.97);
#916=VECTOR('',#6022,0.97);
#917=VECTOR('',#6025,0.97);
#918=VECTOR('',#6026,0.97);
#919=VECTOR('',#6027,0.97);
#920=VECTOR('',#6030,0.97);
#921=VECTOR('',#6031,0.97);
#922=VECTOR('',#6032,0.97);
#923=VECTOR('',#6033,0.97);
#924=VECTOR('',#6036,0.97);
#925=VECTOR('',#6037,0.97);
#926=VECTOR('',#6038,0.97);
#927=VECTOR('',#6041,0.97);
#928=VECTOR('',#6042,0.97);
#929=VECTOR('',#6043,0.97);
#930=VECTOR('',#6048,0.97);
#931=VECTOR('',#6053,0.97);
#932=VECTOR('',#6054,0.97);
#933=VECTOR('',#6055,0.97);
#934=VECTOR('',#6058,0.97);
#935=VECTOR('',#6059,0.97);
#936=VECTOR('',#6060,0.97);
#937=VECTOR('',#6063,0.97);
#938=VECTOR('',#6064,0.97);
#939=VECTOR('',#6065,0.97);
#940=VECTOR('',#6068,0.97);
#941=VECTOR('',#6069,0.97);
#942=VECTOR('',#6070,0.97);
#943=VECTOR('',#6073,0.97);
#944=VECTOR('',#6074,0.97);
#945=VECTOR('',#6075,0.97);
#946=VECTOR('',#6080,0.97);
#947=VECTOR('',#6085,0.97);
#948=VECTOR('',#6086,0.97);
#949=VECTOR('',#6087,0.97);
#950=VECTOR('',#6090,0.97);
#951=VECTOR('',#6091,0.97);
#952=VECTOR('',#6092,0.97);
#953=VECTOR('',#6095,0.97);
#954=VECTOR('',#6096,0.97);
#955=VECTOR('',#6097,0.97);
#956=VECTOR('',#6100,0.97);
#957=VECTOR('',#6101,0.97);
#958=VECTOR('',#6102,0.97);
#959=VECTOR('',#6105,0.97);
#960=VECTOR('',#6106,0.97);
#961=VECTOR('',#6107,0.97);
#962=VECTOR('',#6112,0.97);
#963=VECTOR('',#6117,0.97);
#964=VECTOR('',#6118,0.97);
#965=VECTOR('',#6119,0.97);
#966=VECTOR('',#6122,0.97);
#967=VECTOR('',#6123,0.97);
#968=VECTOR('',#6124,0.97);
#969=VECTOR('',#6127,0.97);
#970=VECTOR('',#6128,0.97);
#971=VECTOR('',#6129,0.97);
#972=VECTOR('',#6132,0.97);
#973=VECTOR('',#6133,0.97);
#974=VECTOR('',#6134,0.97);
#975=VECTOR('',#6137,0.97);
#976=VECTOR('',#6138,0.97);
#977=VECTOR('',#6139,0.97);
#978=VECTOR('',#6144,0.97);
#979=VECTOR('',#6149,0.97);
#980=VECTOR('',#6150,0.97);
#981=VECTOR('',#6151,0.97);
#982=VECTOR('',#6154,0.97);
#983=VECTOR('',#6155,0.97);
#984=VECTOR('',#6156,0.97);
#985=VECTOR('',#6159,0.97);
#986=VECTOR('',#6160,0.97);
#987=VECTOR('',#6161,0.97);
#988=VECTOR('',#6164,0.97);
#989=VECTOR('',#6165,0.97);
#990=VECTOR('',#6166,0.97);
#991=VECTOR('',#6169,0.97);
#992=VECTOR('',#6170,0.97);
#993=VECTOR('',#6171,0.97);
#994=VECTOR('',#6176,0.97);
#995=VECTOR('',#6181,0.97);
#996=VECTOR('',#6182,0.97);
#997=VECTOR('',#6183,0.97);
#998=VECTOR('',#6186,0.97);
#999=VECTOR('',#6187,0.97);
#1000=VECTOR('',#6188,0.97);
#1001=VECTOR('',#6191,0.97);
#1002=VECTOR('',#6192,0.97);
#1003=VECTOR('',#6193,0.97);
#1004=VECTOR('',#6196,0.97);
#1005=VECTOR('',#6197,0.97);
#1006=VECTOR('',#6198,0.97);
#1007=VECTOR('',#6201,0.97);
#1008=VECTOR('',#6202,0.97);
#1009=VECTOR('',#6203,0.97);
#1010=VECTOR('',#6208,0.97);
#1011=VECTOR('',#6213,0.97);
#1012=VECTOR('',#6214,0.97);
#1013=VECTOR('',#6215,0.97);
#1014=VECTOR('',#6218,0.97);
#1015=VECTOR('',#6219,0.97);
#1016=VECTOR('',#6220,0.97);
#1017=VECTOR('',#6223,0.97);
#1018=VECTOR('',#6224,0.97);
#1019=VECTOR('',#6225,0.97);
#1020=VECTOR('',#6228,0.97);
#1021=VECTOR('',#6229,0.97);
#1022=VECTOR('',#6230,0.97);
#1023=VECTOR('',#6233,0.97);
#1024=VECTOR('',#6234,0.97);
#1025=VECTOR('',#6235,0.97);
#1026=VECTOR('',#6240,0.97);
#1027=VECTOR('',#6245,0.97);
#1028=VECTOR('',#6246,0.97);
#1029=VECTOR('',#6247,0.97);
#1030=VECTOR('',#6250,0.97);
#1031=VECTOR('',#6251,0.97);
#1032=VECTOR('',#6252,0.97);
#1033=VECTOR('',#6255,0.97);
#1034=VECTOR('',#6256,0.97);
#1035=VECTOR('',#6257,0.97);
#1036=VECTOR('',#6260,0.97);
#1037=VECTOR('',#6261,0.97);
#1038=VECTOR('',#6262,0.97);
#1039=VECTOR('',#6265,0.97);
#1040=VECTOR('',#6266,0.97);
#1041=VECTOR('',#6267,0.97);
#1042=VECTOR('',#6272,0.97);
#1043=VECTOR('',#6277,0.97);
#1044=VECTOR('',#6278,0.97);
#1045=VECTOR('',#6279,0.97);
#1046=VECTOR('',#6282,0.97);
#1047=VECTOR('',#6283,0.97);
#1048=VECTOR('',#6284,0.97);
#1049=VECTOR('',#6287,0.97);
#1050=VECTOR('',#6288,0.97);
#1051=VECTOR('',#6289,0.97);
#1052=VECTOR('',#6292,0.97);
#1053=VECTOR('',#6293,0.97);
#1054=VECTOR('',#6294,0.97);
#1055=VECTOR('',#6297,0.97);
#1056=VECTOR('',#6298,0.97);
#1057=VECTOR('',#6299,0.97);
#1058=VECTOR('',#6304,0.97);
#1059=VECTOR('',#6309,0.97);
#1060=VECTOR('',#6310,0.97);
#1061=VECTOR('',#6311,0.97);
#1062=VECTOR('',#6314,0.97);
#1063=VECTOR('',#6315,0.97);
#1064=VECTOR('',#6316,0.97);
#1065=VECTOR('',#6319,0.97);
#1066=VECTOR('',#6320,0.97);
#1067=VECTOR('',#6321,0.97);
#1068=VECTOR('',#6324,0.97);
#1069=VECTOR('',#6325,0.97);
#1070=VECTOR('',#6326,0.97);
#1071=VECTOR('',#6329,0.97);
#1072=VECTOR('',#6330,0.97);
#1073=VECTOR('',#6331,0.97);
#1074=VECTOR('',#6336,0.97);
#1075=VECTOR('',#6341,0.97);
#1076=VECTOR('',#6342,0.97);
#1077=VECTOR('',#6343,0.97);
#1078=VECTOR('',#6346,0.97);
#1079=VECTOR('',#6347,0.97);
#1080=VECTOR('',#6348,0.97);
#1081=VECTOR('',#6351,0.97);
#1082=VECTOR('',#6352,0.97);
#1083=VECTOR('',#6353,0.97);
#1084=VECTOR('',#6356,0.97);
#1085=VECTOR('',#6357,0.97);
#1086=VECTOR('',#6358,0.97);
#1087=VECTOR('',#6361,0.97);
#1088=VECTOR('',#6362,0.97);
#1089=VECTOR('',#6363,0.97);
#1090=VECTOR('',#6368,0.97);
#1091=VECTOR('',#6373,0.97);
#1092=VECTOR('',#6374,0.97);
#1093=VECTOR('',#6375,0.97);
#1094=VECTOR('',#6378,0.97);
#1095=VECTOR('',#6379,0.97);
#1096=VECTOR('',#6380,0.97);
#1097=VECTOR('',#6383,0.97);
#1098=VECTOR('',#6384,0.97);
#1099=VECTOR('',#6385,0.97);
#1100=VECTOR('',#6388,0.97);
#1101=VECTOR('',#6389,0.97);
#1102=VECTOR('',#6390,0.97);
#1103=VECTOR('',#6393,0.97);
#1104=VECTOR('',#6394,0.97);
#1105=VECTOR('',#6395,0.97);
#1106=VECTOR('',#6400,0.97);
#1107=VECTOR('',#6405,0.97);
#1108=VECTOR('',#6406,0.97);
#1109=VECTOR('',#6407,0.97);
#1110=VECTOR('',#6410,0.97);
#1111=VECTOR('',#6411,0.97);
#1112=VECTOR('',#6412,0.97);
#1113=VECTOR('',#6417,0.97);
#1114=VECTOR('',#6422,0.97);
#1115=VECTOR('',#6423,0.97);
#1116=VECTOR('',#6424,0.97);
#1117=VECTOR('',#6427,0.97);
#1118=VECTOR('',#6428,0.97);
#1119=VECTOR('',#6429,0.97);
#1120=VECTOR('',#6432,0.97);
#1121=VECTOR('',#6433,0.97);
#1122=VECTOR('',#6434,0.97);
#1123=VECTOR('',#6439,0.97);
#1124=VECTOR('',#6444,0.97);
#1125=VECTOR('',#6445,0.97);
#1126=VECTOR('',#6446,0.97);
#1127=VECTOR('',#6449,0.97);
#1128=VECTOR('',#6450,0.97);
#1129=VECTOR('',#6451,0.97);
#1130=VECTOR('',#6454,0.97);
#1131=VECTOR('',#6455,0.97);
#1132=VECTOR('',#6456,0.97);
#1133=VECTOR('',#6461,0.97);
#1134=VECTOR('',#6466,0.97);
#1135=VECTOR('',#6467,0.97);
#1136=VECTOR('',#6468,0.97);
#1137=VECTOR('',#6471,0.97);
#1138=VECTOR('',#6472,0.97);
#1139=VECTOR('',#6473,0.97);
#1140=VECTOR('',#6476,0.97);
#1141=VECTOR('',#6477,0.97);
#1142=VECTOR('',#6478,0.97);
#1143=VECTOR('',#6483,0.97);
#1144=VECTOR('',#6488,0.97);
#1145=VECTOR('',#6489,0.97);
#1146=VECTOR('',#6490,0.97);
#1147=VECTOR('',#6493,0.97);
#1148=VECTOR('',#6494,0.97);
#1149=VECTOR('',#6495,0.97);
#1150=VECTOR('',#6498,0.97);
#1151=VECTOR('',#6499,0.97);
#1152=VECTOR('',#6500,0.97);
#1153=VECTOR('',#6505,0.97);
#1154=VECTOR('',#6510,0.97);
#1155=VECTOR('',#6511,0.97);
#1156=VECTOR('',#6512,0.97);
#1157=VECTOR('',#6515,0.97);
#1158=VECTOR('',#6516,0.97);
#1159=VECTOR('',#6517,0.97);
#1160=VECTOR('',#6520,0.97);
#1161=VECTOR('',#6521,0.97);
#1162=VECTOR('',#6522,0.97);
#1163=VECTOR('',#6527,0.97);
#1164=VECTOR('',#6532,0.97);
#1165=VECTOR('',#6533,0.97);
#1166=VECTOR('',#6534,0.97);
#1167=VECTOR('',#6537,0.97);
#1168=VECTOR('',#6538,0.97);
#1169=VECTOR('',#6539,0.97);
#1170=VECTOR('',#6542,0.97);
#1171=VECTOR('',#6543,0.97);
#1172=VECTOR('',#6546,0.97);
#1173=VECTOR('',#6547,0.97);
#1174=VECTOR('',#6548,0.97);
#1175=VECTOR('',#6551,0.97);
#1176=VECTOR('',#6552,0.97);
#1177=VECTOR('',#6553,0.97);
#1178=VECTOR('',#6556,0.97);
#1179=VECTOR('',#6557,0.97);
#1180=VECTOR('',#6558,0.97);
#1181=VECTOR('',#6563,0.97);
#1182=VECTOR('',#6568,0.97);
#1183=VECTOR('',#6569,0.97);
#1184=VECTOR('',#6570,0.97);
#1185=VECTOR('',#6573,0.97);
#1186=VECTOR('',#6574,0.97);
#1187=VECTOR('',#6575,0.97);
#1188=VECTOR('',#6578,0.97);
#1189=VECTOR('',#6579,0.97);
#1190=VECTOR('',#6580,0.97);
#1191=VECTOR('',#6583,0.97);
#1192=VECTOR('',#6584,0.97);
#1193=VECTOR('',#6585,0.97);
#1194=VECTOR('',#6588,0.97);
#1195=VECTOR('',#6589,0.97);
#1196=VECTOR('',#6590,0.97);
#1197=VECTOR('',#6595,0.97);
#1198=VECTOR('',#6600,0.97);
#1199=VECTOR('',#6601,0.97);
#1200=VECTOR('',#6602,0.97);
#1201=VECTOR('',#6605,0.97);
#1202=VECTOR('',#6606,0.97);
#1203=VECTOR('',#6607,0.97);
#1204=VECTOR('',#6610,0.97);
#1205=VECTOR('',#6611,0.97);
#1206=VECTOR('',#6612,0.97);
#1207=VECTOR('',#6615,0.97);
#1208=VECTOR('',#6616,0.97);
#1209=VECTOR('',#6617,0.97);
#1210=VECTOR('',#6620,0.97);
#1211=VECTOR('',#6621,0.97);
#1212=VECTOR('',#6622,0.97);
#1213=VECTOR('',#6627,0.97);
#1214=VECTOR('',#6632,0.97);
#1215=VECTOR('',#6633,0.97);
#1216=VECTOR('',#6634,0.97);
#1217=VECTOR('',#6637,0.97);
#1218=VECTOR('',#6638,0.97);
#1219=VECTOR('',#6639,0.97);
#1220=VECTOR('',#6642,0.97);
#1221=VECTOR('',#6643,0.97);
#1222=VECTOR('',#6644,0.97);
#1223=VECTOR('',#6647,0.97);
#1224=VECTOR('',#6648,0.97);
#1225=VECTOR('',#6649,0.97);
#1226=VECTOR('',#6652,0.97);
#1227=VECTOR('',#6653,0.97);
#1228=VECTOR('',#6654,0.97);
#1229=VECTOR('',#6659,0.97);
#1230=VECTOR('',#6664,0.97);
#1231=VECTOR('',#6665,0.97);
#1232=VECTOR('',#6666,0.97);
#1233=VECTOR('',#6669,0.97);
#1234=VECTOR('',#6670,0.97);
#1235=VECTOR('',#6671,0.97);
#1236=VECTOR('',#6674,0.97);
#1237=VECTOR('',#6675,0.97);
#1238=VECTOR('',#6676,0.97);
#1239=VECTOR('',#6679,0.97);
#1240=VECTOR('',#6680,0.97);
#1241=VECTOR('',#6681,0.97);
#1242=VECTOR('',#6684,0.97);
#1243=VECTOR('',#6685,0.97);
#1244=VECTOR('',#6686,0.97);
#1245=VECTOR('',#6691,0.97);
#1246=VECTOR('',#6696,0.97);
#1247=VECTOR('',#6697,0.97);
#1248=VECTOR('',#6698,0.97);
#1249=VECTOR('',#6701,0.97);
#1250=VECTOR('',#6702,0.97);
#1251=VECTOR('',#6703,0.97);
#1252=VECTOR('',#6706,0.97);
#1253=VECTOR('',#6707,0.97);
#1254=VECTOR('',#6708,0.97);
#1255=VECTOR('',#6711,0.97);
#1256=VECTOR('',#6712,0.97);
#1257=VECTOR('',#6713,0.97);
#1258=VECTOR('',#6716,0.97);
#1259=VECTOR('',#6717,0.97);
#1260=VECTOR('',#6718,0.97);
#1261=VECTOR('',#6723,0.97);
#1262=VECTOR('',#6728,0.97);
#1263=VECTOR('',#6729,0.97);
#1264=VECTOR('',#6730,0.97);
#1265=VECTOR('',#6733,0.97);
#1266=VECTOR('',#6734,0.97);
#1267=VECTOR('',#6735,0.97);
#1268=VECTOR('',#6738,0.97);
#1269=VECTOR('',#6739,0.97);
#1270=VECTOR('',#6740,0.97);
#1271=VECTOR('',#6743,0.97);
#1272=VECTOR('',#6744,0.97);
#1273=VECTOR('',#6745,0.97);
#1274=VECTOR('',#6748,0.97);
#1275=VECTOR('',#6749,0.97);
#1276=VECTOR('',#6750,0.97);
#1277=VECTOR('',#6755,0.97);
#1278=VECTOR('',#6760,0.97);
#1279=VECTOR('',#6761,0.97);
#1280=VECTOR('',#6762,0.97);
#1281=VECTOR('',#6765,0.97);
#1282=VECTOR('',#6766,0.97);
#1283=VECTOR('',#6767,0.97);
#1284=VECTOR('',#6770,0.97);
#1285=VECTOR('',#6771,0.97);
#1286=VECTOR('',#6772,0.97);
#1287=VECTOR('',#6775,0.97);
#1288=VECTOR('',#6776,0.97);
#1289=VECTOR('',#6777,0.97);
#1290=VECTOR('',#6780,0.97);
#1291=VECTOR('',#6781,0.97);
#1292=VECTOR('',#6782,0.97);
#1293=VECTOR('',#6787,0.97);
#1294=VECTOR('',#6792,0.97);
#1295=VECTOR('',#6793,0.97);
#1296=VECTOR('',#6794,0.97);
#1297=VECTOR('',#6797,0.97);
#1298=VECTOR('',#6798,0.97);
#1299=VECTOR('',#6799,0.97);
#1300=VECTOR('',#6802,0.97);
#1301=VECTOR('',#6803,0.97);
#1302=VECTOR('',#6804,0.97);
#1303=VECTOR('',#6807,0.97);
#1304=VECTOR('',#6808,0.97);
#1305=VECTOR('',#6809,0.97);
#1306=VECTOR('',#6812,0.97);
#1307=VECTOR('',#6813,0.97);
#1308=VECTOR('',#6814,0.97);
#1309=VECTOR('',#6819,0.97);
#1310=VECTOR('',#6824,0.97);
#1311=VECTOR('',#6825,0.97);
#1312=VECTOR('',#6826,0.97);
#1313=VECTOR('',#6829,0.97);
#1314=VECTOR('',#6830,0.97);
#1315=VECTOR('',#6831,0.97);
#1316=VECTOR('',#6834,0.97);
#1317=VECTOR('',#6835,0.97);
#1318=VECTOR('',#6836,0.97);
#1319=VECTOR('',#6839,0.97);
#1320=VECTOR('',#6840,0.97);
#1321=VECTOR('',#6841,0.97);
#1322=VECTOR('',#6844,0.97);
#1323=VECTOR('',#6845,0.97);
#1324=VECTOR('',#6846,0.97);
#1325=VECTOR('',#6851,0.97);
#1326=VECTOR('',#6856,0.97);
#1327=VECTOR('',#6857,0.97);
#1328=VECTOR('',#6858,0.97);
#1329=VECTOR('',#6861,0.97);
#1330=VECTOR('',#6862,0.97);
#1331=VECTOR('',#6863,0.97);
#1332=VECTOR('',#6866,0.97);
#1333=VECTOR('',#6867,0.97);
#1334=VECTOR('',#6868,0.97);
#1335=VECTOR('',#6871,0.97);
#1336=VECTOR('',#6872,0.97);
#1337=VECTOR('',#6873,0.97);
#1338=VECTOR('',#6876,0.97);
#1339=VECTOR('',#6877,0.97);
#1340=VECTOR('',#6878,0.97);
#1341=VECTOR('',#6883,0.97);
#1342=VECTOR('',#6888,0.97);
#1343=VECTOR('',#6889,0.97);
#1344=VECTOR('',#6890,0.97);
#1345=VECTOR('',#6893,0.97);
#1346=VECTOR('',#6894,0.97);
#1347=VECTOR('',#6895,0.97);
#1348=VECTOR('',#6898,0.97);
#1349=VECTOR('',#6899,0.97);
#1350=VECTOR('',#6900,0.97);
#1351=VECTOR('',#6903,0.97);
#1352=VECTOR('',#6904,0.97);
#1353=VECTOR('',#6905,0.97);
#1354=VECTOR('',#6908,0.97);
#1355=VECTOR('',#6909,0.97);
#1356=VECTOR('',#6910,0.97);
#1357=VECTOR('',#6915,0.97);
#1358=VECTOR('',#6920,0.97);
#1359=VECTOR('',#6921,0.97);
#1360=VECTOR('',#6922,0.97);
#1361=VECTOR('',#6925,0.97);
#1362=VECTOR('',#6926,0.97);
#1363=FACE_OUTER_BOUND('',#1619,.T.);
#1364=FACE_OUTER_BOUND('',#1621,.T.);
#1365=FACE_OUTER_BOUND('',#1622,.T.);
#1366=FACE_OUTER_BOUND('',#1623,.T.);
#1367=FACE_OUTER_BOUND('',#1624,.T.);
#1368=FACE_OUTER_BOUND('',#1626,.T.);
#1369=FACE_OUTER_BOUND('',#1627,.T.);
#1370=FACE_OUTER_BOUND('',#1629,.T.);
#1371=FACE_OUTER_BOUND('',#1630,.T.);
#1372=FACE_OUTER_BOUND('',#1631,.T.);
#1373=FACE_OUTER_BOUND('',#1632,.T.);
#1374=FACE_OUTER_BOUND('',#1633,.T.);
#1375=FACE_OUTER_BOUND('',#1634,.T.);
#1376=FACE_OUTER_BOUND('',#1635,.T.);
#1377=FACE_OUTER_BOUND('',#1636,.T.);
#1378=FACE_OUTER_BOUND('',#1637,.T.);
#1379=FACE_OUTER_BOUND('',#1638,.T.);
#1380=FACE_OUTER_BOUND('',#1639,.T.);
#1381=FACE_OUTER_BOUND('',#1640,.T.);
#1382=FACE_OUTER_BOUND('',#1641,.T.);
#1383=FACE_OUTER_BOUND('',#1642,.T.);
#1384=FACE_OUTER_BOUND('',#1643,.T.);
#1385=FACE_OUTER_BOUND('',#1644,.T.);
#1386=FACE_OUTER_BOUND('',#1645,.T.);
#1387=FACE_OUTER_BOUND('',#1646,.T.);
#1388=FACE_OUTER_BOUND('',#1647,.T.);
#1389=FACE_OUTER_BOUND('',#1648,.T.);
#1390=FACE_OUTER_BOUND('',#1649,.T.);
#1391=FACE_OUTER_BOUND('',#1650,.T.);
#1392=FACE_OUTER_BOUND('',#1651,.T.);
#1393=FACE_OUTER_BOUND('',#1652,.T.);
#1394=FACE_OUTER_BOUND('',#1653,.T.);
#1395=FACE_OUTER_BOUND('',#1654,.T.);
#1396=FACE_OUTER_BOUND('',#1655,.T.);
#1397=FACE_OUTER_BOUND('',#1656,.T.);
#1398=FACE_OUTER_BOUND('',#1657,.T.);
#1399=FACE_OUTER_BOUND('',#1658,.T.);
#1400=FACE_OUTER_BOUND('',#1659,.T.);
#1401=FACE_OUTER_BOUND('',#1660,.T.);
#1402=FACE_OUTER_BOUND('',#1661,.T.);
#1403=FACE_OUTER_BOUND('',#1662,.T.);
#1404=FACE_OUTER_BOUND('',#1663,.T.);
#1405=FACE_OUTER_BOUND('',#1664,.T.);
#1406=FACE_OUTER_BOUND('',#1665,.T.);
#1407=FACE_OUTER_BOUND('',#1666,.T.);
#1408=FACE_OUTER_BOUND('',#1667,.T.);
#1409=FACE_OUTER_BOUND('',#1668,.T.);
#1410=FACE_OUTER_BOUND('',#1669,.T.);
#1411=FACE_OUTER_BOUND('',#1670,.T.);
#1412=FACE_OUTER_BOUND('',#1671,.T.);
#1413=FACE_OUTER_BOUND('',#1672,.T.);
#1414=FACE_OUTER_BOUND('',#1673,.T.);
#1415=FACE_OUTER_BOUND('',#1674,.T.);
#1416=FACE_OUTER_BOUND('',#1675,.T.);
#1417=FACE_OUTER_BOUND('',#1676,.T.);
#1418=FACE_OUTER_BOUND('',#1677,.T.);
#1419=FACE_OUTER_BOUND('',#1679,.T.);
#1420=FACE_OUTER_BOUND('',#1681,.T.);
#1421=FACE_OUTER_BOUND('',#1682,.T.);
#1422=FACE_OUTER_BOUND('',#1683,.T.);
#1423=FACE_OUTER_BOUND('',#1684,.T.);
#1424=FACE_OUTER_BOUND('',#1685,.T.);
#1425=FACE_OUTER_BOUND('',#1686,.T.);
#1426=FACE_OUTER_BOUND('',#1687,.T.);
#1427=FACE_OUTER_BOUND('',#1688,.T.);
#1428=FACE_OUTER_BOUND('',#1689,.T.);
#1429=FACE_OUTER_BOUND('',#1690,.T.);
#1430=FACE_OUTER_BOUND('',#1691,.T.);
#1431=FACE_OUTER_BOUND('',#1692,.T.);
#1432=FACE_OUTER_BOUND('',#1693,.T.);
#1433=FACE_OUTER_BOUND('',#1694,.T.);
#1434=FACE_OUTER_BOUND('',#1695,.T.);
#1435=FACE_OUTER_BOUND('',#1696,.T.);
#1436=FACE_OUTER_BOUND('',#1697,.T.);
#1437=FACE_OUTER_BOUND('',#1698,.T.);
#1438=FACE_OUTER_BOUND('',#1699,.T.);
#1439=FACE_OUTER_BOUND('',#1700,.T.);
#1440=FACE_OUTER_BOUND('',#1701,.T.);
#1441=FACE_OUTER_BOUND('',#1702,.T.);
#1442=FACE_OUTER_BOUND('',#1703,.T.);
#1443=FACE_OUTER_BOUND('',#1704,.T.);
#1444=FACE_OUTER_BOUND('',#1705,.T.);
#1445=FACE_OUTER_BOUND('',#1706,.T.);
#1446=FACE_OUTER_BOUND('',#1707,.T.);
#1447=FACE_OUTER_BOUND('',#1708,.T.);
#1448=FACE_OUTER_BOUND('',#1709,.T.);
#1449=FACE_OUTER_BOUND('',#1710,.T.);
#1450=FACE_OUTER_BOUND('',#1711,.T.);
#1451=FACE_OUTER_BOUND('',#1712,.T.);
#1452=FACE_OUTER_BOUND('',#1713,.T.);
#1453=FACE_OUTER_BOUND('',#1714,.T.);
#1454=FACE_OUTER_BOUND('',#1715,.T.);
#1455=FACE_OUTER_BOUND('',#1716,.T.);
#1456=FACE_OUTER_BOUND('',#1717,.T.);
#1457=FACE_OUTER_BOUND('',#1718,.T.);
#1458=FACE_OUTER_BOUND('',#1719,.T.);
#1459=FACE_OUTER_BOUND('',#1720,.T.);
#1460=FACE_OUTER_BOUND('',#1721,.T.);
#1461=FACE_OUTER_BOUND('',#1722,.T.);
#1462=FACE_OUTER_BOUND('',#1723,.T.);
#1463=FACE_OUTER_BOUND('',#1724,.T.);
#1464=FACE_OUTER_BOUND('',#1725,.T.);
#1465=FACE_OUTER_BOUND('',#1726,.T.);
#1466=FACE_OUTER_BOUND('',#1727,.T.);
#1467=FACE_OUTER_BOUND('',#1728,.T.);
#1468=FACE_OUTER_BOUND('',#1729,.T.);
#1469=FACE_OUTER_BOUND('',#1730,.T.);
#1470=FACE_OUTER_BOUND('',#1731,.T.);
#1471=FACE_OUTER_BOUND('',#1732,.T.);
#1472=FACE_OUTER_BOUND('',#1733,.T.);
#1473=FACE_OUTER_BOUND('',#1734,.T.);
#1474=FACE_OUTER_BOUND('',#1735,.T.);
#1475=FACE_OUTER_BOUND('',#1736,.T.);
#1476=FACE_OUTER_BOUND('',#1737,.T.);
#1477=FACE_OUTER_BOUND('',#1738,.T.);
#1478=FACE_OUTER_BOUND('',#1739,.T.);
#1479=FACE_OUTER_BOUND('',#1740,.T.);
#1480=FACE_OUTER_BOUND('',#1741,.T.);
#1481=FACE_OUTER_BOUND('',#1742,.T.);
#1482=FACE_OUTER_BOUND('',#1743,.T.);
#1483=FACE_OUTER_BOUND('',#1744,.T.);
#1484=FACE_OUTER_BOUND('',#1745,.T.);
#1485=FACE_OUTER_BOUND('',#1746,.T.);
#1486=FACE_OUTER_BOUND('',#1747,.T.);
#1487=FACE_OUTER_BOUND('',#1748,.T.);
#1488=FACE_OUTER_BOUND('',#1749,.T.);
#1489=FACE_OUTER_BOUND('',#1750,.T.);
#1490=FACE_OUTER_BOUND('',#1751,.T.);
#1491=FACE_OUTER_BOUND('',#1752,.T.);
#1492=FACE_OUTER_BOUND('',#1753,.T.);
#1493=FACE_OUTER_BOUND('',#1754,.T.);
#1494=FACE_OUTER_BOUND('',#1755,.T.);
#1495=FACE_OUTER_BOUND('',#1756,.T.);
#1496=FACE_OUTER_BOUND('',#1757,.T.);
#1497=FACE_OUTER_BOUND('',#1758,.T.);
#1498=FACE_OUTER_BOUND('',#1759,.T.);
#1499=FACE_OUTER_BOUND('',#1760,.T.);
#1500=FACE_OUTER_BOUND('',#1761,.T.);
#1501=FACE_OUTER_BOUND('',#1762,.T.);
#1502=FACE_OUTER_BOUND('',#1763,.T.);
#1503=FACE_OUTER_BOUND('',#1764,.T.);
#1504=FACE_OUTER_BOUND('',#1765,.T.);
#1505=FACE_OUTER_BOUND('',#1766,.T.);
#1506=FACE_OUTER_BOUND('',#1767,.T.);
#1507=FACE_OUTER_BOUND('',#1768,.T.);
#1508=FACE_OUTER_BOUND('',#1769,.T.);
#1509=FACE_OUTER_BOUND('',#1770,.T.);
#1510=FACE_OUTER_BOUND('',#1771,.T.);
#1511=FACE_OUTER_BOUND('',#1772,.T.);
#1512=FACE_OUTER_BOUND('',#1773,.T.);
#1513=FACE_OUTER_BOUND('',#1774,.T.);
#1514=FACE_OUTER_BOUND('',#1775,.T.);
#1515=FACE_OUTER_BOUND('',#1776,.T.);
#1516=FACE_OUTER_BOUND('',#1777,.T.);
#1517=FACE_OUTER_BOUND('',#1778,.T.);
#1518=FACE_OUTER_BOUND('',#1779,.T.);
#1519=FACE_OUTER_BOUND('',#1780,.T.);
#1520=FACE_OUTER_BOUND('',#1781,.T.);
#1521=FACE_OUTER_BOUND('',#1782,.T.);
#1522=FACE_OUTER_BOUND('',#1783,.T.);
#1523=FACE_OUTER_BOUND('',#1784,.T.);
#1524=FACE_OUTER_BOUND('',#1785,.T.);
#1525=FACE_OUTER_BOUND('',#1786,.T.);
#1526=FACE_OUTER_BOUND('',#1787,.T.);
#1527=FACE_OUTER_BOUND('',#1788,.T.);
#1528=FACE_OUTER_BOUND('',#1789,.T.);
#1529=FACE_OUTER_BOUND('',#1790,.T.);
#1530=FACE_OUTER_BOUND('',#1791,.T.);
#1531=FACE_OUTER_BOUND('',#1792,.T.);
#1532=FACE_OUTER_BOUND('',#1793,.T.);
#1533=FACE_OUTER_BOUND('',#1794,.T.);
#1534=FACE_OUTER_BOUND('',#1795,.T.);
#1535=FACE_OUTER_BOUND('',#1796,.T.);
#1536=FACE_OUTER_BOUND('',#1797,.T.);
#1537=FACE_OUTER_BOUND('',#1798,.T.);
#1538=FACE_OUTER_BOUND('',#1799,.T.);
#1539=FACE_OUTER_BOUND('',#1800,.T.);
#1540=FACE_OUTER_BOUND('',#1801,.T.);
#1541=FACE_OUTER_BOUND('',#1802,.T.);
#1542=FACE_OUTER_BOUND('',#1803,.T.);
#1543=FACE_OUTER_BOUND('',#1804,.T.);
#1544=FACE_OUTER_BOUND('',#1805,.T.);
#1545=FACE_OUTER_BOUND('',#1806,.T.);
#1546=FACE_OUTER_BOUND('',#1807,.T.);
#1547=FACE_OUTER_BOUND('',#1808,.T.);
#1548=FACE_OUTER_BOUND('',#1809,.T.);
#1549=FACE_OUTER_BOUND('',#1810,.T.);
#1550=FACE_OUTER_BOUND('',#1811,.T.);
#1551=FACE_OUTER_BOUND('',#1812,.T.);
#1552=FACE_OUTER_BOUND('',#1813,.T.);
#1553=FACE_OUTER_BOUND('',#1814,.T.);
#1554=FACE_OUTER_BOUND('',#1815,.T.);
#1555=FACE_OUTER_BOUND('',#1816,.T.);
#1556=FACE_OUTER_BOUND('',#1817,.T.);
#1557=FACE_OUTER_BOUND('',#1818,.T.);
#1558=FACE_OUTER_BOUND('',#1819,.T.);
#1559=FACE_OUTER_BOUND('',#1820,.T.);
#1560=FACE_OUTER_BOUND('',#1821,.T.);
#1561=FACE_OUTER_BOUND('',#1822,.T.);
#1562=FACE_OUTER_BOUND('',#1823,.T.);
#1563=FACE_OUTER_BOUND('',#1824,.T.);
#1564=FACE_OUTER_BOUND('',#1825,.T.);
#1565=FACE_OUTER_BOUND('',#1826,.T.);
#1566=FACE_OUTER_BOUND('',#1827,.T.);
#1567=FACE_OUTER_BOUND('',#1828,.T.);
#1568=FACE_OUTER_BOUND('',#1829,.T.);
#1569=FACE_OUTER_BOUND('',#1830,.T.);
#1570=FACE_OUTER_BOUND('',#1831,.T.);
#1571=FACE_OUTER_BOUND('',#1832,.T.);
#1572=FACE_OUTER_BOUND('',#1833,.T.);
#1573=FACE_OUTER_BOUND('',#1834,.T.);
#1574=FACE_OUTER_BOUND('',#1835,.T.);
#1575=FACE_OUTER_BOUND('',#1836,.T.);
#1576=FACE_OUTER_BOUND('',#1837,.T.);
#1577=FACE_OUTER_BOUND('',#1838,.T.);
#1578=FACE_OUTER_BOUND('',#1839,.T.);
#1579=FACE_OUTER_BOUND('',#1840,.T.);
#1580=FACE_OUTER_BOUND('',#1841,.T.);
#1581=FACE_OUTER_BOUND('',#1842,.T.);
#1582=FACE_OUTER_BOUND('',#1843,.T.);
#1583=FACE_OUTER_BOUND('',#1844,.T.);
#1584=FACE_OUTER_BOUND('',#1845,.T.);
#1585=FACE_OUTER_BOUND('',#1846,.T.);
#1586=FACE_OUTER_BOUND('',#1847,.T.);
#1587=FACE_OUTER_BOUND('',#1848,.T.);
#1588=FACE_OUTER_BOUND('',#1849,.T.);
#1589=FACE_OUTER_BOUND('',#1850,.T.);
#1590=FACE_OUTER_BOUND('',#1851,.T.);
#1591=FACE_OUTER_BOUND('',#1852,.T.);
#1592=FACE_OUTER_BOUND('',#1853,.T.);
#1593=FACE_OUTER_BOUND('',#1854,.T.);
#1594=FACE_OUTER_BOUND('',#1855,.T.);
#1595=FACE_OUTER_BOUND('',#1856,.T.);
#1596=FACE_OUTER_BOUND('',#1857,.T.);
#1597=FACE_OUTER_BOUND('',#1858,.T.);
#1598=FACE_OUTER_BOUND('',#1859,.T.);
#1599=FACE_OUTER_BOUND('',#1860,.T.);
#1600=FACE_OUTER_BOUND('',#1861,.T.);
#1601=FACE_OUTER_BOUND('',#1862,.T.);
#1602=FACE_OUTER_BOUND('',#1863,.T.);
#1603=FACE_OUTER_BOUND('',#1864,.T.);
#1604=FACE_OUTER_BOUND('',#1865,.T.);
#1605=FACE_OUTER_BOUND('',#1866,.T.);
#1606=FACE_OUTER_BOUND('',#1867,.T.);
#1607=FACE_OUTER_BOUND('',#1868,.T.);
#1608=FACE_OUTER_BOUND('',#1869,.T.);
#1609=FACE_OUTER_BOUND('',#1870,.T.);
#1610=FACE_OUTER_BOUND('',#1871,.T.);
#1611=FACE_OUTER_BOUND('',#1872,.T.);
#1612=FACE_OUTER_BOUND('',#1873,.T.);
#1613=FACE_OUTER_BOUND('',#1874,.T.);
#1614=FACE_OUTER_BOUND('',#1875,.T.);
#1615=FACE_OUTER_BOUND('',#1876,.T.);
#1616=FACE_OUTER_BOUND('',#1877,.T.);
#1617=FACE_OUTER_BOUND('',#1878,.T.);
#1618=FACE_OUTER_BOUND('',#1880,.T.);
#1619=EDGE_LOOP('',(#3234));
#1620=EDGE_LOOP('',(#3235,#3236,#3237,#3238));
#1621=EDGE_LOOP('',(#3239,#3240,#3241,#3242));
#1622=EDGE_LOOP('',(#3243,#3244,#3245,#3246));
#1623=EDGE_LOOP('',(#3247,#3248,#3249,#3250,#3251));
#1624=EDGE_LOOP('',(#3252,#3253,#3254,#3255));
#1625=EDGE_LOOP('',(#3256,#3257));
#1626=EDGE_LOOP('',(#3258,#3259,#3260,#3261));
#1627=EDGE_LOOP('',(#3262,#3263,#3264,#3265));
#1628=EDGE_LOOP('',(#3266));
#1629=EDGE_LOOP('',(#3267,#3268,#3269,#3270));
#1630=EDGE_LOOP('',(#3271,#3272,#3273,#3274));
#1631=EDGE_LOOP('',(#3275,#3276,#3277,#3278));
#1632=EDGE_LOOP('',(#3279,#3280,#3281,#3282));
#1633=EDGE_LOOP('',(#3283,#3284,#3285,#3286));
#1634=EDGE_LOOP('',(#3287,#3288,#3289,#3290));
#1635=EDGE_LOOP('',(#3291,#3292,#3293,#3294));
#1636=EDGE_LOOP('',(#3295,#3296,#3297,#3298));
#1637=EDGE_LOOP('',(#3299,#3300,#3301,#3302));
#1638=EDGE_LOOP('',(#3303,#3304,#3305,#3306));
#1639=EDGE_LOOP('',(#3307,#3308,#3309,#3310));
#1640=EDGE_LOOP('',(#3311,#3312,#3313,#3314));
#1641=EDGE_LOOP('',(#3315,#3316,#3317,#3318));
#1642=EDGE_LOOP('',(#3319,#3320,#3321,#3322));
#1643=EDGE_LOOP('',(#3323,#3324,#3325,#3326));
#1644=EDGE_LOOP('',(#3327,#3328,#3329,#3330));
#1645=EDGE_LOOP('',(#3331,#3332,#3333,#3334));
#1646=EDGE_LOOP('',(#3335,#3336,#3337,#3338));
#1647=EDGE_LOOP('',(#3339,#3340,#3341,#3342));
#1648=EDGE_LOOP('',(#3343,#3344,#3345,#3346));
#1649=EDGE_LOOP('',(#3347,#3348,#3349,#3350));
#1650=EDGE_LOOP('',(#3351,#3352,#3353,#3354));
#1651=EDGE_LOOP('',(#3355,#3356,#3357,#3358));
#1652=EDGE_LOOP('',(#3359,#3360,#3361,#3362));
#1653=EDGE_LOOP('',(#3363,#3364,#3365,#3366));
#1654=EDGE_LOOP('',(#3367,#3368,#3369,#3370));
#1655=EDGE_LOOP('',(#3371,#3372,#3373,#3374));
#1656=EDGE_LOOP('',(#3375,#3376,#3377,#3378));
#1657=EDGE_LOOP('',(#3379,#3380,#3381,#3382));
#1658=EDGE_LOOP('',(#3383,#3384,#3385,#3386));
#1659=EDGE_LOOP('',(#3387,#3388,#3389,#3390));
#1660=EDGE_LOOP('',(#3391,#3392,#3393,#3394));
#1661=EDGE_LOOP('',(#3395,#3396,#3397,#3398));
#1662=EDGE_LOOP('',(#3399,#3400,#3401,#3402));
#1663=EDGE_LOOP('',(#3403,#3404,#3405,#3406));
#1664=EDGE_LOOP('',(#3407,#3408,#3409,#3410));
#1665=EDGE_LOOP('',(#3411,#3412,#3413,#3414));
#1666=EDGE_LOOP('',(#3415,#3416,#3417,#3418));
#1667=EDGE_LOOP('',(#3419,#3420,#3421,#3422));
#1668=EDGE_LOOP('',(#3423,#3424,#3425,#3426));
#1669=EDGE_LOOP('',(#3427,#3428,#3429,#3430));
#1670=EDGE_LOOP('',(#3431,#3432,#3433,#3434));
#1671=EDGE_LOOP('',(#3435,#3436,#3437,#3438));
#1672=EDGE_LOOP('',(#3439,#3440,#3441,#3442));
#1673=EDGE_LOOP('',(#3443,#3444,#3445,#3446));
#1674=EDGE_LOOP('',(#3447,#3448,#3449,#3450));
#1675=EDGE_LOOP('',(#3451,#3452,#3453,#3454));
#1676=EDGE_LOOP('',(#3455,#3456,#3457,#3458));
#1677=EDGE_LOOP('',(#3459,#3460,#3461,#3462,#3463,#3464,#3465,#3466,#3467,
#3468,#3469,#3470,#3471,#3472,#3473,#3474,#3475,#3476,#3477,#3478,#3479,
#3480,#3481,#3482,#3483,#3484,#3485,#3486,#3487,#3488,#3489,#3490,#3491,
#3492,#3493,#3494,#3495,#3496,#3497,#3498,#3499,#3500,#3501,#3502,#3503,
#3504,#3505,#3506));
#1678=EDGE_LOOP('',(#3507));
#1679=EDGE_LOOP('',(#3508,#3509,#3510,#3511,#3512,#3513,#3514,#3515,#3516,
#3517,#3518,#3519,#3520,#3521,#3522,#3523,#3524,#3525,#3526,#3527,#3528,
#3529,#3530,#3531,#3532,#3533,#3534,#3535,#3536,#3537,#3538,#3539,#3540,
#3541,#3542,#3543,#3544,#3545,#3546,#3547,#3548,#3549,#3550,#3551,#3552,
#3553,#3554,#3555));
#1680=EDGE_LOOP('',(#3556,#3557,#3558,#3559));
#1681=EDGE_LOOP('',(#3560,#3561,#3562));
#1682=EDGE_LOOP('',(#3563,#3564,#3565));
#1683=EDGE_LOOP('',(#3566,#3567,#3568,#3569));
#1684=EDGE_LOOP('',(#3570,#3571,#3572,#3573));
#1685=EDGE_LOOP('',(#3574,#3575,#3576,#3577));
#1686=EDGE_LOOP('',(#3578,#3579,#3580,#3581));
#1687=EDGE_LOOP('',(#3582,#3583,#3584,#3585));
#1688=EDGE_LOOP('',(#3586,#3587,#3588,#3589));
#1689=EDGE_LOOP('',(#3590,#3591,#3592,#3593));
#1690=EDGE_LOOP('',(#3594,#3595,#3596,#3597));
#1691=EDGE_LOOP('',(#3598,#3599,#3600,#3601));
#1692=EDGE_LOOP('',(#3602,#3603,#3604,#3605));
#1693=EDGE_LOOP('',(#3606,#3607,#3608,#3609));
#1694=EDGE_LOOP('',(#3610,#3611,#3612,#3613));
#1695=EDGE_LOOP('',(#3614,#3615,#3616,#3617));
#1696=EDGE_LOOP('',(#3618,#3619,#3620,#3621));
#1697=EDGE_LOOP('',(#3622,#3623,#3624,#3625));
#1698=EDGE_LOOP('',(#3626,#3627,#3628,#3629));
#1699=EDGE_LOOP('',(#3630,#3631,#3632,#3633));
#1700=EDGE_LOOP('',(#3634,#3635,#3636,#3637));
#1701=EDGE_LOOP('',(#3638,#3639,#3640,#3641));
#1702=EDGE_LOOP('',(#3642,#3643,#3644,#3645));
#1703=EDGE_LOOP('',(#3646,#3647,#3648,#3649));
#1704=EDGE_LOOP('',(#3650,#3651,#3652,#3653));
#1705=EDGE_LOOP('',(#3654,#3655,#3656,#3657));
#1706=EDGE_LOOP('',(#3658,#3659,#3660,#3661));
#1707=EDGE_LOOP('',(#3662,#3663,#3664,#3665));
#1708=EDGE_LOOP('',(#3666,#3667,#3668,#3669));
#1709=EDGE_LOOP('',(#3670,#3671,#3672,#3673));
#1710=EDGE_LOOP('',(#3674,#3675,#3676,#3677));
#1711=EDGE_LOOP('',(#3678,#3679,#3680,#3681));
#1712=EDGE_LOOP('',(#3682,#3683,#3684,#3685));
#1713=EDGE_LOOP('',(#3686,#3687,#3688,#3689));
#1714=EDGE_LOOP('',(#3690,#3691,#3692,#3693));
#1715=EDGE_LOOP('',(#3694,#3695,#3696,#3697));
#1716=EDGE_LOOP('',(#3698,#3699,#3700,#3701));
#1717=EDGE_LOOP('',(#3702,#3703,#3704,#3705));
#1718=EDGE_LOOP('',(#3706,#3707,#3708,#3709));
#1719=EDGE_LOOP('',(#3710,#3711,#3712,#3713));
#1720=EDGE_LOOP('',(#3714,#3715,#3716,#3717));
#1721=EDGE_LOOP('',(#3718,#3719,#3720,#3721));
#1722=EDGE_LOOP('',(#3722,#3723,#3724,#3725));
#1723=EDGE_LOOP('',(#3726,#3727,#3728,#3729));
#1724=EDGE_LOOP('',(#3730,#3731,#3732,#3733));
#1725=EDGE_LOOP('',(#3734,#3735,#3736,#3737));
#1726=EDGE_LOOP('',(#3738,#3739,#3740,#3741));
#1727=EDGE_LOOP('',(#3742,#3743,#3744,#3745));
#1728=EDGE_LOOP('',(#3746,#3747,#3748,#3749));
#1729=EDGE_LOOP('',(#3750,#3751,#3752,#3753));
#1730=EDGE_LOOP('',(#3754,#3755,#3756,#3757));
#1731=EDGE_LOOP('',(#3758,#3759,#3760,#3761));
#1732=EDGE_LOOP('',(#3762,#3763,#3764,#3765));
#1733=EDGE_LOOP('',(#3766,#3767,#3768,#3769));
#1734=EDGE_LOOP('',(#3770,#3771,#3772,#3773));
#1735=EDGE_LOOP('',(#3774,#3775,#3776,#3777));
#1736=EDGE_LOOP('',(#3778,#3779,#3780,#3781));
#1737=EDGE_LOOP('',(#3782,#3783,#3784,#3785));
#1738=EDGE_LOOP('',(#3786,#3787,#3788,#3789));
#1739=EDGE_LOOP('',(#3790,#3791,#3792,#3793));
#1740=EDGE_LOOP('',(#3794,#3795,#3796,#3797));
#1741=EDGE_LOOP('',(#3798,#3799,#3800,#3801));
#1742=EDGE_LOOP('',(#3802,#3803,#3804,#3805));
#1743=EDGE_LOOP('',(#3806,#3807,#3808,#3809));
#1744=EDGE_LOOP('',(#3810,#3811,#3812,#3813));
#1745=EDGE_LOOP('',(#3814,#3815,#3816,#3817));
#1746=EDGE_LOOP('',(#3818,#3819,#3820,#3821));
#1747=EDGE_LOOP('',(#3822,#3823,#3824,#3825));
#1748=EDGE_LOOP('',(#3826,#3827,#3828,#3829));
#1749=EDGE_LOOP('',(#3830,#3831,#3832,#3833));
#1750=EDGE_LOOP('',(#3834,#3835,#3836,#3837));
#1751=EDGE_LOOP('',(#3838,#3839,#3840,#3841));
#1752=EDGE_LOOP('',(#3842,#3843,#3844,#3845));
#1753=EDGE_LOOP('',(#3846,#3847,#3848,#3849));
#1754=EDGE_LOOP('',(#3850,#3851,#3852,#3853));
#1755=EDGE_LOOP('',(#3854,#3855,#3856,#3857));
#1756=EDGE_LOOP('',(#3858,#3859,#3860,#3861));
#1757=EDGE_LOOP('',(#3862,#3863,#3864,#3865));
#1758=EDGE_LOOP('',(#3866,#3867,#3868,#3869));
#1759=EDGE_LOOP('',(#3870,#3871,#3872,#3873));
#1760=EDGE_LOOP('',(#3874,#3875,#3876,#3877));
#1761=EDGE_LOOP('',(#3878,#3879,#3880,#3881));
#1762=EDGE_LOOP('',(#3882,#3883,#3884,#3885));
#1763=EDGE_LOOP('',(#3886,#3887,#3888,#3889));
#1764=EDGE_LOOP('',(#3890,#3891,#3892,#3893));
#1765=EDGE_LOOP('',(#3894,#3895,#3896,#3897));
#1766=EDGE_LOOP('',(#3898,#3899,#3900,#3901));
#1767=EDGE_LOOP('',(#3902,#3903,#3904,#3905));
#1768=EDGE_LOOP('',(#3906,#3907,#3908,#3909));
#1769=EDGE_LOOP('',(#3910,#3911,#3912,#3913));
#1770=EDGE_LOOP('',(#3914,#3915,#3916,#3917));
#1771=EDGE_LOOP('',(#3918,#3919,#3920,#3921));
#1772=EDGE_LOOP('',(#3922,#3923,#3924,#3925));
#1773=EDGE_LOOP('',(#3926,#3927,#3928,#3929));
#1774=EDGE_LOOP('',(#3930,#3931,#3932,#3933));
#1775=EDGE_LOOP('',(#3934,#3935,#3936,#3937));
#1776=EDGE_LOOP('',(#3938,#3939,#3940,#3941));
#1777=EDGE_LOOP('',(#3942,#3943,#3944,#3945));
#1778=EDGE_LOOP('',(#3946,#3947,#3948,#3949));
#1779=EDGE_LOOP('',(#3950,#3951,#3952,#3953));
#1780=EDGE_LOOP('',(#3954,#3955,#3956,#3957));
#1781=EDGE_LOOP('',(#3958,#3959,#3960,#3961));
#1782=EDGE_LOOP('',(#3962,#3963,#3964,#3965));
#1783=EDGE_LOOP('',(#3966,#3967,#3968,#3969));
#1784=EDGE_LOOP('',(#3970,#3971,#3972,#3973));
#1785=EDGE_LOOP('',(#3974,#3975,#3976,#3977));
#1786=EDGE_LOOP('',(#3978,#3979,#3980,#3981));
#1787=EDGE_LOOP('',(#3982,#3983,#3984,#3985));
#1788=EDGE_LOOP('',(#3986,#3987,#3988,#3989));
#1789=EDGE_LOOP('',(#3990,#3991,#3992,#3993));
#1790=EDGE_LOOP('',(#3994,#3995,#3996,#3997));
#1791=EDGE_LOOP('',(#3998,#3999,#4000,#4001));
#1792=EDGE_LOOP('',(#4002,#4003,#4004,#4005));
#1793=EDGE_LOOP('',(#4006,#4007,#4008,#4009));
#1794=EDGE_LOOP('',(#4010,#4011,#4012,#4013));
#1795=EDGE_LOOP('',(#4014,#4015,#4016,#4017));
#1796=EDGE_LOOP('',(#4018,#4019,#4020,#4021));
#1797=EDGE_LOOP('',(#4022,#4023,#4024,#4025));
#1798=EDGE_LOOP('',(#4026,#4027,#4028,#4029));
#1799=EDGE_LOOP('',(#4030,#4031,#4032,#4033));
#1800=EDGE_LOOP('',(#4034,#4035,#4036,#4037));
#1801=EDGE_LOOP('',(#4038,#4039,#4040,#4041));
#1802=EDGE_LOOP('',(#4042,#4043,#4044,#4045));
#1803=EDGE_LOOP('',(#4046,#4047,#4048,#4049));
#1804=EDGE_LOOP('',(#4050,#4051,#4052,#4053));
#1805=EDGE_LOOP('',(#4054,#4055,#4056,#4057));
#1806=EDGE_LOOP('',(#4058,#4059,#4060,#4061));
#1807=EDGE_LOOP('',(#4062,#4063,#4064,#4065));
#1808=EDGE_LOOP('',(#4066,#4067,#4068,#4069));
#1809=EDGE_LOOP('',(#4070,#4071,#4072,#4073));
#1810=EDGE_LOOP('',(#4074,#4075,#4076,#4077));
#1811=EDGE_LOOP('',(#4078,#4079,#4080,#4081));
#1812=EDGE_LOOP('',(#4082,#4083,#4084,#4085));
#1813=EDGE_LOOP('',(#4086,#4087,#4088,#4089));
#1814=EDGE_LOOP('',(#4090,#4091,#4092,#4093));
#1815=EDGE_LOOP('',(#4094,#4095,#4096,#4097));
#1816=EDGE_LOOP('',(#4098,#4099,#4100,#4101));
#1817=EDGE_LOOP('',(#4102,#4103,#4104,#4105));
#1818=EDGE_LOOP('',(#4106,#4107,#4108,#4109));
#1819=EDGE_LOOP('',(#4110,#4111,#4112,#4113));
#1820=EDGE_LOOP('',(#4114,#4115,#4116,#4117));
#1821=EDGE_LOOP('',(#4118,#4119,#4120,#4121));
#1822=EDGE_LOOP('',(#4122,#4123,#4124,#4125));
#1823=EDGE_LOOP('',(#4126,#4127,#4128,#4129));
#1824=EDGE_LOOP('',(#4130,#4131,#4132,#4133));
#1825=EDGE_LOOP('',(#4134,#4135,#4136,#4137));
#1826=EDGE_LOOP('',(#4138,#4139,#4140,#4141));
#1827=EDGE_LOOP('',(#4142,#4143,#4144,#4145));
#1828=EDGE_LOOP('',(#4146,#4147,#4148,#4149));
#1829=EDGE_LOOP('',(#4150,#4151,#4152,#4153));
#1830=EDGE_LOOP('',(#4154,#4155,#4156,#4157));
#1831=EDGE_LOOP('',(#4158,#4159,#4160,#4161));
#1832=EDGE_LOOP('',(#4162,#4163,#4164,#4165));
#1833=EDGE_LOOP('',(#4166,#4167,#4168,#4169));
#1834=EDGE_LOOP('',(#4170,#4171,#4172,#4173));
#1835=EDGE_LOOP('',(#4174,#4175,#4176,#4177));
#1836=EDGE_LOOP('',(#4178,#4179,#4180,#4181));
#1837=EDGE_LOOP('',(#4182,#4183,#4184,#4185));
#1838=EDGE_LOOP('',(#4186,#4187,#4188,#4189));
#1839=EDGE_LOOP('',(#4190,#4191,#4192,#4193));
#1840=EDGE_LOOP('',(#4194,#4195,#4196,#4197));
#1841=EDGE_LOOP('',(#4198,#4199,#4200,#4201));
#1842=EDGE_LOOP('',(#4202,#4203,#4204,#4205));
#1843=EDGE_LOOP('',(#4206,#4207,#4208,#4209));
#1844=EDGE_LOOP('',(#4210,#4211,#4212,#4213));
#1845=EDGE_LOOP('',(#4214,#4215,#4216,#4217));
#1846=EDGE_LOOP('',(#4218,#4219,#4220,#4221));
#1847=EDGE_LOOP('',(#4222,#4223,#4224,#4225));
#1848=EDGE_LOOP('',(#4226,#4227,#4228,#4229));
#1849=EDGE_LOOP('',(#4230,#4231,#4232,#4233));
#1850=EDGE_LOOP('',(#4234,#4235,#4236,#4237));
#1851=EDGE_LOOP('',(#4238,#4239,#4240,#4241));
#1852=EDGE_LOOP('',(#4242,#4243,#4244,#4245));
#1853=EDGE_LOOP('',(#4246,#4247,#4248,#4249));
#1854=EDGE_LOOP('',(#4250,#4251,#4252,#4253));
#1855=EDGE_LOOP('',(#4254,#4255,#4256,#4257));
#1856=EDGE_LOOP('',(#4258,#4259,#4260,#4261));
#1857=EDGE_LOOP('',(#4262,#4263,#4264,#4265));
#1858=EDGE_LOOP('',(#4266,#4267,#4268,#4269));
#1859=EDGE_LOOP('',(#4270,#4271,#4272,#4273));
#1860=EDGE_LOOP('',(#4274,#4275,#4276,#4277));
#1861=EDGE_LOOP('',(#4278,#4279,#4280,#4281));
#1862=EDGE_LOOP('',(#4282,#4283,#4284,#4285));
#1863=EDGE_LOOP('',(#4286,#4287,#4288,#4289));
#1864=EDGE_LOOP('',(#4290,#4291,#4292,#4293));
#1865=EDGE_LOOP('',(#4294,#4295,#4296,#4297));
#1866=EDGE_LOOP('',(#4298,#4299,#4300,#4301));
#1867=EDGE_LOOP('',(#4302,#4303,#4304,#4305));
#1868=EDGE_LOOP('',(#4306,#4307,#4308,#4309));
#1869=EDGE_LOOP('',(#4310,#4311,#4312,#4313));
#1870=EDGE_LOOP('',(#4314,#4315,#4316,#4317));
#1871=EDGE_LOOP('',(#4318,#4319,#4320,#4321));
#1872=EDGE_LOOP('',(#4322,#4323,#4324,#4325));
#1873=EDGE_LOOP('',(#4326,#4327,#4328,#4329));
#1874=EDGE_LOOP('',(#4330,#4331,#4332,#4333));
#1875=EDGE_LOOP('',(#4334,#4335,#4336,#4337));
#1876=EDGE_LOOP('',(#4338,#4339,#4340,#4341));
#1877=EDGE_LOOP('',(#4342,#4343,#4344,#4345));
#1878=EDGE_LOOP('',(#4346,#4347,#4348,#4349,#4350,#4351,#4352,#4353,#4354,
#4355,#4356,#4357,#4358,#4359,#4360,#4361,#4362,#4363,#4364,#4365,#4366,
#4367,#4368,#4369,#4370,#4371,#4372,#4373,#4374,#4375,#4376,#4377,#4378,
#4379,#4380,#4381,#4382,#4383,#4384,#4385,#4386,#4387,#4388,#4389,#4390,
#4391,#4392,#4393,#4394,#4395,#4396,#4397,#4398,#4399,#4400,#4401,#4402,
#4403,#4404,#4405,#4406,#4407,#4408,#4409,#4410,#4411,#4412,#4413,#4414,
#4415,#4416,#4417,#4418,#4419,#4420,#4421,#4422,#4423,#4424,#4425,#4426,
#4427,#4428,#4429,#4430,#4431,#4432,#4433,#4434,#4435,#4436,#4437,#4438,
#4439,#4440,#4441,#4442,#4443,#4444,#4445,#4446,#4447,#4448,#4449,#4450,
#4451,#4452,#4453,#4454,#4455,#4456,#4457,#4458,#4459,#4460,#4461,#4462,
#4463,#4464,#4465,#4466,#4467,#4468,#4469,#4470,#4471,#4472,#4473,#4474,
#4475,#4476,#4477,#4478,#4479,#4480,#4481,#4482,#4483,#4484,#4485,#4486,
#4487,#4488,#4489));
#1879=EDGE_LOOP('',(#4490,#4491,#4492,#4493,#4494,#4495,#4496,#4497,#4498,
#4499,#4500,#4501,#4502,#4503,#4504,#4505,#4506,#4507,#4508,#4509,#4510,
#4511,#4512,#4513,#4514,#4515,#4516,#4517,#4518,#4519,#4520,#4521,#4522,
#4523,#4524,#4525,#4526,#4527,#4528,#4529,#4530,#4531,#4532,#4533,#4534,
#4535,#4536,#4537));
#1880=EDGE_LOOP('',(#4538,#4539,#4540,#4541,#4542,#4543,#4544,#4545,#4546,
#4547,#4548,#4549,#4550,#4551,#4552,#4553,#4554,#4555,#4556,#4557,#4558,
#4559,#4560,#4561,#4562,#4563,#4564,#4565,#4566,#4567,#4568,#4569,#4570,
#4571,#4572,#4573,#4574,#4575,#4576,#4577,#4578,#4579,#4580,#4581,#4582,
#4583,#4584,#4585,#4586,#4587,#4588,#4589,#4590,#4591,#4592,#4593,#4594,
#4595,#4596,#4597,#4598,#4599,#4600,#4601,#4602,#4603,#4604,#4605,#4606,
#4607,#4608,#4609,#4610,#4611,#4612,#4613,#4614,#4615,#4616,#4617,#4618,
#4619,#4620,#4621,#4622,#4623,#4624,#4625,#4626,#4627,#4628,#4629,#4630,
#4631,#4632,#4633,#4634,#4635,#4636,#4637,#4638,#4639,#4640,#4641,#4642,
#4643,#4644,#4645,#4646,#4647,#4648,#4649,#4650,#4651,#4652,#4653,#4654,
#4655,#4656,#4657,#4658,#4659,#4660,#4661,#4662,#4663,#4664,#4665,#4666,
#4667,#4668,#4669,#4670,#4671,#4672,#4673,#4674,#4675,#4676,#4677,#4678,
#4679,#4680,#4681));
#1881=EDGE_LOOP('',(#4682,#4683,#4684,#4685,#4686,#4687,#4688,#4689,#4690,
#4691,#4692,#4693,#4694,#4695,#4696,#4697,#4698,#4699,#4700,#4701,#4702,
#4703,#4704,#4705,#4706,#4707,#4708,#4709,#4710,#4711,#4712,#4713,#4714,
#4715,#4716,#4717,#4718,#4719,#4720,#4721,#4722,#4723,#4724,#4725,#4726,
#4727,#4728,#4729));
#1882=CIRCLE('',#5206,0.7);
#1883=CIRCLE('',#5207,0.31);
#1884=CIRCLE('',#5208,0.31);
#1885=CIRCLE('',#5211,0.31);
#1886=CIRCLE('',#5213,0.15);
#1887=CIRCLE('',#5215,0.7);
#1888=CIRCLE('',#5217,0.31);
#1889=CIRCLE('',#5222,3.201);
#1890=CIRCLE('',#5223,3.201);
#1891=CIRCLE('',#5228,3.201);
#1892=CIRCLE('',#5229,3.201);
#1893=CIRCLE('',#5234,3.201);
#1894=CIRCLE('',#5235,3.201);
#1895=CIRCLE('',#5240,3.201);
#1896=CIRCLE('',#5241,3.201);
#1897=CIRCLE('',#5246,3.201);
#1898=CIRCLE('',#5247,3.201);
#1899=CIRCLE('',#5252,3.201);
#1900=CIRCLE('',#5253,3.201);
#1901=CIRCLE('',#5258,3.201);
#1902=CIRCLE('',#5259,3.201);
#1903=CIRCLE('',#5264,3.201);
#1904=CIRCLE('',#5265,3.201);
#1905=CIRCLE('',#5270,3.201);
#1906=CIRCLE('',#5271,3.201);
#1907=CIRCLE('',#5276,3.201);
#1908=CIRCLE('',#5277,3.201);
#1909=CIRCLE('',#5282,3.201);
#1910=CIRCLE('',#5283,3.201);
#1911=CIRCLE('',#5288,3.201);
#1912=CIRCLE('',#5289,3.201);
#1913=CIRCLE('',#5294,3.201);
#1914=CIRCLE('',#5296,3.201);
#1915=CIRCLE('',#5301,3.2107);
#1916=CIRCLE('',#5302,3.2107);
#1917=CIRCLE('',#5307,3.2107);
#1918=CIRCLE('',#5308,3.2107);
#1919=CIRCLE('',#5313,3.2107);
#1920=CIRCLE('',#5314,3.2107);
#1921=CIRCLE('',#5319,3.2107);
#1922=CIRCLE('',#5320,3.2107);
#1923=CIRCLE('',#5325,3.2107);
#1924=CIRCLE('',#5326,3.2107);
#1925=CIRCLE('',#5331,3.2107);
#1926=CIRCLE('',#5332,3.2107);
#1927=CIRCLE('',#5340,3.492);
#1928=CIRCLE('',#5341,3.492);
#1929=CIRCLE('',#5348,3.492);
#1930=CIRCLE('',#5349,3.492);
#1931=CIRCLE('',#5356,3.492);
#1932=CIRCLE('',#5357,3.492);
#1933=CIRCLE('',#5364,3.492);
#1934=CIRCLE('',#5365,3.492);
#1935=CIRCLE('',#5372,3.492);
#1936=CIRCLE('',#5373,3.492);
#1937=CIRCLE('',#5380,3.492);
#1938=CIRCLE('',#5381,3.492);
#1939=CIRCLE('',#5388,3.492);
#1940=CIRCLE('',#5389,3.492);
#1941=CIRCLE('',#5396,3.492);
#1942=CIRCLE('',#5397,3.492);
#1943=CIRCLE('',#5404,3.492);
#1944=CIRCLE('',#5405,3.492);
#1945=CIRCLE('',#5412,3.492);
#1946=CIRCLE('',#5413,3.492);
#1947=CIRCLE('',#5420,3.492);
#1948=CIRCLE('',#5421,3.492);
#1949=CIRCLE('',#5428,3.492);
#1950=CIRCLE('',#5429,3.492);
#1951=CIRCLE('',#5433,3.2107);
#1952=CIRCLE('',#5434,3.2107);
#1953=CIRCLE('',#5439,3.2107);
#1954=CIRCLE('',#5440,3.2107);
#1955=CIRCLE('',#5445,3.2107);
#1956=CIRCLE('',#5446,3.2107);
#1957=CIRCLE('',#5451,3.2107);
#1958=CIRCLE('',#5452,3.2107);
#1959=CIRCLE('',#5457,3.2107);
#1960=CIRCLE('',#5458,3.2107);
#1961=CIRCLE('',#5463,3.2107);
#1962=CIRCLE('',#5464,3.2107);
#1963=CIRCLE('',#5472,3.492);
#1964=CIRCLE('',#5473,3.492);
#1965=CIRCLE('',#5480,3.492);
#1966=CIRCLE('',#5481,3.492);
#1967=CIRCLE('',#5488,3.492);
#1968=CIRCLE('',#5489,3.492);
#1969=CIRCLE('',#5496,3.492);
#1970=CIRCLE('',#5497,3.492);
#1971=CIRCLE('',#5504,3.492);
#1972=CIRCLE('',#5505,3.492);
#1973=CIRCLE('',#5512,3.492);
#1974=CIRCLE('',#5513,3.492);
#1975=CIRCLE('',#5520,3.492);
#1976=CIRCLE('',#5521,3.492);
#1977=CIRCLE('',#5528,3.492);
#1978=CIRCLE('',#5529,3.492);
#1979=CIRCLE('',#5536,3.492);
#1980=CIRCLE('',#5537,3.492);
#1981=CIRCLE('',#5544,3.492);
#1982=CIRCLE('',#5545,3.492);
#1983=CIRCLE('',#5552,3.492);
#1984=CIRCLE('',#5553,3.492);
#1985=CIRCLE('',#5560,3.492);
#1986=CIRCLE('',#5561,3.492);
#1987=VERTEX_POINT('',#6933);
#1988=VERTEX_POINT('',#6935);
#1989=VERTEX_POINT('',#6936);
#1990=VERTEX_POINT('',#6938);
#1991=VERTEX_POINT('',#6940);
#1992=VERTEX_POINT('',#6944);
#1993=VERTEX_POINT('',#6946);
#1994=VERTEX_POINT('',#6950);
#1995=VERTEX_POINT('',#6954);
#1996=VERTEX_POINT('',#6956);
#1997=VERTEX_POINT('',#6958);
#1998=VERTEX_POINT('',#6996);
#1999=VERTEX_POINT('',#7000);
#2000=VERTEX_POINT('',#7006);
#2001=VERTEX_POINT('',#7007);
#2002=VERTEX_POINT('',#7009);
#2003=VERTEX_POINT('',#7011);
#2004=VERTEX_POINT('',#7015);
#2005=VERTEX_POINT('',#7017);
#2006=VERTEX_POINT('',#7021);
#2007=VERTEX_POINT('',#7023);
#2008=VERTEX_POINT('',#7027);
#2009=VERTEX_POINT('',#7029);
#2010=VERTEX_POINT('',#7033);
#2011=VERTEX_POINT('',#7035);
#2012=VERTEX_POINT('',#7039);
#2013=VERTEX_POINT('',#7041);
#2014=VERTEX_POINT('',#7045);
#2015=VERTEX_POINT('',#7047);
#2016=VERTEX_POINT('',#7051);
#2017=VERTEX_POINT('',#7053);
#2018=VERTEX_POINT('',#7057);
#2019=VERTEX_POINT('',#7059);
#2020=VERTEX_POINT('',#7063);
#2021=VERTEX_POINT('',#7065);
#2022=VERTEX_POINT('',#7069);
#2023=VERTEX_POINT('',#7071);
#2024=VERTEX_POINT('',#7075);
#2025=VERTEX_POINT('',#7077);
#2026=VERTEX_POINT('',#7081);
#2027=VERTEX_POINT('',#7083);
#2028=VERTEX_POINT('',#7087);
#2029=VERTEX_POINT('',#7089);
#2030=VERTEX_POINT('',#7093);
#2031=VERTEX_POINT('',#7095);
#2032=VERTEX_POINT('',#7099);
#2033=VERTEX_POINT('',#7101);
#2034=VERTEX_POINT('',#7105);
#2035=VERTEX_POINT('',#7107);
#2036=VERTEX_POINT('',#7111);
#2037=VERTEX_POINT('',#7113);
#2038=VERTEX_POINT('',#7117);
#2039=VERTEX_POINT('',#7119);
#2040=VERTEX_POINT('',#7123);
#2041=VERTEX_POINT('',#7125);
#2042=VERTEX_POINT('',#7129);
#2043=VERTEX_POINT('',#7131);
#2044=VERTEX_POINT('',#7135);
#2045=VERTEX_POINT('',#7137);
#2046=VERTEX_POINT('',#7141);
#2047=VERTEX_POINT('',#7143);
#2048=VERTEX_POINT('',#7147);
#2049=VERTEX_POINT('',#7149);
#2050=VERTEX_POINT('',#7153);
#2051=VERTEX_POINT('',#7155);
#2052=VERTEX_POINT('',#7159);
#2053=VERTEX_POINT('',#7161);
#2054=VERTEX_POINT('',#7165);
#2055=VERTEX_POINT('',#7167);
#2056=VERTEX_POINT('',#7171);
#2057=VERTEX_POINT('',#7173);
#2058=VERTEX_POINT('',#7177);
#2059=VERTEX_POINT('',#7179);
#2060=VERTEX_POINT('',#7183);
#2061=VERTEX_POINT('',#7185);
#2062=VERTEX_POINT('',#7189);
#2063=VERTEX_POINT('',#7191);
#2064=VERTEX_POINT('',#7195);
#2065=VERTEX_POINT('',#7197);
#2066=VERTEX_POINT('',#7201);
#2067=VERTEX_POINT('',#7203);
#2068=VERTEX_POINT('',#7207);
#2069=VERTEX_POINT('',#7209);
#2070=VERTEX_POINT('',#7213);
#2071=VERTEX_POINT('',#7215);
#2072=VERTEX_POINT('',#7219);
#2073=VERTEX_POINT('',#7221);
#2074=VERTEX_POINT('',#7225);
#2075=VERTEX_POINT('',#7227);
#2076=VERTEX_POINT('',#7231);
#2077=VERTEX_POINT('',#7233);
#2078=VERTEX_POINT('',#7237);
#2079=VERTEX_POINT('',#7239);
#2080=VERTEX_POINT('',#7243);
#2081=VERTEX_POINT('',#7245);
#2082=VERTEX_POINT('',#7249);
#2083=VERTEX_POINT('',#7251);
#2084=VERTEX_POINT('',#7255);
#2085=VERTEX_POINT('',#7257);
#2086=VERTEX_POINT('',#7261);
#2087=VERTEX_POINT('',#7263);
#2088=VERTEX_POINT('',#7267);
#2089=VERTEX_POINT('',#7269);
#2090=VERTEX_POINT('',#7273);
#2091=VERTEX_POINT('',#7275);
#2092=VERTEX_POINT('',#7279);
#2093=VERTEX_POINT('',#7281);
#2094=VERTEX_POINT('',#7285);
#2095=VERTEX_POINT('',#7287);
#2096=VERTEX_POINT('',#7296);
#2097=VERTEX_POINT('',#7297);
#2098=VERTEX_POINT('',#7299);
#2099=VERTEX_POINT('',#7303);
#2100=VERTEX_POINT('',#7304);
#2101=VERTEX_POINT('',#7306);
#2102=VERTEX_POINT('',#7316);
#2103=VERTEX_POINT('',#7317);
#2104=VERTEX_POINT('',#7319);
#2105=VERTEX_POINT('',#7321);
#2106=VERTEX_POINT('',#7325);
#2107=VERTEX_POINT('',#7327);
#2108=VERTEX_POINT('',#7331);
#2109=VERTEX_POINT('',#7333);
#2110=VERTEX_POINT('',#7337);
#2111=VERTEX_POINT('',#7339);
#2112=VERTEX_POINT('',#7343);
#2113=VERTEX_POINT('',#7345);
#2114=VERTEX_POINT('',#7349);
#2115=VERTEX_POINT('',#7351);
#2116=VERTEX_POINT('',#7355);
#2117=VERTEX_POINT('',#7357);
#2118=VERTEX_POINT('',#7361);
#2119=VERTEX_POINT('',#7363);
#2120=VERTEX_POINT('',#7367);
#2121=VERTEX_POINT('',#7369);
#2122=VERTEX_POINT('',#7373);
#2123=VERTEX_POINT('',#7375);
#2124=VERTEX_POINT('',#7379);
#2125=VERTEX_POINT('',#7381);
#2126=VERTEX_POINT('',#7385);
#2127=VERTEX_POINT('',#7387);
#2128=VERTEX_POINT('',#7391);
#2129=VERTEX_POINT('',#7393);
#2130=VERTEX_POINT('',#7397);
#2131=VERTEX_POINT('',#7399);
#2132=VERTEX_POINT('',#7403);
#2133=VERTEX_POINT('',#7405);
#2134=VERTEX_POINT('',#7409);
#2135=VERTEX_POINT('',#7411);
#2136=VERTEX_POINT('',#7415);
#2137=VERTEX_POINT('',#7417);
#2138=VERTEX_POINT('',#7421);
#2139=VERTEX_POINT('',#7423);
#2140=VERTEX_POINT('',#7427);
#2141=VERTEX_POINT('',#7429);
#2142=VERTEX_POINT('',#7433);
#2143=VERTEX_POINT('',#7435);
#2144=VERTEX_POINT('',#7439);
#2145=VERTEX_POINT('',#7441);
#2146=VERTEX_POINT('',#7445);
#2147=VERTEX_POINT('',#7447);
#2148=VERTEX_POINT('',#7451);
#2149=VERTEX_POINT('',#7453);
#2150=VERTEX_POINT('',#7457);
#2151=VERTEX_POINT('',#7459);
#2152=VERTEX_POINT('',#7463);
#2153=VERTEX_POINT('',#7464);
#2154=VERTEX_POINT('',#7466);
#2155=VERTEX_POINT('',#7468);
#2156=VERTEX_POINT('',#7472);
#2157=VERTEX_POINT('',#7474);
#2158=VERTEX_POINT('',#7478);
#2159=VERTEX_POINT('',#7480);
#2160=VERTEX_POINT('',#7484);
#2161=VERTEX_POINT('',#7486);
#2162=VERTEX_POINT('',#7490);
#2163=VERTEX_POINT('',#7492);
#2164=VERTEX_POINT('',#7496);
#2165=VERTEX_POINT('',#7498);
#2166=VERTEX_POINT('',#7502);
#2167=VERTEX_POINT('',#7504);
#2168=VERTEX_POINT('',#7508);
#2169=VERTEX_POINT('',#7510);
#2170=VERTEX_POINT('',#7514);
#2171=VERTEX_POINT('',#7516);
#2172=VERTEX_POINT('',#7520);
#2173=VERTEX_POINT('',#7522);
#2174=VERTEX_POINT('',#7526);
#2175=VERTEX_POINT('',#7528);
#2176=VERTEX_POINT('',#7532);
#2177=VERTEX_POINT('',#7534);
#2178=VERTEX_POINT('',#7538);
#2179=VERTEX_POINT('',#7540);
#2180=VERTEX_POINT('',#7544);
#2181=VERTEX_POINT('',#7546);
#2182=VERTEX_POINT('',#7550);
#2183=VERTEX_POINT('',#7552);
#2184=VERTEX_POINT('',#7556);
#2185=VERTEX_POINT('',#7558);
#2186=VERTEX_POINT('',#7562);
#2187=VERTEX_POINT('',#7564);
#2188=VERTEX_POINT('',#7568);
#2189=VERTEX_POINT('',#7570);
#2190=VERTEX_POINT('',#7574);
#2191=VERTEX_POINT('',#7576);
#2192=VERTEX_POINT('',#7580);
#2193=VERTEX_POINT('',#7582);
#2194=VERTEX_POINT('',#7586);
#2195=VERTEX_POINT('',#7588);
#2196=VERTEX_POINT('',#7592);
#2197=VERTEX_POINT('',#7594);
#2198=VERTEX_POINT('',#7598);
#2199=VERTEX_POINT('',#7600);
#2200=VERTEX_POINT('',#7604);
#2201=VERTEX_POINT('',#7606);
#2202=VERTEX_POINT('',#7610);
#2203=VERTEX_POINT('',#7612);
#2204=VERTEX_POINT('',#7616);
#2205=VERTEX_POINT('',#7618);
#2206=VERTEX_POINT('',#7622);
#2207=VERTEX_POINT('',#7624);
#2208=VERTEX_POINT('',#7628);
#2209=VERTEX_POINT('',#7630);
#2210=VERTEX_POINT('',#7634);
#2211=VERTEX_POINT('',#7636);
#2212=VERTEX_POINT('',#7640);
#2213=VERTEX_POINT('',#7642);
#2214=VERTEX_POINT('',#7646);
#2215=VERTEX_POINT('',#7648);
#2216=VERTEX_POINT('',#7652);
#2217=VERTEX_POINT('',#7654);
#2218=VERTEX_POINT('',#7658);
#2219=VERTEX_POINT('',#7660);
#2220=VERTEX_POINT('',#7664);
#2221=VERTEX_POINT('',#7666);
#2222=VERTEX_POINT('',#7670);
#2223=VERTEX_POINT('',#7672);
#2224=VERTEX_POINT('',#7676);
#2225=VERTEX_POINT('',#7678);
#2226=VERTEX_POINT('',#7682);
#2227=VERTEX_POINT('',#7684);
#2228=VERTEX_POINT('',#7688);
#2229=VERTEX_POINT('',#7690);
#2230=VERTEX_POINT('',#7694);
#2231=VERTEX_POINT('',#7696);
#2232=VERTEX_POINT('',#7700);
#2233=VERTEX_POINT('',#7702);
#2234=VERTEX_POINT('',#7706);
#2235=VERTEX_POINT('',#7708);
#2236=VERTEX_POINT('',#7712);
#2237=VERTEX_POINT('',#7714);
#2238=VERTEX_POINT('',#7718);
#2239=VERTEX_POINT('',#7720);
#2240=VERTEX_POINT('',#7724);
#2241=VERTEX_POINT('',#7726);
#2242=VERTEX_POINT('',#7730);
#2243=VERTEX_POINT('',#7732);
#2244=VERTEX_POINT('',#7736);
#2245=VERTEX_POINT('',#7738);
#2246=VERTEX_POINT('',#7742);
#2247=VERTEX_POINT('',#7744);
#2248=VERTEX_POINT('',#7748);
#2249=VERTEX_POINT('',#7750);
#2250=VERTEX_POINT('',#7754);
#2251=VERTEX_POINT('',#7756);
#2252=VERTEX_POINT('',#7760);
#2253=VERTEX_POINT('',#7762);
#2254=VERTEX_POINT('',#7766);
#2255=VERTEX_POINT('',#7768);
#2256=VERTEX_POINT('',#7772);
#2257=VERTEX_POINT('',#7774);
#2258=VERTEX_POINT('',#7778);
#2259=VERTEX_POINT('',#7780);
#2260=VERTEX_POINT('',#7784);
#2261=VERTEX_POINT('',#7786);
#2262=VERTEX_POINT('',#7790);
#2263=VERTEX_POINT('',#7792);
#2264=VERTEX_POINT('',#7796);
#2265=VERTEX_POINT('',#7798);
#2266=VERTEX_POINT('',#7802);
#2267=VERTEX_POINT('',#7804);
#2268=VERTEX_POINT('',#7808);
#2269=VERTEX_POINT('',#7810);
#2270=VERTEX_POINT('',#7814);
#2271=VERTEX_POINT('',#7816);
#2272=VERTEX_POINT('',#7820);
#2273=VERTEX_POINT('',#7822);
#2274=VERTEX_POINT('',#7826);
#2275=VERTEX_POINT('',#7828);
#2276=VERTEX_POINT('',#7832);
#2277=VERTEX_POINT('',#7834);
#2278=VERTEX_POINT('',#7838);
#2279=VERTEX_POINT('',#7840);
#2280=VERTEX_POINT('',#7844);
#2281=VERTEX_POINT('',#7846);
#2282=VERTEX_POINT('',#7850);
#2283=VERTEX_POINT('',#7852);
#2284=VERTEX_POINT('',#7856);
#2285=VERTEX_POINT('',#7858);
#2286=VERTEX_POINT('',#7862);
#2287=VERTEX_POINT('',#7864);
#2288=VERTEX_POINT('',#7868);
#2289=VERTEX_POINT('',#7870);
#2290=VERTEX_POINT('',#7874);
#2291=VERTEX_POINT('',#7876);
#2292=VERTEX_POINT('',#7880);
#2293=VERTEX_POINT('',#7882);
#2294=VERTEX_POINT('',#7886);
#2295=VERTEX_POINT('',#7888);
#2296=VERTEX_POINT('',#7892);
#2297=VERTEX_POINT('',#7894);
#2298=VERTEX_POINT('',#7898);
#2299=VERTEX_POINT('',#7900);
#2300=VERTEX_POINT('',#7904);
#2301=VERTEX_POINT('',#7906);
#2302=VERTEX_POINT('',#7910);
#2303=VERTEX_POINT('',#7912);
#2304=VERTEX_POINT('',#7916);
#2305=VERTEX_POINT('',#7918);
#2306=VERTEX_POINT('',#7922);
#2307=VERTEX_POINT('',#7924);
#2308=VERTEX_POINT('',#7928);
#2309=VERTEX_POINT('',#7930);
#2310=VERTEX_POINT('',#7934);
#2311=VERTEX_POINT('',#7936);
#2312=VERTEX_POINT('',#7940);
#2313=VERTEX_POINT('',#7942);
#2314=VERTEX_POINT('',#7946);
#2315=VERTEX_POINT('',#7948);
#2316=VERTEX_POINT('',#7952);
#2317=VERTEX_POINT('',#7954);
#2318=VERTEX_POINT('',#7958);
#2319=VERTEX_POINT('',#7960);
#2320=VERTEX_POINT('',#7964);
#2321=VERTEX_POINT('',#7966);
#2322=VERTEX_POINT('',#7970);
#2323=VERTEX_POINT('',#7972);
#2324=VERTEX_POINT('',#7976);
#2325=VERTEX_POINT('',#7978);
#2326=VERTEX_POINT('',#7982);
#2327=VERTEX_POINT('',#7984);
#2328=VERTEX_POINT('',#7988);
#2329=VERTEX_POINT('',#7990);
#2330=VERTEX_POINT('',#7994);
#2331=VERTEX_POINT('',#7996);
#2332=VERTEX_POINT('',#8000);
#2333=VERTEX_POINT('',#8002);
#2334=VERTEX_POINT('',#8006);
#2335=VERTEX_POINT('',#8008);
#2336=VERTEX_POINT('',#8012);
#2337=VERTEX_POINT('',#8014);
#2338=VERTEX_POINT('',#8018);
#2339=VERTEX_POINT('',#8020);
#2340=VERTEX_POINT('',#8024);
#2341=VERTEX_POINT('',#8026);
#2342=VERTEX_POINT('',#8030);
#2343=VERTEX_POINT('',#8032);
#2344=VERTEX_POINT('',#8039);
#2345=VERTEX_POINT('',#8041);
#2346=VERTEX_POINT('',#8045);
#2347=VERTEX_POINT('',#8047);
#2348=VERTEX_POINT('',#8051);
#2349=VERTEX_POINT('',#8053);
#2350=VERTEX_POINT('',#8057);
#2351=VERTEX_POINT('',#8059);
#2352=VERTEX_POINT('',#8063);
#2353=VERTEX_POINT('',#8065);
#2354=VERTEX_POINT('',#8069);
#2355=VERTEX_POINT('',#8071);
#2356=VERTEX_POINT('',#8075);
#2357=VERTEX_POINT('',#8077);
#2358=VERTEX_POINT('',#8081);
#2359=VERTEX_POINT('',#8083);
#2360=VERTEX_POINT('',#8087);
#2361=VERTEX_POINT('',#8089);
#2362=VERTEX_POINT('',#8093);
#2363=VERTEX_POINT('',#8095);
#2364=VERTEX_POINT('',#8099);
#2365=VERTEX_POINT('',#8101);
#2366=VERTEX_POINT('',#8105);
#2367=VERTEX_POINT('',#8107);
#2368=VERTEX_POINT('',#8111);
#2369=VERTEX_POINT('',#8113);
#2370=VERTEX_POINT('',#8117);
#2371=VERTEX_POINT('',#8119);
#2372=VERTEX_POINT('',#8123);
#2373=VERTEX_POINT('',#8125);
#2374=VERTEX_POINT('',#8129);
#2375=VERTEX_POINT('',#8131);
#2376=VERTEX_POINT('',#8135);
#2377=VERTEX_POINT('',#8137);
#2378=VERTEX_POINT('',#8141);
#2379=VERTEX_POINT('',#8143);
#2380=VERTEX_POINT('',#8147);
#2381=VERTEX_POINT('',#8149);
#2382=VERTEX_POINT('',#8153);
#2383=VERTEX_POINT('',#8155);
#2384=VERTEX_POINT('',#8159);
#2385=VERTEX_POINT('',#8161);
#2386=VERTEX_POINT('',#8165);
#2387=VERTEX_POINT('',#8167);
#2388=VERTEX_POINT('',#8171);
#2389=VERTEX_POINT('',#8173);
#2390=VERTEX_POINT('',#8177);
#2391=VERTEX_POINT('',#8179);
#2392=VERTEX_POINT('',#8183);
#2393=VERTEX_POINT('',#8185);
#2394=VERTEX_POINT('',#8189);
#2395=VERTEX_POINT('',#8191);
#2396=VERTEX_POINT('',#8195);
#2397=VERTEX_POINT('',#8197);
#2398=VERTEX_POINT('',#8201);
#2399=VERTEX_POINT('',#8203);
#2400=VERTEX_POINT('',#8207);
#2401=VERTEX_POINT('',#8209);
#2402=VERTEX_POINT('',#8213);
#2403=VERTEX_POINT('',#8215);
#2404=VERTEX_POINT('',#8219);
#2405=VERTEX_POINT('',#8221);
#2406=VERTEX_POINT('',#8225);
#2407=VERTEX_POINT('',#8227);
#2408=VERTEX_POINT('',#8231);
#2409=VERTEX_POINT('',#8233);
#2410=VERTEX_POINT('',#8237);
#2411=VERTEX_POINT('',#8239);
#2412=VERTEX_POINT('',#8243);
#2413=VERTEX_POINT('',#8245);
#2414=VERTEX_POINT('',#8249);
#2415=VERTEX_POINT('',#8251);
#2416=VERTEX_POINT('',#8255);
#2417=VERTEX_POINT('',#8257);
#2418=VERTEX_POINT('',#8261);
#2419=VERTEX_POINT('',#8263);
#2420=VERTEX_POINT('',#8267);
#2421=VERTEX_POINT('',#8269);
#2422=VERTEX_POINT('',#8273);
#2423=VERTEX_POINT('',#8275);
#2424=VERTEX_POINT('',#8279);
#2425=VERTEX_POINT('',#8281);
#2426=VERTEX_POINT('',#8285);
#2427=VERTEX_POINT('',#8287);
#2428=VERTEX_POINT('',#8291);
#2429=VERTEX_POINT('',#8293);
#2430=VERTEX_POINT('',#8297);
#2431=VERTEX_POINT('',#8299);
#2432=VERTEX_POINT('',#8303);
#2433=VERTEX_POINT('',#8305);
#2434=VERTEX_POINT('',#8309);
#2435=VERTEX_POINT('',#8311);
#2436=VERTEX_POINT('',#8315);
#2437=VERTEX_POINT('',#8317);
#2438=VERTEX_POINT('',#8321);
#2439=VERTEX_POINT('',#8323);
#2440=VERTEX_POINT('',#8327);
#2441=VERTEX_POINT('',#8329);
#2442=VERTEX_POINT('',#8333);
#2443=VERTEX_POINT('',#8335);
#2444=VERTEX_POINT('',#8339);
#2445=VERTEX_POINT('',#8341);
#2446=VERTEX_POINT('',#8345);
#2447=VERTEX_POINT('',#8347);
#2448=VERTEX_POINT('',#8351);
#2449=VERTEX_POINT('',#8353);
#2450=VERTEX_POINT('',#8357);
#2451=VERTEX_POINT('',#8359);
#2452=VERTEX_POINT('',#8363);
#2453=VERTEX_POINT('',#8365);
#2454=VERTEX_POINT('',#8369);
#2455=VERTEX_POINT('',#8371);
#2456=VERTEX_POINT('',#8375);
#2457=VERTEX_POINT('',#8377);
#2458=VERTEX_POINT('',#8381);
#2459=VERTEX_POINT('',#8383);
#2460=VERTEX_POINT('',#8387);
#2461=VERTEX_POINT('',#8389);
#2462=VERTEX_POINT('',#8393);
#2463=VERTEX_POINT('',#8395);
#2464=VERTEX_POINT('',#8399);
#2465=VERTEX_POINT('',#8401);
#2466=VERTEX_POINT('',#8405);
#2467=VERTEX_POINT('',#8407);
#2468=VERTEX_POINT('',#8411);
#2469=VERTEX_POINT('',#8413);
#2470=VERTEX_POINT('',#8417);
#2471=VERTEX_POINT('',#8419);
#2472=VERTEX_POINT('',#8423);
#2473=VERTEX_POINT('',#8425);
#2474=VERTEX_POINT('',#8429);
#2475=VERTEX_POINT('',#8431);
#2476=VERTEX_POINT('',#8435);
#2477=VERTEX_POINT('',#8437);
#2478=VERTEX_POINT('',#8441);
#2479=VERTEX_POINT('',#8443);
#2480=VERTEX_POINT('',#8447);
#2481=VERTEX_POINT('',#8449);
#2482=VERTEX_POINT('',#8453);
#2483=VERTEX_POINT('',#8455);
#2484=VERTEX_POINT('',#8459);
#2485=VERTEX_POINT('',#8461);
#2486=EDGE_CURVE('',#1987,#1987,#1882,.T.);
#2487=EDGE_CURVE('',#1988,#1989,#1883,.T.);
#2488=EDGE_CURVE('',#1990,#1988,#81,.T.);
#2489=EDGE_CURVE('',#1991,#1990,#1884,.T.);
#2490=EDGE_CURVE('',#1989,#1991,#82,.T.);
#2491=EDGE_CURVE('',#1991,#1992,#83,.T.);
#2492=EDGE_CURVE('',#1993,#1992,#84,.T.);
#2493=EDGE_CURVE('',#1989,#1993,#85,.T.);
#2494=EDGE_CURVE('',#1990,#1994,#86,.T.);
#2495=EDGE_CURVE('',#1992,#1994,#1885,.T.);
#2496=EDGE_CURVE('',#1995,#1995,#1886,.T.);
#2497=EDGE_CURVE('',#1995,#1996,#87,.T.);
#2498=EDGE_CURVE('',#1997,#1996,#19,.T.);
#2499=EDGE_CURVE('',#1996,#1997,#20,.T.);
#2500=EDGE_CURVE('',#1987,#1998,#88,.T.);
#2501=EDGE_CURVE('',#1998,#1998,#1887,.T.);
#2502=EDGE_CURVE('',#1999,#1993,#1888,.T.);
#2503=EDGE_CURVE('',#1999,#1988,#89,.T.);
#2504=EDGE_CURVE('',#1994,#1999,#90,.T.);
#2505=EDGE_CURVE('',#2000,#2001,#91,.T.);
#2506=EDGE_CURVE('',#2001,#2002,#92,.T.);
#2507=EDGE_CURVE('',#2003,#2002,#93,.T.);
#2508=EDGE_CURVE('',#2000,#2003,#94,.T.);
#2509=EDGE_CURVE('',#2004,#2000,#95,.T.);
#2510=EDGE_CURVE('',#2005,#2003,#96,.T.);
#2511=EDGE_CURVE('',#2004,#2005,#97,.T.);
#2512=EDGE_CURVE('',#2006,#2004,#1889,.T.);
#2513=EDGE_CURVE('',#2007,#2005,#1890,.T.);
#2514=EDGE_CURVE('',#2006,#2007,#98,.T.);
#2515=EDGE_CURVE('',#2008,#2006,#99,.T.);
#2516=EDGE_CURVE('',#2009,#2007,#100,.T.);
#2517=EDGE_CURVE('',#2008,#2009,#101,.T.);
#2518=EDGE_CURVE('',#2010,#2008,#102,.T.);
#2519=EDGE_CURVE('',#2011,#2009,#103,.T.);
#2520=EDGE_CURVE('',#2010,#2011,#104,.T.);
#2521=EDGE_CURVE('',#2012,#2010,#105,.T.);
#2522=EDGE_CURVE('',#2013,#2011,#106,.T.);
#2523=EDGE_CURVE('',#2012,#2013,#107,.T.);
#2524=EDGE_CURVE('',#2014,#2012,#1891,.T.);
#2525=EDGE_CURVE('',#2015,#2013,#1892,.T.);
#2526=EDGE_CURVE('',#2014,#2015,#108,.T.);
#2527=EDGE_CURVE('',#2016,#2014,#109,.T.);
#2528=EDGE_CURVE('',#2017,#2015,#110,.T.);
#2529=EDGE_CURVE('',#2016,#2017,#111,.T.);
#2530=EDGE_CURVE('',#2018,#2016,#112,.T.);
#2531=EDGE_CURVE('',#2019,#2017,#113,.T.);
#2532=EDGE_CURVE('',#2018,#2019,#114,.T.);
#2533=EDGE_CURVE('',#2020,#2018,#115,.T.);
#2534=EDGE_CURVE('',#2021,#2019,#116,.T.);
#2535=EDGE_CURVE('',#2020,#2021,#117,.T.);
#2536=EDGE_CURVE('',#2022,#2020,#1893,.T.);
#2537=EDGE_CURVE('',#2023,#2021,#1894,.T.);
#2538=EDGE_CURVE('',#2022,#2023,#118,.T.);
#2539=EDGE_CURVE('',#2024,#2022,#119,.T.);
#2540=EDGE_CURVE('',#2025,#2023,#120,.T.);
#2541=EDGE_CURVE('',#2024,#2025,#121,.T.);
#2542=EDGE_CURVE('',#2026,#2024,#122,.T.);
#2543=EDGE_CURVE('',#2027,#2025,#123,.T.);
#2544=EDGE_CURVE('',#2026,#2027,#124,.T.);
#2545=EDGE_CURVE('',#2028,#2026,#125,.T.);
#2546=EDGE_CURVE('',#2029,#2027,#126,.T.);
#2547=EDGE_CURVE('',#2028,#2029,#127,.T.);
#2548=EDGE_CURVE('',#2030,#2028,#1895,.T.);
#2549=EDGE_CURVE('',#2031,#2029,#1896,.T.);
#2550=EDGE_CURVE('',#2030,#2031,#128,.T.);
#2551=EDGE_CURVE('',#2032,#2030,#129,.T.);
#2552=EDGE_CURVE('',#2033,#2031,#130,.T.);
#2553=EDGE_CURVE('',#2032,#2033,#131,.T.);
#2554=EDGE_CURVE('',#2034,#2032,#132,.T.);
#2555=EDGE_CURVE('',#2035,#2033,#133,.T.);
#2556=EDGE_CURVE('',#2034,#2035,#134,.T.);
#2557=EDGE_CURVE('',#2036,#2034,#135,.T.);
#2558=EDGE_CURVE('',#2037,#2035,#136,.T.);
#2559=EDGE_CURVE('',#2036,#2037,#137,.T.);
#2560=EDGE_CURVE('',#2038,#2036,#1897,.T.);
#2561=EDGE_CURVE('',#2039,#2037,#1898,.T.);
#2562=EDGE_CURVE('',#2038,#2039,#138,.T.);
#2563=EDGE_CURVE('',#2040,#2038,#139,.T.);
#2564=EDGE_CURVE('',#2041,#2039,#140,.T.);
#2565=EDGE_CURVE('',#2040,#2041,#141,.T.);
#2566=EDGE_CURVE('',#2042,#2040,#142,.T.);
#2567=EDGE_CURVE('',#2043,#2041,#143,.T.);
#2568=EDGE_CURVE('',#2042,#2043,#144,.T.);
#2569=EDGE_CURVE('',#2044,#2042,#145,.T.);
#2570=EDGE_CURVE('',#2045,#2043,#146,.T.);
#2571=EDGE_CURVE('',#2044,#2045,#147,.T.);
#2572=EDGE_CURVE('',#2046,#2044,#1899,.T.);
#2573=EDGE_CURVE('',#2047,#2045,#1900,.T.);
#2574=EDGE_CURVE('',#2046,#2047,#148,.T.);
#2575=EDGE_CURVE('',#2048,#2046,#149,.T.);
#2576=EDGE_CURVE('',#2049,#2047,#150,.T.);
#2577=EDGE_CURVE('',#2048,#2049,#151,.T.);
#2578=EDGE_CURVE('',#2050,#2048,#152,.T.);
#2579=EDGE_CURVE('',#2051,#2049,#153,.T.);
#2580=EDGE_CURVE('',#2050,#2051,#154,.T.);
#2581=EDGE_CURVE('',#2052,#2050,#155,.T.);
#2582=EDGE_CURVE('',#2053,#2051,#156,.T.);
#2583=EDGE_CURVE('',#2052,#2053,#157,.T.);
#2584=EDGE_CURVE('',#2054,#2052,#1901,.T.);
#2585=EDGE_CURVE('',#2055,#2053,#1902,.T.);
#2586=EDGE_CURVE('',#2054,#2055,#158,.T.);
#2587=EDGE_CURVE('',#2056,#2054,#159,.T.);
#2588=EDGE_CURVE('',#2057,#2055,#160,.T.);
#2589=EDGE_CURVE('',#2056,#2057,#161,.T.);
#2590=EDGE_CURVE('',#2058,#2056,#162,.T.);
#2591=EDGE_CURVE('',#2059,#2057,#163,.T.);
#2592=EDGE_CURVE('',#2058,#2059,#164,.T.);
#2593=EDGE_CURVE('',#2060,#2058,#165,.T.);
#2594=EDGE_CURVE('',#2061,#2059,#166,.T.);
#2595=EDGE_CURVE('',#2060,#2061,#167,.T.);
#2596=EDGE_CURVE('',#2062,#2060,#1903,.T.);
#2597=EDGE_CURVE('',#2063,#2061,#1904,.T.);
#2598=EDGE_CURVE('',#2062,#2063,#168,.T.);
#2599=EDGE_CURVE('',#2064,#2062,#169,.T.);
#2600=EDGE_CURVE('',#2065,#2063,#170,.T.);
#2601=EDGE_CURVE('',#2064,#2065,#171,.T.);
#2602=EDGE_CURVE('',#2066,#2064,#172,.T.);
#2603=EDGE_CURVE('',#2067,#2065,#173,.T.);
#2604=EDGE_CURVE('',#2066,#2067,#174,.T.);
#2605=EDGE_CURVE('',#2068,#2066,#175,.T.);
#2606=EDGE_CURVE('',#2069,#2067,#176,.T.);
#2607=EDGE_CURVE('',#2068,#2069,#177,.T.);
#2608=EDGE_CURVE('',#2070,#2068,#1905,.T.);
#2609=EDGE_CURVE('',#2071,#2069,#1906,.T.);
#2610=EDGE_CURVE('',#2070,#2071,#178,.T.);
#2611=EDGE_CURVE('',#2072,#2070,#179,.T.);
#2612=EDGE_CURVE('',#2073,#2071,#180,.T.);
#2613=EDGE_CURVE('',#2072,#2073,#181,.T.);
#2614=EDGE_CURVE('',#2074,#2072,#182,.T.);
#2615=EDGE_CURVE('',#2075,#2073,#183,.T.);
#2616=EDGE_CURVE('',#2074,#2075,#184,.T.);
#2617=EDGE_CURVE('',#2076,#2074,#185,.T.);
#2618=EDGE_CURVE('',#2077,#2075,#186,.T.);
#2619=EDGE_CURVE('',#2076,#2077,#187,.T.);
#2620=EDGE_CURVE('',#2078,#2076,#1907,.T.);
#2621=EDGE_CURVE('',#2079,#2077,#1908,.T.);
#2622=EDGE_CURVE('',#2078,#2079,#188,.T.);
#2623=EDGE_CURVE('',#2080,#2078,#189,.T.);
#2624=EDGE_CURVE('',#2081,#2079,#190,.T.);
#2625=EDGE_CURVE('',#2080,#2081,#191,.T.);
#2626=EDGE_CURVE('',#2082,#2080,#192,.T.);
#2627=EDGE_CURVE('',#2083,#2081,#193,.T.);
#2628=EDGE_CURVE('',#2082,#2083,#194,.T.);
#2629=EDGE_CURVE('',#2084,#2082,#195,.T.);
#2630=EDGE_CURVE('',#2085,#2083,#196,.T.);
#2631=EDGE_CURVE('',#2084,#2085,#197,.T.);
#2632=EDGE_CURVE('',#2086,#2084,#1909,.T.);
#2633=EDGE_CURVE('',#2087,#2085,#1910,.T.);
#2634=EDGE_CURVE('',#2086,#2087,#198,.T.);
#2635=EDGE_CURVE('',#2088,#2086,#199,.T.);
#2636=EDGE_CURVE('',#2089,#2087,#200,.T.);
#2637=EDGE_CURVE('',#2088,#2089,#201,.T.);
#2638=EDGE_CURVE('',#2090,#2088,#202,.T.);
#2639=EDGE_CURVE('',#2091,#2089,#203,.T.);
#2640=EDGE_CURVE('',#2090,#2091,#204,.T.);
#2641=EDGE_CURVE('',#2092,#2090,#205,.T.);
#2642=EDGE_CURVE('',#2093,#2091,#206,.T.);
#2643=EDGE_CURVE('',#2092,#2093,#207,.T.);
#2644=EDGE_CURVE('',#2094,#2092,#1911,.T.);
#2645=EDGE_CURVE('',#2095,#2093,#1912,.T.);
#2646=EDGE_CURVE('',#2094,#2095,#208,.T.);
#2647=EDGE_CURVE('',#2001,#2094,#209,.T.);
#2648=EDGE_CURVE('',#2002,#2095,#210,.T.);
#2649=EDGE_CURVE('',#2096,#2097,#211,.T.);
#2650=EDGE_CURVE('',#2097,#2098,#212,.T.);
#2651=EDGE_CURVE('',#2098,#2096,#1913,.T.);
#2652=EDGE_CURVE('',#2099,#2100,#213,.T.);
#2653=EDGE_CURVE('',#2100,#2101,#1914,.T.);
#2654=EDGE_CURVE('',#2101,#2099,#214,.T.);
#2655=EDGE_CURVE('',#2096,#2100,#215,.T.);
#2656=EDGE_CURVE('',#2097,#2099,#216,.T.);
#2657=EDGE_CURVE('',#2098,#2101,#217,.T.);
#2658=EDGE_CURVE('',#2102,#2103,#1915,.T.);
#2659=EDGE_CURVE('',#2104,#2103,#218,.T.);
#2660=EDGE_CURVE('',#2105,#2104,#1916,.T.);
#2661=EDGE_CURVE('',#2105,#2102,#219,.T.);
#2662=EDGE_CURVE('',#2103,#2106,#220,.T.);
#2663=EDGE_CURVE('',#2107,#2106,#221,.T.);
#2664=EDGE_CURVE('',#2104,#2107,#222,.T.);
#2665=EDGE_CURVE('',#2106,#2108,#223,.T.);
#2666=EDGE_CURVE('',#2109,#2108,#224,.T.);
#2667=EDGE_CURVE('',#2107,#2109,#225,.T.);
#2668=EDGE_CURVE('',#2108,#2110,#226,.T.);
#2669=EDGE_CURVE('',#2111,#2110,#227,.T.);
#2670=EDGE_CURVE('',#2109,#2111,#228,.T.);
#2671=EDGE_CURVE('',#2110,#2112,#1917,.T.);
#2672=EDGE_CURVE('',#2113,#2112,#229,.T.);
#2673=EDGE_CURVE('',#2111,#2113,#1918,.T.);
#2674=EDGE_CURVE('',#2112,#2114,#230,.T.);
#2675=EDGE_CURVE('',#2115,#2114,#231,.T.);
#2676=EDGE_CURVE('',#2113,#2115,#232,.T.);
#2677=EDGE_CURVE('',#2114,#2116,#233,.T.);
#2678=EDGE_CURVE('',#2117,#2116,#234,.T.);
#2679=EDGE_CURVE('',#2115,#2117,#235,.T.);
#2680=EDGE_CURVE('',#2116,#2118,#236,.T.);
#2681=EDGE_CURVE('',#2119,#2118,#237,.T.);
#2682=EDGE_CURVE('',#2117,#2119,#238,.T.);
#2683=EDGE_CURVE('',#2118,#2120,#1919,.T.);
#2684=EDGE_CURVE('',#2121,#2120,#239,.T.);
#2685=EDGE_CURVE('',#2119,#2121,#1920,.T.);
#2686=EDGE_CURVE('',#2120,#2122,#240,.T.);
#2687=EDGE_CURVE('',#2123,#2122,#241,.T.);
#2688=EDGE_CURVE('',#2121,#2123,#242,.T.);
#2689=EDGE_CURVE('',#2122,#2124,#243,.T.);
#2690=EDGE_CURVE('',#2125,#2124,#244,.T.);
#2691=EDGE_CURVE('',#2123,#2125,#245,.T.);
#2692=EDGE_CURVE('',#2124,#2126,#246,.T.);
#2693=EDGE_CURVE('',#2127,#2126,#247,.T.);
#2694=EDGE_CURVE('',#2125,#2127,#248,.T.);
#2695=EDGE_CURVE('',#2126,#2128,#1921,.T.);
#2696=EDGE_CURVE('',#2129,#2128,#249,.T.);
#2697=EDGE_CURVE('',#2127,#2129,#1922,.T.);
#2698=EDGE_CURVE('',#2128,#2130,#250,.T.);
#2699=EDGE_CURVE('',#2131,#2130,#251,.T.);
#2700=EDGE_CURVE('',#2129,#2131,#252,.T.);
#2701=EDGE_CURVE('',#2130,#2132,#253,.T.);
#2702=EDGE_CURVE('',#2133,#2132,#254,.T.);
#2703=EDGE_CURVE('',#2131,#2133,#255,.T.);
#2704=EDGE_CURVE('',#2132,#2134,#256,.T.);
#2705=EDGE_CURVE('',#2135,#2134,#257,.T.);
#2706=EDGE_CURVE('',#2133,#2135,#258,.T.);
#2707=EDGE_CURVE('',#2134,#2136,#1923,.T.);
#2708=EDGE_CURVE('',#2137,#2136,#259,.T.);
#2709=EDGE_CURVE('',#2135,#2137,#1924,.T.);
#2710=EDGE_CURVE('',#2136,#2138,#260,.T.);
#2711=EDGE_CURVE('',#2139,#2138,#261,.T.);
#2712=EDGE_CURVE('',#2137,#2139,#262,.T.);
#2713=EDGE_CURVE('',#2138,#2140,#263,.T.);
#2714=EDGE_CURVE('',#2141,#2140,#264,.T.);
#2715=EDGE_CURVE('',#2139,#2141,#265,.T.);
#2716=EDGE_CURVE('',#2140,#2142,#266,.T.);
#2717=EDGE_CURVE('',#2143,#2142,#267,.T.);
#2718=EDGE_CURVE('',#2141,#2143,#268,.T.);
#2719=EDGE_CURVE('',#2142,#2144,#1925,.T.);
#2720=EDGE_CURVE('',#2145,#2144,#269,.T.);
#2721=EDGE_CURVE('',#2143,#2145,#1926,.T.);
#2722=EDGE_CURVE('',#2144,#2146,#270,.T.);
#2723=EDGE_CURVE('',#2147,#2146,#271,.T.);
#2724=EDGE_CURVE('',#2145,#2147,#272,.T.);
#2725=EDGE_CURVE('',#2146,#2148,#273,.T.);
#2726=EDGE_CURVE('',#2149,#2148,#274,.T.);
#2727=EDGE_CURVE('',#2147,#2149,#275,.T.);
#2728=EDGE_CURVE('',#2148,#2150,#276,.T.);
#2729=EDGE_CURVE('',#2151,#2150,#277,.T.);
#2730=EDGE_CURVE('',#2149,#2151,#278,.T.);
#2731=EDGE_CURVE('',#2152,#2153,#279,.T.);
#2732=EDGE_CURVE('',#2154,#2153,#280,.T.);
#2733=EDGE_CURVE('',#2155,#2154,#281,.T.);
#2734=EDGE_CURVE('',#2155,#2152,#282,.T.);
#2735=EDGE_CURVE('',#2153,#2156,#283,.T.);
#2736=EDGE_CURVE('',#2157,#2156,#284,.T.);
#2737=EDGE_CURVE('',#2154,#2157,#285,.T.);
#2738=EDGE_CURVE('',#2156,#2158,#286,.T.);
#2739=EDGE_CURVE('',#2159,#2158,#287,.T.);
#2740=EDGE_CURVE('',#2157,#2159,#288,.T.);
#2741=EDGE_CURVE('',#2158,#2160,#1927,.T.);
#2742=EDGE_CURVE('',#2161,#2160,#289,.T.);
#2743=EDGE_CURVE('',#2159,#2161,#1928,.T.);
#2744=EDGE_CURVE('',#2160,#2162,#290,.T.);
#2745=EDGE_CURVE('',#2163,#2162,#291,.T.);
#2746=EDGE_CURVE('',#2161,#2163,#292,.T.);
#2747=EDGE_CURVE('',#2162,#2164,#293,.T.);
#2748=EDGE_CURVE('',#2165,#2164,#294,.T.);
#2749=EDGE_CURVE('',#2163,#2165,#295,.T.);
#2750=EDGE_CURVE('',#2164,#2166,#296,.T.);
#2751=EDGE_CURVE('',#2167,#2166,#297,.T.);
#2752=EDGE_CURVE('',#2165,#2167,#298,.T.);
#2753=EDGE_CURVE('',#2166,#2168,#299,.T.);
#2754=EDGE_CURVE('',#2169,#2168,#300,.T.);
#2755=EDGE_CURVE('',#2167,#2169,#301,.T.);
#2756=EDGE_CURVE('',#2168,#2170,#302,.T.);
#2757=EDGE_CURVE('',#2171,#2170,#303,.T.);
#2758=EDGE_CURVE('',#2169,#2171,#304,.T.);
#2759=EDGE_CURVE('',#2170,#2172,#1929,.T.);
#2760=EDGE_CURVE('',#2173,#2172,#305,.T.);
#2761=EDGE_CURVE('',#2171,#2173,#1930,.T.);
#2762=EDGE_CURVE('',#2172,#2174,#306,.T.);
#2763=EDGE_CURVE('',#2175,#2174,#307,.T.);
#2764=EDGE_CURVE('',#2173,#2175,#308,.T.);
#2765=EDGE_CURVE('',#2174,#2176,#309,.T.);
#2766=EDGE_CURVE('',#2177,#2176,#310,.T.);
#2767=EDGE_CURVE('',#2175,#2177,#311,.T.);
#2768=EDGE_CURVE('',#2176,#2178,#312,.T.);
#2769=EDGE_CURVE('',#2179,#2178,#313,.T.);
#2770=EDGE_CURVE('',#2177,#2179,#314,.T.);
#2771=EDGE_CURVE('',#2178,#2180,#315,.T.);
#2772=EDGE_CURVE('',#2181,#2180,#316,.T.);
#2773=EDGE_CURVE('',#2179,#2181,#317,.T.);
#2774=EDGE_CURVE('',#2180,#2182,#318,.T.);
#2775=EDGE_CURVE('',#2183,#2182,#319,.T.);
#2776=EDGE_CURVE('',#2181,#2183,#320,.T.);
#2777=EDGE_CURVE('',#2182,#2184,#1931,.T.);
#2778=EDGE_CURVE('',#2185,#2184,#321,.T.);
#2779=EDGE_CURVE('',#2183,#2185,#1932,.T.);
#2780=EDGE_CURVE('',#2184,#2186,#322,.T.);
#2781=EDGE_CURVE('',#2187,#2186,#323,.T.);
#2782=EDGE_CURVE('',#2185,#2187,#324,.T.);
#2783=EDGE_CURVE('',#2186,#2188,#325,.T.);
#2784=EDGE_CURVE('',#2189,#2188,#326,.T.);
#2785=EDGE_CURVE('',#2187,#2189,#327,.T.);
#2786=EDGE_CURVE('',#2188,#2190,#328,.T.);
#2787=EDGE_CURVE('',#2191,#2190,#329,.T.);
#2788=EDGE_CURVE('',#2189,#2191,#330,.T.);
#2789=EDGE_CURVE('',#2190,#2192,#331,.T.);
#2790=EDGE_CURVE('',#2193,#2192,#332,.T.);
#2791=EDGE_CURVE('',#2191,#2193,#333,.T.);
#2792=EDGE_CURVE('',#2192,#2194,#334,.T.);
#2793=EDGE_CURVE('',#2195,#2194,#335,.T.);
#2794=EDGE_CURVE('',#2193,#2195,#336,.T.);
#2795=EDGE_CURVE('',#2194,#2196,#1933,.T.);
#2796=EDGE_CURVE('',#2197,#2196,#337,.T.);
#2797=EDGE_CURVE('',#2195,#2197,#1934,.T.);
#2798=EDGE_CURVE('',#2196,#2198,#338,.T.);
#2799=EDGE_CURVE('',#2199,#2198,#339,.T.);
#2800=EDGE_CURVE('',#2197,#2199,#340,.T.);
#2801=EDGE_CURVE('',#2198,#2200,#341,.T.);
#2802=EDGE_CURVE('',#2201,#2200,#342,.T.);
#2803=EDGE_CURVE('',#2199,#2201,#343,.T.);
#2804=EDGE_CURVE('',#2200,#2202,#344,.T.);
#2805=EDGE_CURVE('',#2203,#2202,#345,.T.);
#2806=EDGE_CURVE('',#2201,#2203,#346,.T.);
#2807=EDGE_CURVE('',#2202,#2204,#347,.T.);
#2808=EDGE_CURVE('',#2205,#2204,#348,.T.);
#2809=EDGE_CURVE('',#2203,#2205,#349,.T.);
#2810=EDGE_CURVE('',#2204,#2206,#350,.T.);
#2811=EDGE_CURVE('',#2207,#2206,#351,.T.);
#2812=EDGE_CURVE('',#2205,#2207,#352,.T.);
#2813=EDGE_CURVE('',#2206,#2208,#1935,.T.);
#2814=EDGE_CURVE('',#2209,#2208,#353,.T.);
#2815=EDGE_CURVE('',#2207,#2209,#1936,.T.);
#2816=EDGE_CURVE('',#2208,#2210,#354,.T.);
#2817=EDGE_CURVE('',#2211,#2210,#355,.T.);
#2818=EDGE_CURVE('',#2209,#2211,#356,.T.);
#2819=EDGE_CURVE('',#2210,#2212,#357,.T.);
#2820=EDGE_CURVE('',#2213,#2212,#358,.T.);
#2821=EDGE_CURVE('',#2211,#2213,#359,.T.);
#2822=EDGE_CURVE('',#2212,#2214,#360,.T.);
#2823=EDGE_CURVE('',#2215,#2214,#361,.T.);
#2824=EDGE_CURVE('',#2213,#2215,#362,.T.);
#2825=EDGE_CURVE('',#2214,#2216,#363,.T.);
#2826=EDGE_CURVE('',#2217,#2216,#364,.T.);
#2827=EDGE_CURVE('',#2215,#2217,#365,.T.);
#2828=EDGE_CURVE('',#2216,#2218,#366,.T.);
#2829=EDGE_CURVE('',#2219,#2218,#367,.T.);
#2830=EDGE_CURVE('',#2217,#2219,#368,.T.);
#2831=EDGE_CURVE('',#2218,#2220,#1937,.T.);
#2832=EDGE_CURVE('',#2221,#2220,#369,.T.);
#2833=EDGE_CURVE('',#2219,#2221,#1938,.T.);
#2834=EDGE_CURVE('',#2220,#2222,#370,.T.);
#2835=EDGE_CURVE('',#2223,#2222,#371,.T.);
#2836=EDGE_CURVE('',#2221,#2223,#372,.T.);
#2837=EDGE_CURVE('',#2222,#2224,#373,.T.);
#2838=EDGE_CURVE('',#2225,#2224,#374,.T.);
#2839=EDGE_CURVE('',#2223,#2225,#375,.T.);
#2840=EDGE_CURVE('',#2224,#2226,#376,.T.);
#2841=EDGE_CURVE('',#2227,#2226,#377,.T.);
#2842=EDGE_CURVE('',#2225,#2227,#378,.T.);
#2843=EDGE_CURVE('',#2226,#2228,#379,.T.);
#2844=EDGE_CURVE('',#2229,#2228,#380,.T.);
#2845=EDGE_CURVE('',#2227,#2229,#381,.T.);
#2846=EDGE_CURVE('',#2228,#2230,#382,.T.);
#2847=EDGE_CURVE('',#2231,#2230,#383,.T.);
#2848=EDGE_CURVE('',#2229,#2231,#384,.T.);
#2849=EDGE_CURVE('',#2230,#2232,#1939,.T.);
#2850=EDGE_CURVE('',#2233,#2232,#385,.T.);
#2851=EDGE_CURVE('',#2231,#2233,#1940,.T.);
#2852=EDGE_CURVE('',#2232,#2234,#386,.T.);
#2853=EDGE_CURVE('',#2235,#2234,#387,.T.);
#2854=EDGE_CURVE('',#2233,#2235,#388,.T.);
#2855=EDGE_CURVE('',#2234,#2236,#389,.T.);
#2856=EDGE_CURVE('',#2237,#2236,#390,.T.);
#2857=EDGE_CURVE('',#2235,#2237,#391,.T.);
#2858=EDGE_CURVE('',#2236,#2238,#392,.T.);
#2859=EDGE_CURVE('',#2239,#2238,#393,.T.);
#2860=EDGE_CURVE('',#2237,#2239,#394,.T.);
#2861=EDGE_CURVE('',#2238,#2240,#395,.T.);
#2862=EDGE_CURVE('',#2241,#2240,#396,.T.);
#2863=EDGE_CURVE('',#2239,#2241,#397,.T.);
#2864=EDGE_CURVE('',#2240,#2242,#398,.T.);
#2865=EDGE_CURVE('',#2243,#2242,#399,.T.);
#2866=EDGE_CURVE('',#2241,#2243,#400,.T.);
#2867=EDGE_CURVE('',#2242,#2244,#1941,.T.);
#2868=EDGE_CURVE('',#2245,#2244,#401,.T.);
#2869=EDGE_CURVE('',#2243,#2245,#1942,.T.);
#2870=EDGE_CURVE('',#2244,#2246,#402,.T.);
#2871=EDGE_CURVE('',#2247,#2246,#403,.T.);
#2872=EDGE_CURVE('',#2245,#2247,#404,.T.);
#2873=EDGE_CURVE('',#2246,#2248,#405,.T.);
#2874=EDGE_CURVE('',#2249,#2248,#406,.T.);
#2875=EDGE_CURVE('',#2247,#2249,#407,.T.);
#2876=EDGE_CURVE('',#2248,#2250,#408,.T.);
#2877=EDGE_CURVE('',#2251,#2250,#409,.T.);
#2878=EDGE_CURVE('',#2249,#2251,#410,.T.);
#2879=EDGE_CURVE('',#2250,#2252,#411,.T.);
#2880=EDGE_CURVE('',#2253,#2252,#412,.T.);
#2881=EDGE_CURVE('',#2251,#2253,#413,.T.);
#2882=EDGE_CURVE('',#2252,#2254,#414,.T.);
#2883=EDGE_CURVE('',#2255,#2254,#415,.T.);
#2884=EDGE_CURVE('',#2253,#2255,#416,.T.);
#2885=EDGE_CURVE('',#2254,#2256,#1943,.T.);
#2886=EDGE_CURVE('',#2257,#2256,#417,.T.);
#2887=EDGE_CURVE('',#2255,#2257,#1944,.T.);
#2888=EDGE_CURVE('',#2256,#2258,#418,.T.);
#2889=EDGE_CURVE('',#2259,#2258,#419,.T.);
#2890=EDGE_CURVE('',#2257,#2259,#420,.T.);
#2891=EDGE_CURVE('',#2258,#2260,#421,.T.);
#2892=EDGE_CURVE('',#2261,#2260,#422,.T.);
#2893=EDGE_CURVE('',#2259,#2261,#423,.T.);
#2894=EDGE_CURVE('',#2260,#2262,#424,.T.);
#2895=EDGE_CURVE('',#2263,#2262,#425,.T.);
#2896=EDGE_CURVE('',#2261,#2263,#426,.T.);
#2897=EDGE_CURVE('',#2262,#2264,#427,.T.);
#2898=EDGE_CURVE('',#2265,#2264,#428,.T.);
#2899=EDGE_CURVE('',#2263,#2265,#429,.T.);
#2900=EDGE_CURVE('',#2264,#2266,#430,.T.);
#2901=EDGE_CURVE('',#2267,#2266,#431,.T.);
#2902=EDGE_CURVE('',#2265,#2267,#432,.T.);
#2903=EDGE_CURVE('',#2266,#2268,#1945,.T.);
#2904=EDGE_CURVE('',#2269,#2268,#433,.T.);
#2905=EDGE_CURVE('',#2267,#2269,#1946,.T.);
#2906=EDGE_CURVE('',#2268,#2270,#434,.T.);
#2907=EDGE_CURVE('',#2271,#2270,#435,.T.);
#2908=EDGE_CURVE('',#2269,#2271,#436,.T.);
#2909=EDGE_CURVE('',#2270,#2272,#437,.T.);
#2910=EDGE_CURVE('',#2273,#2272,#438,.T.);
#2911=EDGE_CURVE('',#2271,#2273,#439,.T.);
#2912=EDGE_CURVE('',#2272,#2274,#440,.T.);
#2913=EDGE_CURVE('',#2275,#2274,#441,.T.);
#2914=EDGE_CURVE('',#2273,#2275,#442,.T.);
#2915=EDGE_CURVE('',#2274,#2276,#443,.T.);
#2916=EDGE_CURVE('',#2277,#2276,#444,.T.);
#2917=EDGE_CURVE('',#2275,#2277,#445,.T.);
#2918=EDGE_CURVE('',#2276,#2278,#446,.T.);
#2919=EDGE_CURVE('',#2279,#2278,#447,.T.);
#2920=EDGE_CURVE('',#2277,#2279,#448,.T.);
#2921=EDGE_CURVE('',#2278,#2280,#1947,.T.);
#2922=EDGE_CURVE('',#2281,#2280,#449,.T.);
#2923=EDGE_CURVE('',#2279,#2281,#1948,.T.);
#2924=EDGE_CURVE('',#2280,#2282,#450,.T.);
#2925=EDGE_CURVE('',#2283,#2282,#451,.T.);
#2926=EDGE_CURVE('',#2281,#2283,#452,.T.);
#2927=EDGE_CURVE('',#2282,#2284,#453,.T.);
#2928=EDGE_CURVE('',#2285,#2284,#454,.T.);
#2929=EDGE_CURVE('',#2283,#2285,#455,.T.);
#2930=EDGE_CURVE('',#2284,#2286,#456,.T.);
#2931=EDGE_CURVE('',#2287,#2286,#457,.T.);
#2932=EDGE_CURVE('',#2285,#2287,#458,.T.);
#2933=EDGE_CURVE('',#2286,#2288,#459,.T.);
#2934=EDGE_CURVE('',#2289,#2288,#460,.T.);
#2935=EDGE_CURVE('',#2287,#2289,#461,.T.);
#2936=EDGE_CURVE('',#2288,#2290,#462,.T.);
#2937=EDGE_CURVE('',#2291,#2290,#463,.T.);
#2938=EDGE_CURVE('',#2289,#2291,#464,.T.);
#2939=EDGE_CURVE('',#2290,#2292,#1949,.T.);
#2940=EDGE_CURVE('',#2293,#2292,#465,.T.);
#2941=EDGE_CURVE('',#2291,#2293,#1950,.T.);
#2942=EDGE_CURVE('',#2292,#2294,#466,.T.);
#2943=EDGE_CURVE('',#2295,#2294,#467,.T.);
#2944=EDGE_CURVE('',#2295,#2293,#468,.T.);
#2945=EDGE_CURVE('',#2294,#2296,#469,.T.);
#2946=EDGE_CURVE('',#2297,#2296,#470,.T.);
#2947=EDGE_CURVE('',#2295,#2297,#471,.T.);
#2948=EDGE_CURVE('',#2150,#2298,#1951,.T.);
#2949=EDGE_CURVE('',#2299,#2298,#472,.T.);
#2950=EDGE_CURVE('',#2151,#2299,#1952,.T.);
#2951=EDGE_CURVE('',#2298,#2300,#473,.T.);
#2952=EDGE_CURVE('',#2301,#2300,#474,.T.);
#2953=EDGE_CURVE('',#2299,#2301,#475,.T.);
#2954=EDGE_CURVE('',#2300,#2302,#476,.T.);
#2955=EDGE_CURVE('',#2303,#2302,#477,.T.);
#2956=EDGE_CURVE('',#2301,#2303,#478,.T.);
#2957=EDGE_CURVE('',#2302,#2304,#479,.T.);
#2958=EDGE_CURVE('',#2305,#2304,#480,.T.);
#2959=EDGE_CURVE('',#2303,#2305,#481,.T.);
#2960=EDGE_CURVE('',#2304,#2306,#1953,.T.);
#2961=EDGE_CURVE('',#2307,#2306,#482,.T.);
#2962=EDGE_CURVE('',#2305,#2307,#1954,.T.);
#2963=EDGE_CURVE('',#2306,#2308,#483,.T.);
#2964=EDGE_CURVE('',#2309,#2308,#484,.T.);
#2965=EDGE_CURVE('',#2307,#2309,#485,.T.);
#2966=EDGE_CURVE('',#2308,#2310,#486,.T.);
#2967=EDGE_CURVE('',#2311,#2310,#487,.T.);
#2968=EDGE_CURVE('',#2309,#2311,#488,.T.);
#2969=EDGE_CURVE('',#2310,#2312,#489,.T.);
#2970=EDGE_CURVE('',#2313,#2312,#490,.T.);
#2971=EDGE_CURVE('',#2311,#2313,#491,.T.);
#2972=EDGE_CURVE('',#2312,#2314,#1955,.T.);
#2973=EDGE_CURVE('',#2315,#2314,#492,.T.);
#2974=EDGE_CURVE('',#2313,#2315,#1956,.T.);
#2975=EDGE_CURVE('',#2314,#2316,#493,.T.);
#2976=EDGE_CURVE('',#2317,#2316,#494,.T.);
#2977=EDGE_CURVE('',#2315,#2317,#495,.T.);
#2978=EDGE_CURVE('',#2316,#2318,#496,.T.);
#2979=EDGE_CURVE('',#2319,#2318,#497,.T.);
#2980=EDGE_CURVE('',#2317,#2319,#498,.T.);
#2981=EDGE_CURVE('',#2318,#2320,#499,.T.);
#2982=EDGE_CURVE('',#2321,#2320,#500,.T.);
#2983=EDGE_CURVE('',#2319,#2321,#501,.T.);
#2984=EDGE_CURVE('',#2320,#2322,#1957,.T.);
#2985=EDGE_CURVE('',#2323,#2322,#502,.T.);
#2986=EDGE_CURVE('',#2321,#2323,#1958,.T.);
#2987=EDGE_CURVE('',#2322,#2324,#503,.T.);
#2988=EDGE_CURVE('',#2325,#2324,#504,.T.);
#2989=EDGE_CURVE('',#2323,#2325,#505,.T.);
#2990=EDGE_CURVE('',#2324,#2326,#506,.T.);
#2991=EDGE_CURVE('',#2327,#2326,#507,.T.);
#2992=EDGE_CURVE('',#2325,#2327,#508,.T.);
#2993=EDGE_CURVE('',#2326,#2328,#509,.T.);
#2994=EDGE_CURVE('',#2329,#2328,#510,.T.);
#2995=EDGE_CURVE('',#2327,#2329,#511,.T.);
#2996=EDGE_CURVE('',#2328,#2330,#1959,.T.);
#2997=EDGE_CURVE('',#2331,#2330,#512,.T.);
#2998=EDGE_CURVE('',#2329,#2331,#1960,.T.);
#2999=EDGE_CURVE('',#2330,#2332,#513,.T.);
#3000=EDGE_CURVE('',#2333,#2332,#514,.T.);
#3001=EDGE_CURVE('',#2331,#2333,#515,.T.);
#3002=EDGE_CURVE('',#2332,#2334,#516,.T.);
#3003=EDGE_CURVE('',#2335,#2334,#517,.T.);
#3004=EDGE_CURVE('',#2333,#2335,#518,.T.);
#3005=EDGE_CURVE('',#2334,#2336,#519,.T.);
#3006=EDGE_CURVE('',#2337,#2336,#520,.T.);
#3007=EDGE_CURVE('',#2335,#2337,#521,.T.);
#3008=EDGE_CURVE('',#2336,#2338,#1961,.T.);
#3009=EDGE_CURVE('',#2339,#2338,#522,.T.);
#3010=EDGE_CURVE('',#2337,#2339,#1962,.T.);
#3011=EDGE_CURVE('',#2338,#2340,#523,.T.);
#3012=EDGE_CURVE('',#2341,#2340,#524,.T.);
#3013=EDGE_CURVE('',#2339,#2341,#525,.T.);
#3014=EDGE_CURVE('',#2340,#2342,#526,.T.);
#3015=EDGE_CURVE('',#2343,#2342,#527,.T.);
#3016=EDGE_CURVE('',#2341,#2343,#528,.T.);
#3017=EDGE_CURVE('',#2342,#2102,#529,.T.);
#3018=EDGE_CURVE('',#2343,#2105,#530,.T.);
#3019=EDGE_CURVE('',#2296,#2344,#531,.T.);
#3020=EDGE_CURVE('',#2345,#2344,#532,.T.);
#3021=EDGE_CURVE('',#2297,#2345,#533,.T.);
#3022=EDGE_CURVE('',#2344,#2346,#534,.T.);
#3023=EDGE_CURVE('',#2347,#2346,#535,.T.);
#3024=EDGE_CURVE('',#2345,#2347,#536,.T.);
#3025=EDGE_CURVE('',#2346,#2348,#537,.T.);
#3026=EDGE_CURVE('',#2349,#2348,#538,.T.);
#3027=EDGE_CURVE('',#2347,#2349,#539,.T.);
#3028=EDGE_CURVE('',#2348,#2350,#1963,.T.);
#3029=EDGE_CURVE('',#2351,#2350,#540,.T.);
#3030=EDGE_CURVE('',#2349,#2351,#1964,.T.);
#3031=EDGE_CURVE('',#2350,#2352,#541,.T.);
#3032=EDGE_CURVE('',#2353,#2352,#542,.T.);
#3033=EDGE_CURVE('',#2351,#2353,#543,.T.);
#3034=EDGE_CURVE('',#2352,#2354,#544,.T.);
#3035=EDGE_CURVE('',#2355,#2354,#545,.T.);
#3036=EDGE_CURVE('',#2353,#2355,#546,.T.);
#3037=EDGE_CURVE('',#2354,#2356,#547,.T.);
#3038=EDGE_CURVE('',#2357,#2356,#548,.T.);
#3039=EDGE_CURVE('',#2355,#2357,#549,.T.);
#3040=EDGE_CURVE('',#2356,#2358,#550,.T.);
#3041=EDGE_CURVE('',#2359,#2358,#551,.T.);
#3042=EDGE_CURVE('',#2357,#2359,#552,.T.);
#3043=EDGE_CURVE('',#2358,#2360,#553,.T.);
#3044=EDGE_CURVE('',#2361,#2360,#554,.T.);
#3045=EDGE_CURVE('',#2359,#2361,#555,.T.);
#3046=EDGE_CURVE('',#2360,#2362,#1965,.T.);
#3047=EDGE_CURVE('',#2363,#2362,#556,.T.);
#3048=EDGE_CURVE('',#2361,#2363,#1966,.T.);
#3049=EDGE_CURVE('',#2362,#2364,#557,.T.);
#3050=EDGE_CURVE('',#2365,#2364,#558,.T.);
#3051=EDGE_CURVE('',#2363,#2365,#559,.T.);
#3052=EDGE_CURVE('',#2364,#2366,#560,.T.);
#3053=EDGE_CURVE('',#2367,#2366,#561,.T.);
#3054=EDGE_CURVE('',#2365,#2367,#562,.T.);
#3055=EDGE_CURVE('',#2366,#2368,#563,.T.);
#3056=EDGE_CURVE('',#2369,#2368,#564,.T.);
#3057=EDGE_CURVE('',#2367,#2369,#565,.T.);
#3058=EDGE_CURVE('',#2368,#2370,#566,.T.);
#3059=EDGE_CURVE('',#2371,#2370,#567,.T.);
#3060=EDGE_CURVE('',#2369,#2371,#568,.T.);
#3061=EDGE_CURVE('',#2370,#2372,#569,.T.);
#3062=EDGE_CURVE('',#2373,#2372,#570,.T.);
#3063=EDGE_CURVE('',#2371,#2373,#571,.T.);
#3064=EDGE_CURVE('',#2372,#2374,#1967,.T.);
#3065=EDGE_CURVE('',#2375,#2374,#572,.T.);
#3066=EDGE_CURVE('',#2373,#2375,#1968,.T.);
#3067=EDGE_CURVE('',#2374,#2376,#573,.T.);
#3068=EDGE_CURVE('',#2377,#2376,#574,.T.);
#3069=EDGE_CURVE('',#2375,#2377,#575,.T.);
#3070=EDGE_CURVE('',#2376,#2378,#576,.T.);
#3071=EDGE_CURVE('',#2379,#2378,#577,.T.);
#3072=EDGE_CURVE('',#2377,#2379,#578,.T.);
#3073=EDGE_CURVE('',#2378,#2380,#579,.T.);
#3074=EDGE_CURVE('',#2381,#2380,#580,.T.);
#3075=EDGE_CURVE('',#2379,#2381,#581,.T.);
#3076=EDGE_CURVE('',#2380,#2382,#582,.T.);
#3077=EDGE_CURVE('',#2383,#2382,#583,.T.);
#3078=EDGE_CURVE('',#2381,#2383,#584,.T.);
#3079=EDGE_CURVE('',#2382,#2384,#585,.T.);
#3080=EDGE_CURVE('',#2385,#2384,#586,.T.);
#3081=EDGE_CURVE('',#2383,#2385,#587,.T.);
#3082=EDGE_CURVE('',#2384,#2386,#1969,.T.);
#3083=EDGE_CURVE('',#2387,#2386,#588,.T.);
#3084=EDGE_CURVE('',#2385,#2387,#1970,.T.);
#3085=EDGE_CURVE('',#2386,#2388,#589,.T.);
#3086=EDGE_CURVE('',#2389,#2388,#590,.T.);
#3087=EDGE_CURVE('',#2387,#2389,#591,.T.);
#3088=EDGE_CURVE('',#2388,#2390,#592,.T.);
#3089=EDGE_CURVE('',#2391,#2390,#593,.T.);
#3090=EDGE_CURVE('',#2389,#2391,#594,.T.);
#3091=EDGE_CURVE('',#2390,#2392,#595,.T.);
#3092=EDGE_CURVE('',#2393,#2392,#596,.T.);
#3093=EDGE_CURVE('',#2391,#2393,#597,.T.);
#3094=EDGE_CURVE('',#2392,#2394,#598,.T.);
#3095=EDGE_CURVE('',#2395,#2394,#599,.T.);
#3096=EDGE_CURVE('',#2393,#2395,#600,.T.);
#3097=EDGE_CURVE('',#2394,#2396,#601,.T.);
#3098=EDGE_CURVE('',#2397,#2396,#602,.T.);
#3099=EDGE_CURVE('',#2395,#2397,#603,.T.);
#3100=EDGE_CURVE('',#2396,#2398,#1971,.T.);
#3101=EDGE_CURVE('',#2399,#2398,#604,.T.);
#3102=EDGE_CURVE('',#2397,#2399,#1972,.T.);
#3103=EDGE_CURVE('',#2398,#2400,#605,.T.);
#3104=EDGE_CURVE('',#2401,#2400,#606,.T.);
#3105=EDGE_CURVE('',#2399,#2401,#607,.T.);
#3106=EDGE_CURVE('',#2400,#2402,#608,.T.);
#3107=EDGE_CURVE('',#2403,#2402,#609,.T.);
#3108=EDGE_CURVE('',#2401,#2403,#610,.T.);
#3109=EDGE_CURVE('',#2402,#2404,#611,.T.);
#3110=EDGE_CURVE('',#2405,#2404,#612,.T.);
#3111=EDGE_CURVE('',#2403,#2405,#613,.T.);
#3112=EDGE_CURVE('',#2404,#2406,#614,.T.);
#3113=EDGE_CURVE('',#2407,#2406,#615,.T.);
#3114=EDGE_CURVE('',#2405,#2407,#616,.T.);
#3115=EDGE_CURVE('',#2406,#2408,#617,.T.);
#3116=EDGE_CURVE('',#2409,#2408,#618,.T.);
#3117=EDGE_CURVE('',#2407,#2409,#619,.T.);
#3118=EDGE_CURVE('',#2408,#2410,#1973,.T.);
#3119=EDGE_CURVE('',#2411,#2410,#620,.T.);
#3120=EDGE_CURVE('',#2409,#2411,#1974,.T.);
#3121=EDGE_CURVE('',#2410,#2412,#621,.T.);
#3122=EDGE_CURVE('',#2413,#2412,#622,.T.);
#3123=EDGE_CURVE('',#2411,#2413,#623,.T.);
#3124=EDGE_CURVE('',#2412,#2414,#624,.T.);
#3125=EDGE_CURVE('',#2415,#2414,#625,.T.);
#3126=EDGE_CURVE('',#2413,#2415,#626,.T.);
#3127=EDGE_CURVE('',#2414,#2416,#627,.T.);
#3128=EDGE_CURVE('',#2417,#2416,#628,.T.);
#3129=EDGE_CURVE('',#2415,#2417,#629,.T.);
#3130=EDGE_CURVE('',#2416,#2418,#630,.T.);
#3131=EDGE_CURVE('',#2419,#2418,#631,.T.);
#3132=EDGE_CURVE('',#2417,#2419,#632,.T.);
#3133=EDGE_CURVE('',#2418,#2420,#633,.T.);
#3134=EDGE_CURVE('',#2421,#2420,#634,.T.);
#3135=EDGE_CURVE('',#2419,#2421,#635,.T.);
#3136=EDGE_CURVE('',#2420,#2422,#1975,.T.);
#3137=EDGE_CURVE('',#2423,#2422,#636,.T.);
#3138=EDGE_CURVE('',#2421,#2423,#1976,.T.);
#3139=EDGE_CURVE('',#2422,#2424,#637,.T.);
#3140=EDGE_CURVE('',#2425,#2424,#638,.T.);
#3141=EDGE_CURVE('',#2423,#2425,#639,.T.);
#3142=EDGE_CURVE('',#2424,#2426,#640,.T.);
#3143=EDGE_CURVE('',#2427,#2426,#641,.T.);
#3144=EDGE_CURVE('',#2425,#2427,#642,.T.);
#3145=EDGE_CURVE('',#2426,#2428,#643,.T.);
#3146=EDGE_CURVE('',#2429,#2428,#644,.T.);
#3147=EDGE_CURVE('',#2427,#2429,#645,.T.);
#3148=EDGE_CURVE('',#2428,#2430,#646,.T.);
#3149=EDGE_CURVE('',#2431,#2430,#647,.T.);
#3150=EDGE_CURVE('',#2429,#2431,#648,.T.);
#3151=EDGE_CURVE('',#2430,#2432,#649,.T.);
#3152=EDGE_CURVE('',#2433,#2432,#650,.T.);
#3153=EDGE_CURVE('',#2431,#2433,#651,.T.);
#3154=EDGE_CURVE('',#2432,#2434,#1977,.T.);
#3155=EDGE_CURVE('',#2435,#2434,#652,.T.);
#3156=EDGE_CURVE('',#2433,#2435,#1978,.T.);
#3157=EDGE_CURVE('',#2434,#2436,#653,.T.);
#3158=EDGE_CURVE('',#2437,#2436,#654,.T.);
#3159=EDGE_CURVE('',#2435,#2437,#655,.T.);
#3160=EDGE_CURVE('',#2436,#2438,#656,.T.);
#3161=EDGE_CURVE('',#2439,#2438,#657,.T.);
#3162=EDGE_CURVE('',#2437,#2439,#658,.T.);
#3163=EDGE_CURVE('',#2438,#2440,#659,.T.);
#3164=EDGE_CURVE('',#2441,#2440,#660,.T.);
#3165=EDGE_CURVE('',#2439,#2441,#661,.T.);
#3166=EDGE_CURVE('',#2440,#2442,#662,.T.);
#3167=EDGE_CURVE('',#2443,#2442,#663,.T.);
#3168=EDGE_CURVE('',#2441,#2443,#664,.T.);
#3169=EDGE_CURVE('',#2442,#2444,#665,.T.);
#3170=EDGE_CURVE('',#2445,#2444,#666,.T.);
#3171=EDGE_CURVE('',#2443,#2445,#667,.T.);
#3172=EDGE_CURVE('',#2444,#2446,#1979,.T.);
#3173=EDGE_CURVE('',#2447,#2446,#668,.T.);
#3174=EDGE_CURVE('',#2445,#2447,#1980,.T.);
#3175=EDGE_CURVE('',#2446,#2448,#669,.T.);
#3176=EDGE_CURVE('',#2449,#2448,#670,.T.);
#3177=EDGE_CURVE('',#2447,#2449,#671,.T.);
#3178=EDGE_CURVE('',#2448,#2450,#672,.T.);
#3179=EDGE_CURVE('',#2451,#2450,#673,.T.);
#3180=EDGE_CURVE('',#2449,#2451,#674,.T.);
#3181=EDGE_CURVE('',#2450,#2452,#675,.T.);
#3182=EDGE_CURVE('',#2453,#2452,#676,.T.);
#3183=EDGE_CURVE('',#2451,#2453,#677,.T.);
#3184=EDGE_CURVE('',#2452,#2454,#678,.T.);
#3185=EDGE_CURVE('',#2455,#2454,#679,.T.);
#3186=EDGE_CURVE('',#2453,#2455,#680,.T.);
#3187=EDGE_CURVE('',#2454,#2456,#681,.T.);
#3188=EDGE_CURVE('',#2457,#2456,#682,.T.);
#3189=EDGE_CURVE('',#2455,#2457,#683,.T.);
#3190=EDGE_CURVE('',#2456,#2458,#1981,.T.);
#3191=EDGE_CURVE('',#2459,#2458,#684,.T.);
#3192=EDGE_CURVE('',#2457,#2459,#1982,.T.);
#3193=EDGE_CURVE('',#2458,#2460,#685,.T.);
#3194=EDGE_CURVE('',#2461,#2460,#686,.T.);
#3195=EDGE_CURVE('',#2459,#2461,#687,.T.);
#3196=EDGE_CURVE('',#2460,#2462,#688,.T.);
#3197=EDGE_CURVE('',#2463,#2462,#689,.T.);
#3198=EDGE_CURVE('',#2461,#2463,#690,.T.);
#3199=EDGE_CURVE('',#2462,#2464,#691,.T.);
#3200=EDGE_CURVE('',#2465,#2464,#692,.T.);
#3201=EDGE_CURVE('',#2463,#2465,#693,.T.);
#3202=EDGE_CURVE('',#2464,#2466,#694,.T.);
#3203=EDGE_CURVE('',#2467,#2466,#695,.T.);
#3204=EDGE_CURVE('',#2465,#2467,#696,.T.);
#3205=EDGE_CURVE('',#2466,#2468,#697,.T.);
#3206=EDGE_CURVE('',#2469,#2468,#698,.T.);
#3207=EDGE_CURVE('',#2467,#2469,#699,.T.);
#3208=EDGE_CURVE('',#2468,#2470,#1983,.T.);
#3209=EDGE_CURVE('',#2471,#2470,#700,.T.);
#3210=EDGE_CURVE('',#2469,#2471,#1984,.T.);
#3211=EDGE_CURVE('',#2470,#2472,#701,.T.);
#3212=EDGE_CURVE('',#2473,#2472,#702,.T.);
#3213=EDGE_CURVE('',#2471,#2473,#703,.T.);
#3214=EDGE_CURVE('',#2472,#2474,#704,.T.);
#3215=EDGE_CURVE('',#2475,#2474,#705,.T.);
#3216=EDGE_CURVE('',#2473,#2475,#706,.T.);
#3217=EDGE_CURVE('',#2474,#2476,#707,.T.);
#3218=EDGE_CURVE('',#2477,#2476,#708,.T.);
#3219=EDGE_CURVE('',#2475,#2477,#709,.T.);
#3220=EDGE_CURVE('',#2476,#2478,#710,.T.);
#3221=EDGE_CURVE('',#2479,#2478,#711,.T.);
#3222=EDGE_CURVE('',#2477,#2479,#712,.T.);
#3223=EDGE_CURVE('',#2478,#2480,#713,.T.);
#3224=EDGE_CURVE('',#2481,#2480,#714,.T.);
#3225=EDGE_CURVE('',#2479,#2481,#715,.T.);
#3226=EDGE_CURVE('',#2480,#2482,#1985,.T.);
#3227=EDGE_CURVE('',#2483,#2482,#716,.T.);
#3228=EDGE_CURVE('',#2481,#2483,#1986,.T.);
#3229=EDGE_CURVE('',#2482,#2484,#717,.T.);
#3230=EDGE_CURVE('',#2485,#2484,#718,.T.);
#3231=EDGE_CURVE('',#2483,#2485,#719,.T.);
#3232=EDGE_CURVE('',#2484,#2152,#720,.T.);
#3233=EDGE_CURVE('',#2485,#2155,#721,.T.);
#3234=ORIENTED_EDGE('',*,*,#2486,.F.);
#3235=ORIENTED_EDGE('',*,*,#2487,.F.);
#3236=ORIENTED_EDGE('',*,*,#2488,.F.);
#3237=ORIENTED_EDGE('',*,*,#2489,.F.);
#3238=ORIENTED_EDGE('',*,*,#2490,.F.);
#3239=ORIENTED_EDGE('',*,*,#2490,.T.);
#3240=ORIENTED_EDGE('',*,*,#2491,.T.);
#3241=ORIENTED_EDGE('',*,*,#2492,.F.);
#3242=ORIENTED_EDGE('',*,*,#2493,.F.);
#3243=ORIENTED_EDGE('',*,*,#2489,.T.);
#3244=ORIENTED_EDGE('',*,*,#2494,.T.);
#3245=ORIENTED_EDGE('',*,*,#2495,.F.);
#3246=ORIENTED_EDGE('',*,*,#2491,.F.);
#3247=ORIENTED_EDGE('',*,*,#2496,.F.);
#3248=ORIENTED_EDGE('',*,*,#2497,.T.);
#3249=ORIENTED_EDGE('',*,*,#2498,.F.);
#3250=ORIENTED_EDGE('',*,*,#2499,.F.);
#3251=ORIENTED_EDGE('',*,*,#2497,.F.);
#3252=ORIENTED_EDGE('',*,*,#2486,.T.);
#3253=ORIENTED_EDGE('',*,*,#2500,.T.);
#3254=ORIENTED_EDGE('',*,*,#2501,.F.);
#3255=ORIENTED_EDGE('',*,*,#2500,.F.);
#3256=ORIENTED_EDGE('',*,*,#2498,.T.);
#3257=ORIENTED_EDGE('',*,*,#2499,.T.);
#3258=ORIENTED_EDGE('',*,*,#2487,.T.);
#3259=ORIENTED_EDGE('',*,*,#2493,.T.);
#3260=ORIENTED_EDGE('',*,*,#2502,.F.);
#3261=ORIENTED_EDGE('',*,*,#2503,.T.);
#3262=ORIENTED_EDGE('',*,*,#2488,.T.);
#3263=ORIENTED_EDGE('',*,*,#2503,.F.);
#3264=ORIENTED_EDGE('',*,*,#2504,.F.);
#3265=ORIENTED_EDGE('',*,*,#2494,.F.);
#3266=ORIENTED_EDGE('',*,*,#2496,.T.);
#3267=ORIENTED_EDGE('',*,*,#2505,.T.);
#3268=ORIENTED_EDGE('',*,*,#2506,.T.);
#3269=ORIENTED_EDGE('',*,*,#2507,.F.);
#3270=ORIENTED_EDGE('',*,*,#2508,.F.);
#3271=ORIENTED_EDGE('',*,*,#2509,.T.);
#3272=ORIENTED_EDGE('',*,*,#2508,.T.);
#3273=ORIENTED_EDGE('',*,*,#2510,.F.);
#3274=ORIENTED_EDGE('',*,*,#2511,.F.);
#3275=ORIENTED_EDGE('',*,*,#2512,.T.);
#3276=ORIENTED_EDGE('',*,*,#2511,.T.);
#3277=ORIENTED_EDGE('',*,*,#2513,.F.);
#3278=ORIENTED_EDGE('',*,*,#2514,.F.);
#3279=ORIENTED_EDGE('',*,*,#2515,.T.);
#3280=ORIENTED_EDGE('',*,*,#2514,.T.);
#3281=ORIENTED_EDGE('',*,*,#2516,.F.);
#3282=ORIENTED_EDGE('',*,*,#2517,.F.);
#3283=ORIENTED_EDGE('',*,*,#2518,.T.);
#3284=ORIENTED_EDGE('',*,*,#2517,.T.);
#3285=ORIENTED_EDGE('',*,*,#2519,.F.);
#3286=ORIENTED_EDGE('',*,*,#2520,.F.);
#3287=ORIENTED_EDGE('',*,*,#2521,.T.);
#3288=ORIENTED_EDGE('',*,*,#2520,.T.);
#3289=ORIENTED_EDGE('',*,*,#2522,.F.);
#3290=ORIENTED_EDGE('',*,*,#2523,.F.);
#3291=ORIENTED_EDGE('',*,*,#2524,.T.);
#3292=ORIENTED_EDGE('',*,*,#2523,.T.);
#3293=ORIENTED_EDGE('',*,*,#2525,.F.);
#3294=ORIENTED_EDGE('',*,*,#2526,.F.);
#3295=ORIENTED_EDGE('',*,*,#2527,.T.);
#3296=ORIENTED_EDGE('',*,*,#2526,.T.);
#3297=ORIENTED_EDGE('',*,*,#2528,.F.);
#3298=ORIENTED_EDGE('',*,*,#2529,.F.);
#3299=ORIENTED_EDGE('',*,*,#2530,.T.);
#3300=ORIENTED_EDGE('',*,*,#2529,.T.);
#3301=ORIENTED_EDGE('',*,*,#2531,.F.);
#3302=ORIENTED_EDGE('',*,*,#2532,.F.);
#3303=ORIENTED_EDGE('',*,*,#2533,.T.);
#3304=ORIENTED_EDGE('',*,*,#2532,.T.);
#3305=ORIENTED_EDGE('',*,*,#2534,.F.);
#3306=ORIENTED_EDGE('',*,*,#2535,.F.);
#3307=ORIENTED_EDGE('',*,*,#2536,.T.);
#3308=ORIENTED_EDGE('',*,*,#2535,.T.);
#3309=ORIENTED_EDGE('',*,*,#2537,.F.);
#3310=ORIENTED_EDGE('',*,*,#2538,.F.);
#3311=ORIENTED_EDGE('',*,*,#2539,.T.);
#3312=ORIENTED_EDGE('',*,*,#2538,.T.);
#3313=ORIENTED_EDGE('',*,*,#2540,.F.);
#3314=ORIENTED_EDGE('',*,*,#2541,.F.);
#3315=ORIENTED_EDGE('',*,*,#2542,.T.);
#3316=ORIENTED_EDGE('',*,*,#2541,.T.);
#3317=ORIENTED_EDGE('',*,*,#2543,.F.);
#3318=ORIENTED_EDGE('',*,*,#2544,.F.);
#3319=ORIENTED_EDGE('',*,*,#2545,.T.);
#3320=ORIENTED_EDGE('',*,*,#2544,.T.);
#3321=ORIENTED_EDGE('',*,*,#2546,.F.);
#3322=ORIENTED_EDGE('',*,*,#2547,.F.);
#3323=ORIENTED_EDGE('',*,*,#2548,.T.);
#3324=ORIENTED_EDGE('',*,*,#2547,.T.);
#3325=ORIENTED_EDGE('',*,*,#2549,.F.);
#3326=ORIENTED_EDGE('',*,*,#2550,.F.);
#3327=ORIENTED_EDGE('',*,*,#2551,.T.);
#3328=ORIENTED_EDGE('',*,*,#2550,.T.);
#3329=ORIENTED_EDGE('',*,*,#2552,.F.);
#3330=ORIENTED_EDGE('',*,*,#2553,.F.);
#3331=ORIENTED_EDGE('',*,*,#2554,.T.);
#3332=ORIENTED_EDGE('',*,*,#2553,.T.);
#3333=ORIENTED_EDGE('',*,*,#2555,.F.);
#3334=ORIENTED_EDGE('',*,*,#2556,.F.);
#3335=ORIENTED_EDGE('',*,*,#2557,.T.);
#3336=ORIENTED_EDGE('',*,*,#2556,.T.);
#3337=ORIENTED_EDGE('',*,*,#2558,.F.);
#3338=ORIENTED_EDGE('',*,*,#2559,.F.);
#3339=ORIENTED_EDGE('',*,*,#2560,.T.);
#3340=ORIENTED_EDGE('',*,*,#2559,.T.);
#3341=ORIENTED_EDGE('',*,*,#2561,.F.);
#3342=ORIENTED_EDGE('',*,*,#2562,.F.);
#3343=ORIENTED_EDGE('',*,*,#2563,.T.);
#3344=ORIENTED_EDGE('',*,*,#2562,.T.);
#3345=ORIENTED_EDGE('',*,*,#2564,.F.);
#3346=ORIENTED_EDGE('',*,*,#2565,.F.);
#3347=ORIENTED_EDGE('',*,*,#2566,.T.);
#3348=ORIENTED_EDGE('',*,*,#2565,.T.);
#3349=ORIENTED_EDGE('',*,*,#2567,.F.);
#3350=ORIENTED_EDGE('',*,*,#2568,.F.);
#3351=ORIENTED_EDGE('',*,*,#2569,.T.);
#3352=ORIENTED_EDGE('',*,*,#2568,.T.);
#3353=ORIENTED_EDGE('',*,*,#2570,.F.);
#3354=ORIENTED_EDGE('',*,*,#2571,.F.);
#3355=ORIENTED_EDGE('',*,*,#2572,.T.);
#3356=ORIENTED_EDGE('',*,*,#2571,.T.);
#3357=ORIENTED_EDGE('',*,*,#2573,.F.);
#3358=ORIENTED_EDGE('',*,*,#2574,.F.);
#3359=ORIENTED_EDGE('',*,*,#2575,.T.);
#3360=ORIENTED_EDGE('',*,*,#2574,.T.);
#3361=ORIENTED_EDGE('',*,*,#2576,.F.);
#3362=ORIENTED_EDGE('',*,*,#2577,.F.);
#3363=ORIENTED_EDGE('',*,*,#2578,.T.);
#3364=ORIENTED_EDGE('',*,*,#2577,.T.);
#3365=ORIENTED_EDGE('',*,*,#2579,.F.);
#3366=ORIENTED_EDGE('',*,*,#2580,.F.);
#3367=ORIENTED_EDGE('',*,*,#2581,.T.);
#3368=ORIENTED_EDGE('',*,*,#2580,.T.);
#3369=ORIENTED_EDGE('',*,*,#2582,.F.);
#3370=ORIENTED_EDGE('',*,*,#2583,.F.);
#3371=ORIENTED_EDGE('',*,*,#2584,.T.);
#3372=ORIENTED_EDGE('',*,*,#2583,.T.);
#3373=ORIENTED_EDGE('',*,*,#2585,.F.);
#3374=ORIENTED_EDGE('',*,*,#2586,.F.);
#3375=ORIENTED_EDGE('',*,*,#2587,.T.);
#3376=ORIENTED_EDGE('',*,*,#2586,.T.);
#3377=ORIENTED_EDGE('',*,*,#2588,.F.);
#3378=ORIENTED_EDGE('',*,*,#2589,.F.);
#3379=ORIENTED_EDGE('',*,*,#2590,.T.);
#3380=ORIENTED_EDGE('',*,*,#2589,.T.);
#3381=ORIENTED_EDGE('',*,*,#2591,.F.);
#3382=ORIENTED_EDGE('',*,*,#2592,.F.);
#3383=ORIENTED_EDGE('',*,*,#2593,.T.);
#3384=ORIENTED_EDGE('',*,*,#2592,.T.);
#3385=ORIENTED_EDGE('',*,*,#2594,.F.);
#3386=ORIENTED_EDGE('',*,*,#2595,.F.);
#3387=ORIENTED_EDGE('',*,*,#2596,.T.);
#3388=ORIENTED_EDGE('',*,*,#2595,.T.);
#3389=ORIENTED_EDGE('',*,*,#2597,.F.);
#3390=ORIENTED_EDGE('',*,*,#2598,.F.);
#3391=ORIENTED_EDGE('',*,*,#2599,.T.);
#3392=ORIENTED_EDGE('',*,*,#2598,.T.);
#3393=ORIENTED_EDGE('',*,*,#2600,.F.);
#3394=ORIENTED_EDGE('',*,*,#2601,.F.);
#3395=ORIENTED_EDGE('',*,*,#2602,.T.);
#3396=ORIENTED_EDGE('',*,*,#2601,.T.);
#3397=ORIENTED_EDGE('',*,*,#2603,.F.);
#3398=ORIENTED_EDGE('',*,*,#2604,.F.);
#3399=ORIENTED_EDGE('',*,*,#2605,.T.);
#3400=ORIENTED_EDGE('',*,*,#2604,.T.);
#3401=ORIENTED_EDGE('',*,*,#2606,.F.);
#3402=ORIENTED_EDGE('',*,*,#2607,.F.);
#3403=ORIENTED_EDGE('',*,*,#2608,.T.);
#3404=ORIENTED_EDGE('',*,*,#2607,.T.);
#3405=ORIENTED_EDGE('',*,*,#2609,.F.);
#3406=ORIENTED_EDGE('',*,*,#2610,.F.);
#3407=ORIENTED_EDGE('',*,*,#2611,.T.);
#3408=ORIENTED_EDGE('',*,*,#2610,.T.);
#3409=ORIENTED_EDGE('',*,*,#2612,.F.);
#3410=ORIENTED_EDGE('',*,*,#2613,.F.);
#3411=ORIENTED_EDGE('',*,*,#2614,.T.);
#3412=ORIENTED_EDGE('',*,*,#2613,.T.);
#3413=ORIENTED_EDGE('',*,*,#2615,.F.);
#3414=ORIENTED_EDGE('',*,*,#2616,.F.);
#3415=ORIENTED_EDGE('',*,*,#2617,.T.);
#3416=ORIENTED_EDGE('',*,*,#2616,.T.);
#3417=ORIENTED_EDGE('',*,*,#2618,.F.);
#3418=ORIENTED_EDGE('',*,*,#2619,.F.);
#3419=ORIENTED_EDGE('',*,*,#2620,.T.);
#3420=ORIENTED_EDGE('',*,*,#2619,.T.);
#3421=ORIENTED_EDGE('',*,*,#2621,.F.);
#3422=ORIENTED_EDGE('',*,*,#2622,.F.);
#3423=ORIENTED_EDGE('',*,*,#2623,.T.);
#3424=ORIENTED_EDGE('',*,*,#2622,.T.);
#3425=ORIENTED_EDGE('',*,*,#2624,.F.);
#3426=ORIENTED_EDGE('',*,*,#2625,.F.);
#3427=ORIENTED_EDGE('',*,*,#2626,.T.);
#3428=ORIENTED_EDGE('',*,*,#2625,.T.);
#3429=ORIENTED_EDGE('',*,*,#2627,.F.);
#3430=ORIENTED_EDGE('',*,*,#2628,.F.);
#3431=ORIENTED_EDGE('',*,*,#2629,.T.);
#3432=ORIENTED_EDGE('',*,*,#2628,.T.);
#3433=ORIENTED_EDGE('',*,*,#2630,.F.);
#3434=ORIENTED_EDGE('',*,*,#2631,.F.);
#3435=ORIENTED_EDGE('',*,*,#2632,.T.);
#3436=ORIENTED_EDGE('',*,*,#2631,.T.);
#3437=ORIENTED_EDGE('',*,*,#2633,.F.);
#3438=ORIENTED_EDGE('',*,*,#2634,.F.);
#3439=ORIENTED_EDGE('',*,*,#2635,.T.);
#3440=ORIENTED_EDGE('',*,*,#2634,.T.);
#3441=ORIENTED_EDGE('',*,*,#2636,.F.);
#3442=ORIENTED_EDGE('',*,*,#2637,.F.);
#3443=ORIENTED_EDGE('',*,*,#2638,.T.);
#3444=ORIENTED_EDGE('',*,*,#2637,.T.);
#3445=ORIENTED_EDGE('',*,*,#2639,.F.);
#3446=ORIENTED_EDGE('',*,*,#2640,.F.);
#3447=ORIENTED_EDGE('',*,*,#2641,.T.);
#3448=ORIENTED_EDGE('',*,*,#2640,.T.);
#3449=ORIENTED_EDGE('',*,*,#2642,.F.);
#3450=ORIENTED_EDGE('',*,*,#2643,.F.);
#3451=ORIENTED_EDGE('',*,*,#2644,.T.);
#3452=ORIENTED_EDGE('',*,*,#2643,.T.);
#3453=ORIENTED_EDGE('',*,*,#2645,.F.);
#3454=ORIENTED_EDGE('',*,*,#2646,.F.);
#3455=ORIENTED_EDGE('',*,*,#2647,.T.);
#3456=ORIENTED_EDGE('',*,*,#2646,.T.);
#3457=ORIENTED_EDGE('',*,*,#2648,.F.);
#3458=ORIENTED_EDGE('',*,*,#2506,.F.);
#3459=ORIENTED_EDGE('',*,*,#2648,.T.);
#3460=ORIENTED_EDGE('',*,*,#2645,.T.);
#3461=ORIENTED_EDGE('',*,*,#2642,.T.);
#3462=ORIENTED_EDGE('',*,*,#2639,.T.);
#3463=ORIENTED_EDGE('',*,*,#2636,.T.);
#3464=ORIENTED_EDGE('',*,*,#2633,.T.);
#3465=ORIENTED_EDGE('',*,*,#2630,.T.);
#3466=ORIENTED_EDGE('',*,*,#2627,.T.);
#3467=ORIENTED_EDGE('',*,*,#2624,.T.);
#3468=ORIENTED_EDGE('',*,*,#2621,.T.);
#3469=ORIENTED_EDGE('',*,*,#2618,.T.);
#3470=ORIENTED_EDGE('',*,*,#2615,.T.);
#3471=ORIENTED_EDGE('',*,*,#2612,.T.);
#3472=ORIENTED_EDGE('',*,*,#2609,.T.);
#3473=ORIENTED_EDGE('',*,*,#2606,.T.);
#3474=ORIENTED_EDGE('',*,*,#2603,.T.);
#3475=ORIENTED_EDGE('',*,*,#2600,.T.);
#3476=ORIENTED_EDGE('',*,*,#2597,.T.);
#3477=ORIENTED_EDGE('',*,*,#2594,.T.);
#3478=ORIENTED_EDGE('',*,*,#2591,.T.);
#3479=ORIENTED_EDGE('',*,*,#2588,.T.);
#3480=ORIENTED_EDGE('',*,*,#2585,.T.);
#3481=ORIENTED_EDGE('',*,*,#2582,.T.);
#3482=ORIENTED_EDGE('',*,*,#2579,.T.);
#3483=ORIENTED_EDGE('',*,*,#2576,.T.);
#3484=ORIENTED_EDGE('',*,*,#2573,.T.);
#3485=ORIENTED_EDGE('',*,*,#2570,.T.);
#3486=ORIENTED_EDGE('',*,*,#2567,.T.);
#3487=ORIENTED_EDGE('',*,*,#2564,.T.);
#3488=ORIENTED_EDGE('',*,*,#2561,.T.);
#3489=ORIENTED_EDGE('',*,*,#2558,.T.);
#3490=ORIENTED_EDGE('',*,*,#2555,.T.);
#3491=ORIENTED_EDGE('',*,*,#2552,.T.);
#3492=ORIENTED_EDGE('',*,*,#2549,.T.);
#3493=ORIENTED_EDGE('',*,*,#2546,.T.);
#3494=ORIENTED_EDGE('',*,*,#2543,.T.);
#3495=ORIENTED_EDGE('',*,*,#2540,.T.);
#3496=ORIENTED_EDGE('',*,*,#2537,.T.);
#3497=ORIENTED_EDGE('',*,*,#2534,.T.);
#3498=ORIENTED_EDGE('',*,*,#2531,.T.);
#3499=ORIENTED_EDGE('',*,*,#2528,.T.);
#3500=ORIENTED_EDGE('',*,*,#2525,.T.);
#3501=ORIENTED_EDGE('',*,*,#2522,.T.);
#3502=ORIENTED_EDGE('',*,*,#2519,.T.);
#3503=ORIENTED_EDGE('',*,*,#2516,.T.);
#3504=ORIENTED_EDGE('',*,*,#2513,.T.);
#3505=ORIENTED_EDGE('',*,*,#2510,.T.);
#3506=ORIENTED_EDGE('',*,*,#2507,.T.);
#3507=ORIENTED_EDGE('',*,*,#2501,.T.);
#3508=ORIENTED_EDGE('',*,*,#2647,.F.);
#3509=ORIENTED_EDGE('',*,*,#2505,.F.);
#3510=ORIENTED_EDGE('',*,*,#2509,.F.);
#3511=ORIENTED_EDGE('',*,*,#2512,.F.);
#3512=ORIENTED_EDGE('',*,*,#2515,.F.);
#3513=ORIENTED_EDGE('',*,*,#2518,.F.);
#3514=ORIENTED_EDGE('',*,*,#2521,.F.);
#3515=ORIENTED_EDGE('',*,*,#2524,.F.);
#3516=ORIENTED_EDGE('',*,*,#2527,.F.);
#3517=ORIENTED_EDGE('',*,*,#2530,.F.);
#3518=ORIENTED_EDGE('',*,*,#2533,.F.);
#3519=ORIENTED_EDGE('',*,*,#2536,.F.);
#3520=ORIENTED_EDGE('',*,*,#2539,.F.);
#3521=ORIENTED_EDGE('',*,*,#2542,.F.);
#3522=ORIENTED_EDGE('',*,*,#2545,.F.);
#3523=ORIENTED_EDGE('',*,*,#2548,.F.);
#3524=ORIENTED_EDGE('',*,*,#2551,.F.);
#3525=ORIENTED_EDGE('',*,*,#2554,.F.);
#3526=ORIENTED_EDGE('',*,*,#2557,.F.);
#3527=ORIENTED_EDGE('',*,*,#2560,.F.);
#3528=ORIENTED_EDGE('',*,*,#2563,.F.);
#3529=ORIENTED_EDGE('',*,*,#2566,.F.);
#3530=ORIENTED_EDGE('',*,*,#2569,.F.);
#3531=ORIENTED_EDGE('',*,*,#2572,.F.);
#3532=ORIENTED_EDGE('',*,*,#2575,.F.);
#3533=ORIENTED_EDGE('',*,*,#2578,.F.);
#3534=ORIENTED_EDGE('',*,*,#2581,.F.);
#3535=ORIENTED_EDGE('',*,*,#2584,.F.);
#3536=ORIENTED_EDGE('',*,*,#2587,.F.);
#3537=ORIENTED_EDGE('',*,*,#2590,.F.);
#3538=ORIENTED_EDGE('',*,*,#2593,.F.);
#3539=ORIENTED_EDGE('',*,*,#2596,.F.);
#3540=ORIENTED_EDGE('',*,*,#2599,.F.);
#3541=ORIENTED_EDGE('',*,*,#2602,.F.);
#3542=ORIENTED_EDGE('',*,*,#2605,.F.);
#3543=ORIENTED_EDGE('',*,*,#2608,.F.);
#3544=ORIENTED_EDGE('',*,*,#2611,.F.);
#3545=ORIENTED_EDGE('',*,*,#2614,.F.);
#3546=ORIENTED_EDGE('',*,*,#2617,.F.);
#3547=ORIENTED_EDGE('',*,*,#2620,.F.);
#3548=ORIENTED_EDGE('',*,*,#2623,.F.);
#3549=ORIENTED_EDGE('',*,*,#2626,.F.);
#3550=ORIENTED_EDGE('',*,*,#2629,.F.);
#3551=ORIENTED_EDGE('',*,*,#2632,.F.);
#3552=ORIENTED_EDGE('',*,*,#2635,.F.);
#3553=ORIENTED_EDGE('',*,*,#2638,.F.);
#3554=ORIENTED_EDGE('',*,*,#2641,.F.);
#3555=ORIENTED_EDGE('',*,*,#2644,.F.);
#3556=ORIENTED_EDGE('',*,*,#2502,.T.);
#3557=ORIENTED_EDGE('',*,*,#2492,.T.);
#3558=ORIENTED_EDGE('',*,*,#2495,.T.);
#3559=ORIENTED_EDGE('',*,*,#2504,.T.);
#3560=ORIENTED_EDGE('',*,*,#2649,.T.);
#3561=ORIENTED_EDGE('',*,*,#2650,.T.);
#3562=ORIENTED_EDGE('',*,*,#2651,.T.);
#3563=ORIENTED_EDGE('',*,*,#2652,.T.);
#3564=ORIENTED_EDGE('',*,*,#2653,.T.);
#3565=ORIENTED_EDGE('',*,*,#2654,.T.);
#3566=ORIENTED_EDGE('',*,*,#2649,.F.);
#3567=ORIENTED_EDGE('',*,*,#2655,.T.);
#3568=ORIENTED_EDGE('',*,*,#2652,.F.);
#3569=ORIENTED_EDGE('',*,*,#2656,.F.);
#3570=ORIENTED_EDGE('',*,*,#2651,.F.);
#3571=ORIENTED_EDGE('',*,*,#2657,.T.);
#3572=ORIENTED_EDGE('',*,*,#2653,.F.);
#3573=ORIENTED_EDGE('',*,*,#2655,.F.);
#3574=ORIENTED_EDGE('',*,*,#2650,.F.);
#3575=ORIENTED_EDGE('',*,*,#2656,.T.);
#3576=ORIENTED_EDGE('',*,*,#2654,.F.);
#3577=ORIENTED_EDGE('',*,*,#2657,.F.);
#3578=ORIENTED_EDGE('',*,*,#2658,.T.);
#3579=ORIENTED_EDGE('',*,*,#2659,.F.);
#3580=ORIENTED_EDGE('',*,*,#2660,.F.);
#3581=ORIENTED_EDGE('',*,*,#2661,.T.);
#3582=ORIENTED_EDGE('',*,*,#2662,.T.);
#3583=ORIENTED_EDGE('',*,*,#2663,.F.);
#3584=ORIENTED_EDGE('',*,*,#2664,.F.);
#3585=ORIENTED_EDGE('',*,*,#2659,.T.);
#3586=ORIENTED_EDGE('',*,*,#2665,.T.);
#3587=ORIENTED_EDGE('',*,*,#2666,.F.);
#3588=ORIENTED_EDGE('',*,*,#2667,.F.);
#3589=ORIENTED_EDGE('',*,*,#2663,.T.);
#3590=ORIENTED_EDGE('',*,*,#2668,.T.);
#3591=ORIENTED_EDGE('',*,*,#2669,.F.);
#3592=ORIENTED_EDGE('',*,*,#2670,.F.);
#3593=ORIENTED_EDGE('',*,*,#2666,.T.);
#3594=ORIENTED_EDGE('',*,*,#2671,.T.);
#3595=ORIENTED_EDGE('',*,*,#2672,.F.);
#3596=ORIENTED_EDGE('',*,*,#2673,.F.);
#3597=ORIENTED_EDGE('',*,*,#2669,.T.);
#3598=ORIENTED_EDGE('',*,*,#2674,.T.);
#3599=ORIENTED_EDGE('',*,*,#2675,.F.);
#3600=ORIENTED_EDGE('',*,*,#2676,.F.);
#3601=ORIENTED_EDGE('',*,*,#2672,.T.);
#3602=ORIENTED_EDGE('',*,*,#2677,.T.);
#3603=ORIENTED_EDGE('',*,*,#2678,.F.);
#3604=ORIENTED_EDGE('',*,*,#2679,.F.);
#3605=ORIENTED_EDGE('',*,*,#2675,.T.);
#3606=ORIENTED_EDGE('',*,*,#2680,.T.);
#3607=ORIENTED_EDGE('',*,*,#2681,.F.);
#3608=ORIENTED_EDGE('',*,*,#2682,.F.);
#3609=ORIENTED_EDGE('',*,*,#2678,.T.);
#3610=ORIENTED_EDGE('',*,*,#2683,.T.);
#3611=ORIENTED_EDGE('',*,*,#2684,.F.);
#3612=ORIENTED_EDGE('',*,*,#2685,.F.);
#3613=ORIENTED_EDGE('',*,*,#2681,.T.);
#3614=ORIENTED_EDGE('',*,*,#2686,.T.);
#3615=ORIENTED_EDGE('',*,*,#2687,.F.);
#3616=ORIENTED_EDGE('',*,*,#2688,.F.);
#3617=ORIENTED_EDGE('',*,*,#2684,.T.);
#3618=ORIENTED_EDGE('',*,*,#2689,.T.);
#3619=ORIENTED_EDGE('',*,*,#2690,.F.);
#3620=ORIENTED_EDGE('',*,*,#2691,.F.);
#3621=ORIENTED_EDGE('',*,*,#2687,.T.);
#3622=ORIENTED_EDGE('',*,*,#2692,.T.);
#3623=ORIENTED_EDGE('',*,*,#2693,.F.);
#3624=ORIENTED_EDGE('',*,*,#2694,.F.);
#3625=ORIENTED_EDGE('',*,*,#2690,.T.);
#3626=ORIENTED_EDGE('',*,*,#2695,.T.);
#3627=ORIENTED_EDGE('',*,*,#2696,.F.);
#3628=ORIENTED_EDGE('',*,*,#2697,.F.);
#3629=ORIENTED_EDGE('',*,*,#2693,.T.);
#3630=ORIENTED_EDGE('',*,*,#2698,.T.);
#3631=ORIENTED_EDGE('',*,*,#2699,.F.);
#3632=ORIENTED_EDGE('',*,*,#2700,.F.);
#3633=ORIENTED_EDGE('',*,*,#2696,.T.);
#3634=ORIENTED_EDGE('',*,*,#2701,.T.);
#3635=ORIENTED_EDGE('',*,*,#2702,.F.);
#3636=ORIENTED_EDGE('',*,*,#2703,.F.);
#3637=ORIENTED_EDGE('',*,*,#2699,.T.);
#3638=ORIENTED_EDGE('',*,*,#2704,.T.);
#3639=ORIENTED_EDGE('',*,*,#2705,.F.);
#3640=ORIENTED_EDGE('',*,*,#2706,.F.);
#3641=ORIENTED_EDGE('',*,*,#2702,.T.);
#3642=ORIENTED_EDGE('',*,*,#2707,.T.);
#3643=ORIENTED_EDGE('',*,*,#2708,.F.);
#3644=ORIENTED_EDGE('',*,*,#2709,.F.);
#3645=ORIENTED_EDGE('',*,*,#2705,.T.);
#3646=ORIENTED_EDGE('',*,*,#2710,.T.);
#3647=ORIENTED_EDGE('',*,*,#2711,.F.);
#3648=ORIENTED_EDGE('',*,*,#2712,.F.);
#3649=ORIENTED_EDGE('',*,*,#2708,.T.);
#3650=ORIENTED_EDGE('',*,*,#2713,.T.);
#3651=ORIENTED_EDGE('',*,*,#2714,.F.);
#3652=ORIENTED_EDGE('',*,*,#2715,.F.);
#3653=ORIENTED_EDGE('',*,*,#2711,.T.);
#3654=ORIENTED_EDGE('',*,*,#2716,.T.);
#3655=ORIENTED_EDGE('',*,*,#2717,.F.);
#3656=ORIENTED_EDGE('',*,*,#2718,.F.);
#3657=ORIENTED_EDGE('',*,*,#2714,.T.);
#3658=ORIENTED_EDGE('',*,*,#2719,.T.);
#3659=ORIENTED_EDGE('',*,*,#2720,.F.);
#3660=ORIENTED_EDGE('',*,*,#2721,.F.);
#3661=ORIENTED_EDGE('',*,*,#2717,.T.);
#3662=ORIENTED_EDGE('',*,*,#2722,.T.);
#3663=ORIENTED_EDGE('',*,*,#2723,.F.);
#3664=ORIENTED_EDGE('',*,*,#2724,.F.);
#3665=ORIENTED_EDGE('',*,*,#2720,.T.);
#3666=ORIENTED_EDGE('',*,*,#2725,.T.);
#3667=ORIENTED_EDGE('',*,*,#2726,.F.);
#3668=ORIENTED_EDGE('',*,*,#2727,.F.);
#3669=ORIENTED_EDGE('',*,*,#2723,.T.);
#3670=ORIENTED_EDGE('',*,*,#2728,.T.);
#3671=ORIENTED_EDGE('',*,*,#2729,.F.);
#3672=ORIENTED_EDGE('',*,*,#2730,.F.);
#3673=ORIENTED_EDGE('',*,*,#2726,.T.);
#3674=ORIENTED_EDGE('',*,*,#2731,.T.);
#3675=ORIENTED_EDGE('',*,*,#2732,.F.);
#3676=ORIENTED_EDGE('',*,*,#2733,.F.);
#3677=ORIENTED_EDGE('',*,*,#2734,.T.);
#3678=ORIENTED_EDGE('',*,*,#2735,.T.);
#3679=ORIENTED_EDGE('',*,*,#2736,.F.);
#3680=ORIENTED_EDGE('',*,*,#2737,.F.);
#3681=ORIENTED_EDGE('',*,*,#2732,.T.);
#3682=ORIENTED_EDGE('',*,*,#2738,.T.);
#3683=ORIENTED_EDGE('',*,*,#2739,.F.);
#3684=ORIENTED_EDGE('',*,*,#2740,.F.);
#3685=ORIENTED_EDGE('',*,*,#2736,.T.);
#3686=ORIENTED_EDGE('',*,*,#2741,.T.);
#3687=ORIENTED_EDGE('',*,*,#2742,.F.);
#3688=ORIENTED_EDGE('',*,*,#2743,.F.);
#3689=ORIENTED_EDGE('',*,*,#2739,.T.);
#3690=ORIENTED_EDGE('',*,*,#2744,.T.);
#3691=ORIENTED_EDGE('',*,*,#2745,.F.);
#3692=ORIENTED_EDGE('',*,*,#2746,.F.);
#3693=ORIENTED_EDGE('',*,*,#2742,.T.);
#3694=ORIENTED_EDGE('',*,*,#2747,.T.);
#3695=ORIENTED_EDGE('',*,*,#2748,.F.);
#3696=ORIENTED_EDGE('',*,*,#2749,.F.);
#3697=ORIENTED_EDGE('',*,*,#2745,.T.);
#3698=ORIENTED_EDGE('',*,*,#2750,.T.);
#3699=ORIENTED_EDGE('',*,*,#2751,.F.);
#3700=ORIENTED_EDGE('',*,*,#2752,.F.);
#3701=ORIENTED_EDGE('',*,*,#2748,.T.);
#3702=ORIENTED_EDGE('',*,*,#2753,.T.);
#3703=ORIENTED_EDGE('',*,*,#2754,.F.);
#3704=ORIENTED_EDGE('',*,*,#2755,.F.);
#3705=ORIENTED_EDGE('',*,*,#2751,.T.);
#3706=ORIENTED_EDGE('',*,*,#2756,.T.);
#3707=ORIENTED_EDGE('',*,*,#2757,.F.);
#3708=ORIENTED_EDGE('',*,*,#2758,.F.);
#3709=ORIENTED_EDGE('',*,*,#2754,.T.);
#3710=ORIENTED_EDGE('',*,*,#2759,.T.);
#3711=ORIENTED_EDGE('',*,*,#2760,.F.);
#3712=ORIENTED_EDGE('',*,*,#2761,.F.);
#3713=ORIENTED_EDGE('',*,*,#2757,.T.);
#3714=ORIENTED_EDGE('',*,*,#2762,.T.);
#3715=ORIENTED_EDGE('',*,*,#2763,.F.);
#3716=ORIENTED_EDGE('',*,*,#2764,.F.);
#3717=ORIENTED_EDGE('',*,*,#2760,.T.);
#3718=ORIENTED_EDGE('',*,*,#2765,.T.);
#3719=ORIENTED_EDGE('',*,*,#2766,.F.);
#3720=ORIENTED_EDGE('',*,*,#2767,.F.);
#3721=ORIENTED_EDGE('',*,*,#2763,.T.);
#3722=ORIENTED_EDGE('',*,*,#2768,.T.);
#3723=ORIENTED_EDGE('',*,*,#2769,.F.);
#3724=ORIENTED_EDGE('',*,*,#2770,.F.);
#3725=ORIENTED_EDGE('',*,*,#2766,.T.);
#3726=ORIENTED_EDGE('',*,*,#2771,.T.);
#3727=ORIENTED_EDGE('',*,*,#2772,.F.);
#3728=ORIENTED_EDGE('',*,*,#2773,.F.);
#3729=ORIENTED_EDGE('',*,*,#2769,.T.);
#3730=ORIENTED_EDGE('',*,*,#2774,.T.);
#3731=ORIENTED_EDGE('',*,*,#2775,.F.);
#3732=ORIENTED_EDGE('',*,*,#2776,.F.);
#3733=ORIENTED_EDGE('',*,*,#2772,.T.);
#3734=ORIENTED_EDGE('',*,*,#2777,.T.);
#3735=ORIENTED_EDGE('',*,*,#2778,.F.);
#3736=ORIENTED_EDGE('',*,*,#2779,.F.);
#3737=ORIENTED_EDGE('',*,*,#2775,.T.);
#3738=ORIENTED_EDGE('',*,*,#2780,.T.);
#3739=ORIENTED_EDGE('',*,*,#2781,.F.);
#3740=ORIENTED_EDGE('',*,*,#2782,.F.);
#3741=ORIENTED_EDGE('',*,*,#2778,.T.);
#3742=ORIENTED_EDGE('',*,*,#2783,.T.);
#3743=ORIENTED_EDGE('',*,*,#2784,.F.);
#3744=ORIENTED_EDGE('',*,*,#2785,.F.);
#3745=ORIENTED_EDGE('',*,*,#2781,.T.);
#3746=ORIENTED_EDGE('',*,*,#2786,.T.);
#3747=ORIENTED_EDGE('',*,*,#2787,.F.);
#3748=ORIENTED_EDGE('',*,*,#2788,.F.);
#3749=ORIENTED_EDGE('',*,*,#2784,.T.);
#3750=ORIENTED_EDGE('',*,*,#2789,.T.);
#3751=ORIENTED_EDGE('',*,*,#2790,.F.);
#3752=ORIENTED_EDGE('',*,*,#2791,.F.);
#3753=ORIENTED_EDGE('',*,*,#2787,.T.);
#3754=ORIENTED_EDGE('',*,*,#2792,.T.);
#3755=ORIENTED_EDGE('',*,*,#2793,.F.);
#3756=ORIENTED_EDGE('',*,*,#2794,.F.);
#3757=ORIENTED_EDGE('',*,*,#2790,.T.);
#3758=ORIENTED_EDGE('',*,*,#2795,.T.);
#3759=ORIENTED_EDGE('',*,*,#2796,.F.);
#3760=ORIENTED_EDGE('',*,*,#2797,.F.);
#3761=ORIENTED_EDGE('',*,*,#2793,.T.);
#3762=ORIENTED_EDGE('',*,*,#2798,.T.);
#3763=ORIENTED_EDGE('',*,*,#2799,.F.);
#3764=ORIENTED_EDGE('',*,*,#2800,.F.);
#3765=ORIENTED_EDGE('',*,*,#2796,.T.);
#3766=ORIENTED_EDGE('',*,*,#2801,.T.);
#3767=ORIENTED_EDGE('',*,*,#2802,.F.);
#3768=ORIENTED_EDGE('',*,*,#2803,.F.);
#3769=ORIENTED_EDGE('',*,*,#2799,.T.);
#3770=ORIENTED_EDGE('',*,*,#2804,.T.);
#3771=ORIENTED_EDGE('',*,*,#2805,.F.);
#3772=ORIENTED_EDGE('',*,*,#2806,.F.);
#3773=ORIENTED_EDGE('',*,*,#2802,.T.);
#3774=ORIENTED_EDGE('',*,*,#2807,.T.);
#3775=ORIENTED_EDGE('',*,*,#2808,.F.);
#3776=ORIENTED_EDGE('',*,*,#2809,.F.);
#3777=ORIENTED_EDGE('',*,*,#2805,.T.);
#3778=ORIENTED_EDGE('',*,*,#2810,.T.);
#3779=ORIENTED_EDGE('',*,*,#2811,.F.);
#3780=ORIENTED_EDGE('',*,*,#2812,.F.);
#3781=ORIENTED_EDGE('',*,*,#2808,.T.);
#3782=ORIENTED_EDGE('',*,*,#2813,.T.);
#3783=ORIENTED_EDGE('',*,*,#2814,.F.);
#3784=ORIENTED_EDGE('',*,*,#2815,.F.);
#3785=ORIENTED_EDGE('',*,*,#2811,.T.);
#3786=ORIENTED_EDGE('',*,*,#2816,.T.);
#3787=ORIENTED_EDGE('',*,*,#2817,.F.);
#3788=ORIENTED_EDGE('',*,*,#2818,.F.);
#3789=ORIENTED_EDGE('',*,*,#2814,.T.);
#3790=ORIENTED_EDGE('',*,*,#2819,.T.);
#3791=ORIENTED_EDGE('',*,*,#2820,.F.);
#3792=ORIENTED_EDGE('',*,*,#2821,.F.);
#3793=ORIENTED_EDGE('',*,*,#2817,.T.);
#3794=ORIENTED_EDGE('',*,*,#2822,.T.);
#3795=ORIENTED_EDGE('',*,*,#2823,.F.);
#3796=ORIENTED_EDGE('',*,*,#2824,.F.);
#3797=ORIENTED_EDGE('',*,*,#2820,.T.);
#3798=ORIENTED_EDGE('',*,*,#2825,.T.);
#3799=ORIENTED_EDGE('',*,*,#2826,.F.);
#3800=ORIENTED_EDGE('',*,*,#2827,.F.);
#3801=ORIENTED_EDGE('',*,*,#2823,.T.);
#3802=ORIENTED_EDGE('',*,*,#2828,.T.);
#3803=ORIENTED_EDGE('',*,*,#2829,.F.);
#3804=ORIENTED_EDGE('',*,*,#2830,.F.);
#3805=ORIENTED_EDGE('',*,*,#2826,.T.);
#3806=ORIENTED_EDGE('',*,*,#2831,.T.);
#3807=ORIENTED_EDGE('',*,*,#2832,.F.);
#3808=ORIENTED_EDGE('',*,*,#2833,.F.);
#3809=ORIENTED_EDGE('',*,*,#2829,.T.);
#3810=ORIENTED_EDGE('',*,*,#2834,.T.);
#3811=ORIENTED_EDGE('',*,*,#2835,.F.);
#3812=ORIENTED_EDGE('',*,*,#2836,.F.);
#3813=ORIENTED_EDGE('',*,*,#2832,.T.);
#3814=ORIENTED_EDGE('',*,*,#2837,.T.);
#3815=ORIENTED_EDGE('',*,*,#2838,.F.);
#3816=ORIENTED_EDGE('',*,*,#2839,.F.);
#3817=ORIENTED_EDGE('',*,*,#2835,.T.);
#3818=ORIENTED_EDGE('',*,*,#2840,.T.);
#3819=ORIENTED_EDGE('',*,*,#2841,.F.);
#3820=ORIENTED_EDGE('',*,*,#2842,.F.);
#3821=ORIENTED_EDGE('',*,*,#2838,.T.);
#3822=ORIENTED_EDGE('',*,*,#2843,.T.);
#3823=ORIENTED_EDGE('',*,*,#2844,.F.);
#3824=ORIENTED_EDGE('',*,*,#2845,.F.);
#3825=ORIENTED_EDGE('',*,*,#2841,.T.);
#3826=ORIENTED_EDGE('',*,*,#2846,.T.);
#3827=ORIENTED_EDGE('',*,*,#2847,.F.);
#3828=ORIENTED_EDGE('',*,*,#2848,.F.);
#3829=ORIENTED_EDGE('',*,*,#2844,.T.);
#3830=ORIENTED_EDGE('',*,*,#2849,.T.);
#3831=ORIENTED_EDGE('',*,*,#2850,.F.);
#3832=ORIENTED_EDGE('',*,*,#2851,.F.);
#3833=ORIENTED_EDGE('',*,*,#2847,.T.);
#3834=ORIENTED_EDGE('',*,*,#2852,.T.);
#3835=ORIENTED_EDGE('',*,*,#2853,.F.);
#3836=ORIENTED_EDGE('',*,*,#2854,.F.);
#3837=ORIENTED_EDGE('',*,*,#2850,.T.);
#3838=ORIENTED_EDGE('',*,*,#2855,.T.);
#3839=ORIENTED_EDGE('',*,*,#2856,.F.);
#3840=ORIENTED_EDGE('',*,*,#2857,.F.);
#3841=ORIENTED_EDGE('',*,*,#2853,.T.);
#3842=ORIENTED_EDGE('',*,*,#2858,.T.);
#3843=ORIENTED_EDGE('',*,*,#2859,.F.);
#3844=ORIENTED_EDGE('',*,*,#2860,.F.);
#3845=ORIENTED_EDGE('',*,*,#2856,.T.);
#3846=ORIENTED_EDGE('',*,*,#2861,.T.);
#3847=ORIENTED_EDGE('',*,*,#2862,.F.);
#3848=ORIENTED_EDGE('',*,*,#2863,.F.);
#3849=ORIENTED_EDGE('',*,*,#2859,.T.);
#3850=ORIENTED_EDGE('',*,*,#2864,.T.);
#3851=ORIENTED_EDGE('',*,*,#2865,.F.);
#3852=ORIENTED_EDGE('',*,*,#2866,.F.);
#3853=ORIENTED_EDGE('',*,*,#2862,.T.);
#3854=ORIENTED_EDGE('',*,*,#2867,.T.);
#3855=ORIENTED_EDGE('',*,*,#2868,.F.);
#3856=ORIENTED_EDGE('',*,*,#2869,.F.);
#3857=ORIENTED_EDGE('',*,*,#2865,.T.);
#3858=ORIENTED_EDGE('',*,*,#2870,.T.);
#3859=ORIENTED_EDGE('',*,*,#2871,.F.);
#3860=ORIENTED_EDGE('',*,*,#2872,.F.);
#3861=ORIENTED_EDGE('',*,*,#2868,.T.);
#3862=ORIENTED_EDGE('',*,*,#2873,.T.);
#3863=ORIENTED_EDGE('',*,*,#2874,.F.);
#3864=ORIENTED_EDGE('',*,*,#2875,.F.);
#3865=ORIENTED_EDGE('',*,*,#2871,.T.);
#3866=ORIENTED_EDGE('',*,*,#2876,.T.);
#3867=ORIENTED_EDGE('',*,*,#2877,.F.);
#3868=ORIENTED_EDGE('',*,*,#2878,.F.);
#3869=ORIENTED_EDGE('',*,*,#2874,.T.);
#3870=ORIENTED_EDGE('',*,*,#2879,.T.);
#3871=ORIENTED_EDGE('',*,*,#2880,.F.);
#3872=ORIENTED_EDGE('',*,*,#2881,.F.);
#3873=ORIENTED_EDGE('',*,*,#2877,.T.);
#3874=ORIENTED_EDGE('',*,*,#2882,.T.);
#3875=ORIENTED_EDGE('',*,*,#2883,.F.);
#3876=ORIENTED_EDGE('',*,*,#2884,.F.);
#3877=ORIENTED_EDGE('',*,*,#2880,.T.);
#3878=ORIENTED_EDGE('',*,*,#2885,.T.);
#3879=ORIENTED_EDGE('',*,*,#2886,.F.);
#3880=ORIENTED_EDGE('',*,*,#2887,.F.);
#3881=ORIENTED_EDGE('',*,*,#2883,.T.);
#3882=ORIENTED_EDGE('',*,*,#2888,.T.);
#3883=ORIENTED_EDGE('',*,*,#2889,.F.);
#3884=ORIENTED_EDGE('',*,*,#2890,.F.);
#3885=ORIENTED_EDGE('',*,*,#2886,.T.);
#3886=ORIENTED_EDGE('',*,*,#2891,.T.);
#3887=ORIENTED_EDGE('',*,*,#2892,.F.);
#3888=ORIENTED_EDGE('',*,*,#2893,.F.);
#3889=ORIENTED_EDGE('',*,*,#2889,.T.);
#3890=ORIENTED_EDGE('',*,*,#2894,.T.);
#3891=ORIENTED_EDGE('',*,*,#2895,.F.);
#3892=ORIENTED_EDGE('',*,*,#2896,.F.);
#3893=ORIENTED_EDGE('',*,*,#2892,.T.);
#3894=ORIENTED_EDGE('',*,*,#2897,.T.);
#3895=ORIENTED_EDGE('',*,*,#2898,.F.);
#3896=ORIENTED_EDGE('',*,*,#2899,.F.);
#3897=ORIENTED_EDGE('',*,*,#2895,.T.);
#3898=ORIENTED_EDGE('',*,*,#2900,.T.);
#3899=ORIENTED_EDGE('',*,*,#2901,.F.);
#3900=ORIENTED_EDGE('',*,*,#2902,.F.);
#3901=ORIENTED_EDGE('',*,*,#2898,.T.);
#3902=ORIENTED_EDGE('',*,*,#2903,.T.);
#3903=ORIENTED_EDGE('',*,*,#2904,.F.);
#3904=ORIENTED_EDGE('',*,*,#2905,.F.);
#3905=ORIENTED_EDGE('',*,*,#2901,.T.);
#3906=ORIENTED_EDGE('',*,*,#2906,.T.);
#3907=ORIENTED_EDGE('',*,*,#2907,.F.);
#3908=ORIENTED_EDGE('',*,*,#2908,.F.);
#3909=ORIENTED_EDGE('',*,*,#2904,.T.);
#3910=ORIENTED_EDGE('',*,*,#2909,.T.);
#3911=ORIENTED_EDGE('',*,*,#2910,.F.);
#3912=ORIENTED_EDGE('',*,*,#2911,.F.);
#3913=ORIENTED_EDGE('',*,*,#2907,.T.);
#3914=ORIENTED_EDGE('',*,*,#2912,.T.);
#3915=ORIENTED_EDGE('',*,*,#2913,.F.);
#3916=ORIENTED_EDGE('',*,*,#2914,.F.);
#3917=ORIENTED_EDGE('',*,*,#2910,.T.);
#3918=ORIENTED_EDGE('',*,*,#2915,.T.);
#3919=ORIENTED_EDGE('',*,*,#2916,.F.);
#3920=ORIENTED_EDGE('',*,*,#2917,.F.);
#3921=ORIENTED_EDGE('',*,*,#2913,.T.);
#3922=ORIENTED_EDGE('',*,*,#2918,.T.);
#3923=ORIENTED_EDGE('',*,*,#2919,.F.);
#3924=ORIENTED_EDGE('',*,*,#2920,.F.);
#3925=ORIENTED_EDGE('',*,*,#2916,.T.);
#3926=ORIENTED_EDGE('',*,*,#2921,.T.);
#3927=ORIENTED_EDGE('',*,*,#2922,.F.);
#3928=ORIENTED_EDGE('',*,*,#2923,.F.);
#3929=ORIENTED_EDGE('',*,*,#2919,.T.);
#3930=ORIENTED_EDGE('',*,*,#2924,.T.);
#3931=ORIENTED_EDGE('',*,*,#2925,.F.);
#3932=ORIENTED_EDGE('',*,*,#2926,.F.);
#3933=ORIENTED_EDGE('',*,*,#2922,.T.);
#3934=ORIENTED_EDGE('',*,*,#2927,.T.);
#3935=ORIENTED_EDGE('',*,*,#2928,.F.);
#3936=ORIENTED_EDGE('',*,*,#2929,.F.);
#3937=ORIENTED_EDGE('',*,*,#2925,.T.);
#3938=ORIENTED_EDGE('',*,*,#2930,.T.);
#3939=ORIENTED_EDGE('',*,*,#2931,.F.);
#3940=ORIENTED_EDGE('',*,*,#2932,.F.);
#3941=ORIENTED_EDGE('',*,*,#2928,.T.);
#3942=ORIENTED_EDGE('',*,*,#2933,.T.);
#3943=ORIENTED_EDGE('',*,*,#2934,.F.);
#3944=ORIENTED_EDGE('',*,*,#2935,.F.);
#3945=ORIENTED_EDGE('',*,*,#2931,.T.);
#3946=ORIENTED_EDGE('',*,*,#2936,.T.);
#3947=ORIENTED_EDGE('',*,*,#2937,.F.);
#3948=ORIENTED_EDGE('',*,*,#2938,.F.);
#3949=ORIENTED_EDGE('',*,*,#2934,.T.);
#3950=ORIENTED_EDGE('',*,*,#2939,.T.);
#3951=ORIENTED_EDGE('',*,*,#2940,.F.);
#3952=ORIENTED_EDGE('',*,*,#2941,.F.);
#3953=ORIENTED_EDGE('',*,*,#2937,.T.);
#3954=ORIENTED_EDGE('',*,*,#2942,.T.);
#3955=ORIENTED_EDGE('',*,*,#2943,.F.);
#3956=ORIENTED_EDGE('',*,*,#2944,.T.);
#3957=ORIENTED_EDGE('',*,*,#2940,.T.);
#3958=ORIENTED_EDGE('',*,*,#2945,.T.);
#3959=ORIENTED_EDGE('',*,*,#2946,.F.);
#3960=ORIENTED_EDGE('',*,*,#2947,.F.);
#3961=ORIENTED_EDGE('',*,*,#2943,.T.);
#3962=ORIENTED_EDGE('',*,*,#2948,.T.);
#3963=ORIENTED_EDGE('',*,*,#2949,.F.);
#3964=ORIENTED_EDGE('',*,*,#2950,.F.);
#3965=ORIENTED_EDGE('',*,*,#2729,.T.);
#3966=ORIENTED_EDGE('',*,*,#2951,.T.);
#3967=ORIENTED_EDGE('',*,*,#2952,.F.);
#3968=ORIENTED_EDGE('',*,*,#2953,.F.);
#3969=ORIENTED_EDGE('',*,*,#2949,.T.);
#3970=ORIENTED_EDGE('',*,*,#2954,.T.);
#3971=ORIENTED_EDGE('',*,*,#2955,.F.);
#3972=ORIENTED_EDGE('',*,*,#2956,.F.);
#3973=ORIENTED_EDGE('',*,*,#2952,.T.);
#3974=ORIENTED_EDGE('',*,*,#2957,.T.);
#3975=ORIENTED_EDGE('',*,*,#2958,.F.);
#3976=ORIENTED_EDGE('',*,*,#2959,.F.);
#3977=ORIENTED_EDGE('',*,*,#2955,.T.);
#3978=ORIENTED_EDGE('',*,*,#2960,.T.);
#3979=ORIENTED_EDGE('',*,*,#2961,.F.);
#3980=ORIENTED_EDGE('',*,*,#2962,.F.);
#3981=ORIENTED_EDGE('',*,*,#2958,.T.);
#3982=ORIENTED_EDGE('',*,*,#2963,.T.);
#3983=ORIENTED_EDGE('',*,*,#2964,.F.);
#3984=ORIENTED_EDGE('',*,*,#2965,.F.);
#3985=ORIENTED_EDGE('',*,*,#2961,.T.);
#3986=ORIENTED_EDGE('',*,*,#2966,.T.);
#3987=ORIENTED_EDGE('',*,*,#2967,.F.);
#3988=ORIENTED_EDGE('',*,*,#2968,.F.);
#3989=ORIENTED_EDGE('',*,*,#2964,.T.);
#3990=ORIENTED_EDGE('',*,*,#2969,.T.);
#3991=ORIENTED_EDGE('',*,*,#2970,.F.);
#3992=ORIENTED_EDGE('',*,*,#2971,.F.);
#3993=ORIENTED_EDGE('',*,*,#2967,.T.);
#3994=ORIENTED_EDGE('',*,*,#2972,.T.);
#3995=ORIENTED_EDGE('',*,*,#2973,.F.);
#3996=ORIENTED_EDGE('',*,*,#2974,.F.);
#3997=ORIENTED_EDGE('',*,*,#2970,.T.);
#3998=ORIENTED_EDGE('',*,*,#2975,.T.);
#3999=ORIENTED_EDGE('',*,*,#2976,.F.);
#4000=ORIENTED_EDGE('',*,*,#2977,.F.);
#4001=ORIENTED_EDGE('',*,*,#2973,.T.);
#4002=ORIENTED_EDGE('',*,*,#2978,.T.);
#4003=ORIENTED_EDGE('',*,*,#2979,.F.);
#4004=ORIENTED_EDGE('',*,*,#2980,.F.);
#4005=ORIENTED_EDGE('',*,*,#2976,.T.);
#4006=ORIENTED_EDGE('',*,*,#2981,.T.);
#4007=ORIENTED_EDGE('',*,*,#2982,.F.);
#4008=ORIENTED_EDGE('',*,*,#2983,.F.);
#4009=ORIENTED_EDGE('',*,*,#2979,.T.);
#4010=ORIENTED_EDGE('',*,*,#2984,.T.);
#4011=ORIENTED_EDGE('',*,*,#2985,.F.);
#4012=ORIENTED_EDGE('',*,*,#2986,.F.);
#4013=ORIENTED_EDGE('',*,*,#2982,.T.);
#4014=ORIENTED_EDGE('',*,*,#2987,.T.);
#4015=ORIENTED_EDGE('',*,*,#2988,.F.);
#4016=ORIENTED_EDGE('',*,*,#2989,.F.);
#4017=ORIENTED_EDGE('',*,*,#2985,.T.);
#4018=ORIENTED_EDGE('',*,*,#2990,.T.);
#4019=ORIENTED_EDGE('',*,*,#2991,.F.);
#4020=ORIENTED_EDGE('',*,*,#2992,.F.);
#4021=ORIENTED_EDGE('',*,*,#2988,.T.);
#4022=ORIENTED_EDGE('',*,*,#2993,.T.);
#4023=ORIENTED_EDGE('',*,*,#2994,.F.);
#4024=ORIENTED_EDGE('',*,*,#2995,.F.);
#4025=ORIENTED_EDGE('',*,*,#2991,.T.);
#4026=ORIENTED_EDGE('',*,*,#2996,.T.);
#4027=ORIENTED_EDGE('',*,*,#2997,.F.);
#4028=ORIENTED_EDGE('',*,*,#2998,.F.);
#4029=ORIENTED_EDGE('',*,*,#2994,.T.);
#4030=ORIENTED_EDGE('',*,*,#2999,.T.);
#4031=ORIENTED_EDGE('',*,*,#3000,.F.);
#4032=ORIENTED_EDGE('',*,*,#3001,.F.);
#4033=ORIENTED_EDGE('',*,*,#2997,.T.);
#4034=ORIENTED_EDGE('',*,*,#3002,.T.);
#4035=ORIENTED_EDGE('',*,*,#3003,.F.);
#4036=ORIENTED_EDGE('',*,*,#3004,.F.);
#4037=ORIENTED_EDGE('',*,*,#3000,.T.);
#4038=ORIENTED_EDGE('',*,*,#3005,.T.);
#4039=ORIENTED_EDGE('',*,*,#3006,.F.);
#4040=ORIENTED_EDGE('',*,*,#3007,.F.);
#4041=ORIENTED_EDGE('',*,*,#3003,.T.);
#4042=ORIENTED_EDGE('',*,*,#3008,.T.);
#4043=ORIENTED_EDGE('',*,*,#3009,.F.);
#4044=ORIENTED_EDGE('',*,*,#3010,.F.);
#4045=ORIENTED_EDGE('',*,*,#3006,.T.);
#4046=ORIENTED_EDGE('',*,*,#3011,.T.);
#4047=ORIENTED_EDGE('',*,*,#3012,.F.);
#4048=ORIENTED_EDGE('',*,*,#3013,.F.);
#4049=ORIENTED_EDGE('',*,*,#3009,.T.);
#4050=ORIENTED_EDGE('',*,*,#3014,.T.);
#4051=ORIENTED_EDGE('',*,*,#3015,.F.);
#4052=ORIENTED_EDGE('',*,*,#3016,.F.);
#4053=ORIENTED_EDGE('',*,*,#3012,.T.);
#4054=ORIENTED_EDGE('',*,*,#3017,.T.);
#4055=ORIENTED_EDGE('',*,*,#2661,.F.);
#4056=ORIENTED_EDGE('',*,*,#3018,.F.);
#4057=ORIENTED_EDGE('',*,*,#3015,.T.);
#4058=ORIENTED_EDGE('',*,*,#3019,.T.);
#4059=ORIENTED_EDGE('',*,*,#3020,.F.);
#4060=ORIENTED_EDGE('',*,*,#3021,.F.);
#4061=ORIENTED_EDGE('',*,*,#2946,.T.);
#4062=ORIENTED_EDGE('',*,*,#3022,.T.);
#4063=ORIENTED_EDGE('',*,*,#3023,.F.);
#4064=ORIENTED_EDGE('',*,*,#3024,.F.);
#4065=ORIENTED_EDGE('',*,*,#3020,.T.);
#4066=ORIENTED_EDGE('',*,*,#3025,.T.);
#4067=ORIENTED_EDGE('',*,*,#3026,.F.);
#4068=ORIENTED_EDGE('',*,*,#3027,.F.);
#4069=ORIENTED_EDGE('',*,*,#3023,.T.);
#4070=ORIENTED_EDGE('',*,*,#3028,.T.);
#4071=ORIENTED_EDGE('',*,*,#3029,.F.);
#4072=ORIENTED_EDGE('',*,*,#3030,.F.);
#4073=ORIENTED_EDGE('',*,*,#3026,.T.);
#4074=ORIENTED_EDGE('',*,*,#3031,.T.);
#4075=ORIENTED_EDGE('',*,*,#3032,.F.);
#4076=ORIENTED_EDGE('',*,*,#3033,.F.);
#4077=ORIENTED_EDGE('',*,*,#3029,.T.);
#4078=ORIENTED_EDGE('',*,*,#3034,.T.);
#4079=ORIENTED_EDGE('',*,*,#3035,.F.);
#4080=ORIENTED_EDGE('',*,*,#3036,.F.);
#4081=ORIENTED_EDGE('',*,*,#3032,.T.);
#4082=ORIENTED_EDGE('',*,*,#3037,.T.);
#4083=ORIENTED_EDGE('',*,*,#3038,.F.);
#4084=ORIENTED_EDGE('',*,*,#3039,.F.);
#4085=ORIENTED_EDGE('',*,*,#3035,.T.);
#4086=ORIENTED_EDGE('',*,*,#3040,.T.);
#4087=ORIENTED_EDGE('',*,*,#3041,.F.);
#4088=ORIENTED_EDGE('',*,*,#3042,.F.);
#4089=ORIENTED_EDGE('',*,*,#3038,.T.);
#4090=ORIENTED_EDGE('',*,*,#3043,.T.);
#4091=ORIENTED_EDGE('',*,*,#3044,.F.);
#4092=ORIENTED_EDGE('',*,*,#3045,.F.);
#4093=ORIENTED_EDGE('',*,*,#3041,.T.);
#4094=ORIENTED_EDGE('',*,*,#3046,.T.);
#4095=ORIENTED_EDGE('',*,*,#3047,.F.);
#4096=ORIENTED_EDGE('',*,*,#3048,.F.);
#4097=ORIENTED_EDGE('',*,*,#3044,.T.);
#4098=ORIENTED_EDGE('',*,*,#3049,.T.);
#4099=ORIENTED_EDGE('',*,*,#3050,.F.);
#4100=ORIENTED_EDGE('',*,*,#3051,.F.);
#4101=ORIENTED_EDGE('',*,*,#3047,.T.);
#4102=ORIENTED_EDGE('',*,*,#3052,.T.);
#4103=ORIENTED_EDGE('',*,*,#3053,.F.);
#4104=ORIENTED_EDGE('',*,*,#3054,.F.);
#4105=ORIENTED_EDGE('',*,*,#3050,.T.);
#4106=ORIENTED_EDGE('',*,*,#3055,.T.);
#4107=ORIENTED_EDGE('',*,*,#3056,.F.);
#4108=ORIENTED_EDGE('',*,*,#3057,.F.);
#4109=ORIENTED_EDGE('',*,*,#3053,.T.);
#4110=ORIENTED_EDGE('',*,*,#3058,.T.);
#4111=ORIENTED_EDGE('',*,*,#3059,.F.);
#4112=ORIENTED_EDGE('',*,*,#3060,.F.);
#4113=ORIENTED_EDGE('',*,*,#3056,.T.);
#4114=ORIENTED_EDGE('',*,*,#3061,.T.);
#4115=ORIENTED_EDGE('',*,*,#3062,.F.);
#4116=ORIENTED_EDGE('',*,*,#3063,.F.);
#4117=ORIENTED_EDGE('',*,*,#3059,.T.);
#4118=ORIENTED_EDGE('',*,*,#3064,.T.);
#4119=ORIENTED_EDGE('',*,*,#3065,.F.);
#4120=ORIENTED_EDGE('',*,*,#3066,.F.);
#4121=ORIENTED_EDGE('',*,*,#3062,.T.);
#4122=ORIENTED_EDGE('',*,*,#3067,.T.);
#4123=ORIENTED_EDGE('',*,*,#3068,.F.);
#4124=ORIENTED_EDGE('',*,*,#3069,.F.);
#4125=ORIENTED_EDGE('',*,*,#3065,.T.);
#4126=ORIENTED_EDGE('',*,*,#3070,.T.);
#4127=ORIENTED_EDGE('',*,*,#3071,.F.);
#4128=ORIENTED_EDGE('',*,*,#3072,.F.);
#4129=ORIENTED_EDGE('',*,*,#3068,.T.);
#4130=ORIENTED_EDGE('',*,*,#3073,.T.);
#4131=ORIENTED_EDGE('',*,*,#3074,.F.);
#4132=ORIENTED_EDGE('',*,*,#3075,.F.);
#4133=ORIENTED_EDGE('',*,*,#3071,.T.);
#4134=ORIENTED_EDGE('',*,*,#3076,.T.);
#4135=ORIENTED_EDGE('',*,*,#3077,.F.);
#4136=ORIENTED_EDGE('',*,*,#3078,.F.);
#4137=ORIENTED_EDGE('',*,*,#3074,.T.);
#4138=ORIENTED_EDGE('',*,*,#3079,.T.);
#4139=ORIENTED_EDGE('',*,*,#3080,.F.);
#4140=ORIENTED_EDGE('',*,*,#3081,.F.);
#4141=ORIENTED_EDGE('',*,*,#3077,.T.);
#4142=ORIENTED_EDGE('',*,*,#3082,.T.);
#4143=ORIENTED_EDGE('',*,*,#3083,.F.);
#4144=ORIENTED_EDGE('',*,*,#3084,.F.);
#4145=ORIENTED_EDGE('',*,*,#3080,.T.);
#4146=ORIENTED_EDGE('',*,*,#3085,.T.);
#4147=ORIENTED_EDGE('',*,*,#3086,.F.);
#4148=ORIENTED_EDGE('',*,*,#3087,.F.);
#4149=ORIENTED_EDGE('',*,*,#3083,.T.);
#4150=ORIENTED_EDGE('',*,*,#3088,.T.);
#4151=ORIENTED_EDGE('',*,*,#3089,.F.);
#4152=ORIENTED_EDGE('',*,*,#3090,.F.);
#4153=ORIENTED_EDGE('',*,*,#3086,.T.);
#4154=ORIENTED_EDGE('',*,*,#3091,.T.);
#4155=ORIENTED_EDGE('',*,*,#3092,.F.);
#4156=ORIENTED_EDGE('',*,*,#3093,.F.);
#4157=ORIENTED_EDGE('',*,*,#3089,.T.);
#4158=ORIENTED_EDGE('',*,*,#3094,.T.);
#4159=ORIENTED_EDGE('',*,*,#3095,.F.);
#4160=ORIENTED_EDGE('',*,*,#3096,.F.);
#4161=ORIENTED_EDGE('',*,*,#3092,.T.);
#4162=ORIENTED_EDGE('',*,*,#3097,.T.);
#4163=ORIENTED_EDGE('',*,*,#3098,.F.);
#4164=ORIENTED_EDGE('',*,*,#3099,.F.);
#4165=ORIENTED_EDGE('',*,*,#3095,.T.);
#4166=ORIENTED_EDGE('',*,*,#3100,.T.);
#4167=ORIENTED_EDGE('',*,*,#3101,.F.);
#4168=ORIENTED_EDGE('',*,*,#3102,.F.);
#4169=ORIENTED_EDGE('',*,*,#3098,.T.);
#4170=ORIENTED_EDGE('',*,*,#3103,.T.);
#4171=ORIENTED_EDGE('',*,*,#3104,.F.);
#4172=ORIENTED_EDGE('',*,*,#3105,.F.);
#4173=ORIENTED_EDGE('',*,*,#3101,.T.);
#4174=ORIENTED_EDGE('',*,*,#3106,.T.);
#4175=ORIENTED_EDGE('',*,*,#3107,.F.);
#4176=ORIENTED_EDGE('',*,*,#3108,.F.);
#4177=ORIENTED_EDGE('',*,*,#3104,.T.);
#4178=ORIENTED_EDGE('',*,*,#3109,.T.);
#4179=ORIENTED_EDGE('',*,*,#3110,.F.);
#4180=ORIENTED_EDGE('',*,*,#3111,.F.);
#4181=ORIENTED_EDGE('',*,*,#3107,.T.);
#4182=ORIENTED_EDGE('',*,*,#3112,.T.);
#4183=ORIENTED_EDGE('',*,*,#3113,.F.);
#4184=ORIENTED_EDGE('',*,*,#3114,.F.);
#4185=ORIENTED_EDGE('',*,*,#3110,.T.);
#4186=ORIENTED_EDGE('',*,*,#3115,.T.);
#4187=ORIENTED_EDGE('',*,*,#3116,.F.);
#4188=ORIENTED_EDGE('',*,*,#3117,.F.);
#4189=ORIENTED_EDGE('',*,*,#3113,.T.);
#4190=ORIENTED_EDGE('',*,*,#3118,.T.);
#4191=ORIENTED_EDGE('',*,*,#3119,.F.);
#4192=ORIENTED_EDGE('',*,*,#3120,.F.);
#4193=ORIENTED_EDGE('',*,*,#3116,.T.);
#4194=ORIENTED_EDGE('',*,*,#3121,.T.);
#4195=ORIENTED_EDGE('',*,*,#3122,.F.);
#4196=ORIENTED_EDGE('',*,*,#3123,.F.);
#4197=ORIENTED_EDGE('',*,*,#3119,.T.);
#4198=ORIENTED_EDGE('',*,*,#3124,.T.);
#4199=ORIENTED_EDGE('',*,*,#3125,.F.);
#4200=ORIENTED_EDGE('',*,*,#3126,.F.);
#4201=ORIENTED_EDGE('',*,*,#3122,.T.);
#4202=ORIENTED_EDGE('',*,*,#3127,.T.);
#4203=ORIENTED_EDGE('',*,*,#3128,.F.);
#4204=ORIENTED_EDGE('',*,*,#3129,.F.);
#4205=ORIENTED_EDGE('',*,*,#3125,.T.);
#4206=ORIENTED_EDGE('',*,*,#3130,.T.);
#4207=ORIENTED_EDGE('',*,*,#3131,.F.);
#4208=ORIENTED_EDGE('',*,*,#3132,.F.);
#4209=ORIENTED_EDGE('',*,*,#3128,.T.);
#4210=ORIENTED_EDGE('',*,*,#3133,.T.);
#4211=ORIENTED_EDGE('',*,*,#3134,.F.);
#4212=ORIENTED_EDGE('',*,*,#3135,.F.);
#4213=ORIENTED_EDGE('',*,*,#3131,.T.);
#4214=ORIENTED_EDGE('',*,*,#3136,.T.);
#4215=ORIENTED_EDGE('',*,*,#3137,.F.);
#4216=ORIENTED_EDGE('',*,*,#3138,.F.);
#4217=ORIENTED_EDGE('',*,*,#3134,.T.);
#4218=ORIENTED_EDGE('',*,*,#3139,.T.);
#4219=ORIENTED_EDGE('',*,*,#3140,.F.);
#4220=ORIENTED_EDGE('',*,*,#3141,.F.);
#4221=ORIENTED_EDGE('',*,*,#3137,.T.);
#4222=ORIENTED_EDGE('',*,*,#3142,.T.);
#4223=ORIENTED_EDGE('',*,*,#3143,.F.);
#4224=ORIENTED_EDGE('',*,*,#3144,.F.);
#4225=ORIENTED_EDGE('',*,*,#3140,.T.);
#4226=ORIENTED_EDGE('',*,*,#3145,.T.);
#4227=ORIENTED_EDGE('',*,*,#3146,.F.);
#4228=ORIENTED_EDGE('',*,*,#3147,.F.);
#4229=ORIENTED_EDGE('',*,*,#3143,.T.);
#4230=ORIENTED_EDGE('',*,*,#3148,.T.);
#4231=ORIENTED_EDGE('',*,*,#3149,.F.);
#4232=ORIENTED_EDGE('',*,*,#3150,.F.);
#4233=ORIENTED_EDGE('',*,*,#3146,.T.);
#4234=ORIENTED_EDGE('',*,*,#3151,.T.);
#4235=ORIENTED_EDGE('',*,*,#3152,.F.);
#4236=ORIENTED_EDGE('',*,*,#3153,.F.);
#4237=ORIENTED_EDGE('',*,*,#3149,.T.);
#4238=ORIENTED_EDGE('',*,*,#3154,.T.);
#4239=ORIENTED_EDGE('',*,*,#3155,.F.);
#4240=ORIENTED_EDGE('',*,*,#3156,.F.);
#4241=ORIENTED_EDGE('',*,*,#3152,.T.);
#4242=ORIENTED_EDGE('',*,*,#3157,.T.);
#4243=ORIENTED_EDGE('',*,*,#3158,.F.);
#4244=ORIENTED_EDGE('',*,*,#3159,.F.);
#4245=ORIENTED_EDGE('',*,*,#3155,.T.);
#4246=ORIENTED_EDGE('',*,*,#3160,.T.);
#4247=ORIENTED_EDGE('',*,*,#3161,.F.);
#4248=ORIENTED_EDGE('',*,*,#3162,.F.);
#4249=ORIENTED_EDGE('',*,*,#3158,.T.);
#4250=ORIENTED_EDGE('',*,*,#3163,.T.);
#4251=ORIENTED_EDGE('',*,*,#3164,.F.);
#4252=ORIENTED_EDGE('',*,*,#3165,.F.);
#4253=ORIENTED_EDGE('',*,*,#3161,.T.);
#4254=ORIENTED_EDGE('',*,*,#3166,.T.);
#4255=ORIENTED_EDGE('',*,*,#3167,.F.);
#4256=ORIENTED_EDGE('',*,*,#3168,.F.);
#4257=ORIENTED_EDGE('',*,*,#3164,.T.);
#4258=ORIENTED_EDGE('',*,*,#3169,.T.);
#4259=ORIENTED_EDGE('',*,*,#3170,.F.);
#4260=ORIENTED_EDGE('',*,*,#3171,.F.);
#4261=ORIENTED_EDGE('',*,*,#3167,.T.);
#4262=ORIENTED_EDGE('',*,*,#3172,.T.);
#4263=ORIENTED_EDGE('',*,*,#3173,.F.);
#4264=ORIENTED_EDGE('',*,*,#3174,.F.);
#4265=ORIENTED_EDGE('',*,*,#3170,.T.);
#4266=ORIENTED_EDGE('',*,*,#3175,.T.);
#4267=ORIENTED_EDGE('',*,*,#3176,.F.);
#4268=ORIENTED_EDGE('',*,*,#3177,.F.);
#4269=ORIENTED_EDGE('',*,*,#3173,.T.);
#4270=ORIENTED_EDGE('',*,*,#3178,.T.);
#4271=ORIENTED_EDGE('',*,*,#3179,.F.);
#4272=ORIENTED_EDGE('',*,*,#3180,.F.);
#4273=ORIENTED_EDGE('',*,*,#3176,.T.);
#4274=ORIENTED_EDGE('',*,*,#3181,.T.);
#4275=ORIENTED_EDGE('',*,*,#3182,.F.);
#4276=ORIENTED_EDGE('',*,*,#3183,.F.);
#4277=ORIENTED_EDGE('',*,*,#3179,.T.);
#4278=ORIENTED_EDGE('',*,*,#3184,.T.);
#4279=ORIENTED_EDGE('',*,*,#3185,.F.);
#4280=ORIENTED_EDGE('',*,*,#3186,.F.);
#4281=ORIENTED_EDGE('',*,*,#3182,.T.);
#4282=ORIENTED_EDGE('',*,*,#3187,.T.);
#4283=ORIENTED_EDGE('',*,*,#3188,.F.);
#4284=ORIENTED_EDGE('',*,*,#3189,.F.);
#4285=ORIENTED_EDGE('',*,*,#3185,.T.);
#4286=ORIENTED_EDGE('',*,*,#3190,.T.);
#4287=ORIENTED_EDGE('',*,*,#3191,.F.);
#4288=ORIENTED_EDGE('',*,*,#3192,.F.);
#4289=ORIENTED_EDGE('',*,*,#3188,.T.);
#4290=ORIENTED_EDGE('',*,*,#3193,.T.);
#4291=ORIENTED_EDGE('',*,*,#3194,.F.);
#4292=ORIENTED_EDGE('',*,*,#3195,.F.);
#4293=ORIENTED_EDGE('',*,*,#3191,.T.);
#4294=ORIENTED_EDGE('',*,*,#3196,.T.);
#4295=ORIENTED_EDGE('',*,*,#3197,.F.);
#4296=ORIENTED_EDGE('',*,*,#3198,.F.);
#4297=ORIENTED_EDGE('',*,*,#3194,.T.);
#4298=ORIENTED_EDGE('',*,*,#3199,.T.);
#4299=ORIENTED_EDGE('',*,*,#3200,.F.);
#4300=ORIENTED_EDGE('',*,*,#3201,.F.);
#4301=ORIENTED_EDGE('',*,*,#3197,.T.);
#4302=ORIENTED_EDGE('',*,*,#3202,.T.);
#4303=ORIENTED_EDGE('',*,*,#3203,.F.);
#4304=ORIENTED_EDGE('',*,*,#3204,.F.);
#4305=ORIENTED_EDGE('',*,*,#3200,.T.);
#4306=ORIENTED_EDGE('',*,*,#3205,.T.);
#4307=ORIENTED_EDGE('',*,*,#3206,.F.);
#4308=ORIENTED_EDGE('',*,*,#3207,.F.);
#4309=ORIENTED_EDGE('',*,*,#3203,.T.);
#4310=ORIENTED_EDGE('',*,*,#3208,.T.);
#4311=ORIENTED_EDGE('',*,*,#3209,.F.);
#4312=ORIENTED_EDGE('',*,*,#3210,.F.);
#4313=ORIENTED_EDGE('',*,*,#3206,.T.);
#4314=ORIENTED_EDGE('',*,*,#3211,.T.);
#4315=ORIENTED_EDGE('',*,*,#3212,.F.);
#4316=ORIENTED_EDGE('',*,*,#3213,.F.);
#4317=ORIENTED_EDGE('',*,*,#3209,.T.);
#4318=ORIENTED_EDGE('',*,*,#3214,.T.);
#4319=ORIENTED_EDGE('',*,*,#3215,.F.);
#4320=ORIENTED_EDGE('',*,*,#3216,.F.);
#4321=ORIENTED_EDGE('',*,*,#3212,.T.);
#4322=ORIENTED_EDGE('',*,*,#3217,.T.);
#4323=ORIENTED_EDGE('',*,*,#3218,.F.);
#4324=ORIENTED_EDGE('',*,*,#3219,.F.);
#4325=ORIENTED_EDGE('',*,*,#3215,.T.);
#4326=ORIENTED_EDGE('',*,*,#3220,.T.);
#4327=ORIENTED_EDGE('',*,*,#3221,.F.);
#4328=ORIENTED_EDGE('',*,*,#3222,.F.);
#4329=ORIENTED_EDGE('',*,*,#3218,.T.);
#4330=ORIENTED_EDGE('',*,*,#3223,.T.);
#4331=ORIENTED_EDGE('',*,*,#3224,.F.);
#4332=ORIENTED_EDGE('',*,*,#3225,.F.);
#4333=ORIENTED_EDGE('',*,*,#3221,.T.);
#4334=ORIENTED_EDGE('',*,*,#3226,.T.);
#4335=ORIENTED_EDGE('',*,*,#3227,.F.);
#4336=ORIENTED_EDGE('',*,*,#3228,.F.);
#4337=ORIENTED_EDGE('',*,*,#3224,.T.);
#4338=ORIENTED_EDGE('',*,*,#3229,.T.);
#4339=ORIENTED_EDGE('',*,*,#3230,.F.);
#4340=ORIENTED_EDGE('',*,*,#3231,.F.);
#4341=ORIENTED_EDGE('',*,*,#3227,.T.);
#4342=ORIENTED_EDGE('',*,*,#3232,.T.);
#4343=ORIENTED_EDGE('',*,*,#2734,.F.);
#4344=ORIENTED_EDGE('',*,*,#3233,.F.);
#4345=ORIENTED_EDGE('',*,*,#3230,.T.);
#4346=ORIENTED_EDGE('',*,*,#2947,.T.);
#4347=ORIENTED_EDGE('',*,*,#3021,.T.);
#4348=ORIENTED_EDGE('',*,*,#3024,.T.);
#4349=ORIENTED_EDGE('',*,*,#3027,.T.);
#4350=ORIENTED_EDGE('',*,*,#3030,.T.);
#4351=ORIENTED_EDGE('',*,*,#3033,.T.);
#4352=ORIENTED_EDGE('',*,*,#3036,.T.);
#4353=ORIENTED_EDGE('',*,*,#3039,.T.);
#4354=ORIENTED_EDGE('',*,*,#3042,.T.);
#4355=ORIENTED_EDGE('',*,*,#3045,.T.);
#4356=ORIENTED_EDGE('',*,*,#3048,.T.);
#4357=ORIENTED_EDGE('',*,*,#3051,.T.);
#4358=ORIENTED_EDGE('',*,*,#3054,.T.);
#4359=ORIENTED_EDGE('',*,*,#3057,.T.);
#4360=ORIENTED_EDGE('',*,*,#3060,.T.);
#4361=ORIENTED_EDGE('',*,*,#3063,.T.);
#4362=ORIENTED_EDGE('',*,*,#3066,.T.);
#4363=ORIENTED_EDGE('',*,*,#3069,.T.);
#4364=ORIENTED_EDGE('',*,*,#3072,.T.);
#4365=ORIENTED_EDGE('',*,*,#3075,.T.);
#4366=ORIENTED_EDGE('',*,*,#3078,.T.);
#4367=ORIENTED_EDGE('',*,*,#3081,.T.);
#4368=ORIENTED_EDGE('',*,*,#3084,.T.);
#4369=ORIENTED_EDGE('',*,*,#3087,.T.);
#4370=ORIENTED_EDGE('',*,*,#3090,.T.);
#4371=ORIENTED_EDGE('',*,*,#3093,.T.);
#4372=ORIENTED_EDGE('',*,*,#3096,.T.);
#4373=ORIENTED_EDGE('',*,*,#3099,.T.);
#4374=ORIENTED_EDGE('',*,*,#3102,.T.);
#4375=ORIENTED_EDGE('',*,*,#3105,.T.);
#4376=ORIENTED_EDGE('',*,*,#3108,.T.);
#4377=ORIENTED_EDGE('',*,*,#3111,.T.);
#4378=ORIENTED_EDGE('',*,*,#3114,.T.);
#4379=ORIENTED_EDGE('',*,*,#3117,.T.);
#4380=ORIENTED_EDGE('',*,*,#3120,.T.);
#4381=ORIENTED_EDGE('',*,*,#3123,.T.);
#4382=ORIENTED_EDGE('',*,*,#3126,.T.);
#4383=ORIENTED_EDGE('',*,*,#3129,.T.);
#4384=ORIENTED_EDGE('',*,*,#3132,.T.);
#4385=ORIENTED_EDGE('',*,*,#3135,.T.);
#4386=ORIENTED_EDGE('',*,*,#3138,.T.);
#4387=ORIENTED_EDGE('',*,*,#3141,.T.);
#4388=ORIENTED_EDGE('',*,*,#3144,.T.);
#4389=ORIENTED_EDGE('',*,*,#3147,.T.);
#4390=ORIENTED_EDGE('',*,*,#3150,.T.);
#4391=ORIENTED_EDGE('',*,*,#3153,.T.);
#4392=ORIENTED_EDGE('',*,*,#3156,.T.);
#4393=ORIENTED_EDGE('',*,*,#3159,.T.);
#4394=ORIENTED_EDGE('',*,*,#3162,.T.);
#4395=ORIENTED_EDGE('',*,*,#3165,.T.);
#4396=ORIENTED_EDGE('',*,*,#3168,.T.);
#4397=ORIENTED_EDGE('',*,*,#3171,.T.);
#4398=ORIENTED_EDGE('',*,*,#3174,.T.);
#4399=ORIENTED_EDGE('',*,*,#3177,.T.);
#4400=ORIENTED_EDGE('',*,*,#3180,.T.);
#4401=ORIENTED_EDGE('',*,*,#3183,.T.);
#4402=ORIENTED_EDGE('',*,*,#3186,.T.);
#4403=ORIENTED_EDGE('',*,*,#3189,.T.);
#4404=ORIENTED_EDGE('',*,*,#3192,.T.);
#4405=ORIENTED_EDGE('',*,*,#3195,.T.);
#4406=ORIENTED_EDGE('',*,*,#3198,.T.);
#4407=ORIENTED_EDGE('',*,*,#3201,.T.);
#4408=ORIENTED_EDGE('',*,*,#3204,.T.);
#4409=ORIENTED_EDGE('',*,*,#3207,.T.);
#4410=ORIENTED_EDGE('',*,*,#3210,.T.);
#4411=ORIENTED_EDGE('',*,*,#3213,.T.);
#4412=ORIENTED_EDGE('',*,*,#3216,.T.);
#4413=ORIENTED_EDGE('',*,*,#3219,.T.);
#4414=ORIENTED_EDGE('',*,*,#3222,.T.);
#4415=ORIENTED_EDGE('',*,*,#3225,.T.);
#4416=ORIENTED_EDGE('',*,*,#3228,.T.);
#4417=ORIENTED_EDGE('',*,*,#3231,.T.);
#4418=ORIENTED_EDGE('',*,*,#3233,.T.);
#4419=ORIENTED_EDGE('',*,*,#2733,.T.);
#4420=ORIENTED_EDGE('',*,*,#2737,.T.);
#4421=ORIENTED_EDGE('',*,*,#2740,.T.);
#4422=ORIENTED_EDGE('',*,*,#2743,.T.);
#4423=ORIENTED_EDGE('',*,*,#2746,.T.);
#4424=ORIENTED_EDGE('',*,*,#2749,.T.);
#4425=ORIENTED_EDGE('',*,*,#2752,.T.);
#4426=ORIENTED_EDGE('',*,*,#2755,.T.);
#4427=ORIENTED_EDGE('',*,*,#2758,.T.);
#4428=ORIENTED_EDGE('',*,*,#2761,.T.);
#4429=ORIENTED_EDGE('',*,*,#2764,.T.);
#4430=ORIENTED_EDGE('',*,*,#2767,.T.);
#4431=ORIENTED_EDGE('',*,*,#2770,.T.);
#4432=ORIENTED_EDGE('',*,*,#2773,.T.);
#4433=ORIENTED_EDGE('',*,*,#2776,.T.);
#4434=ORIENTED_EDGE('',*,*,#2779,.T.);
#4435=ORIENTED_EDGE('',*,*,#2782,.T.);
#4436=ORIENTED_EDGE('',*,*,#2785,.T.);
#4437=ORIENTED_EDGE('',*,*,#2788,.T.);
#4438=ORIENTED_EDGE('',*,*,#2791,.T.);
#4439=ORIENTED_EDGE('',*,*,#2794,.T.);
#4440=ORIENTED_EDGE('',*,*,#2797,.T.);
#4441=ORIENTED_EDGE('',*,*,#2800,.T.);
#4442=ORIENTED_EDGE('',*,*,#2803,.T.);
#4443=ORIENTED_EDGE('',*,*,#2806,.T.);
#4444=ORIENTED_EDGE('',*,*,#2809,.T.);
#4445=ORIENTED_EDGE('',*,*,#2812,.T.);
#4446=ORIENTED_EDGE('',*,*,#2815,.T.);
#4447=ORIENTED_EDGE('',*,*,#2818,.T.);
#4448=ORIENTED_EDGE('',*,*,#2821,.T.);
#4449=ORIENTED_EDGE('',*,*,#2824,.T.);
#4450=ORIENTED_EDGE('',*,*,#2827,.T.);
#4451=ORIENTED_EDGE('',*,*,#2830,.T.);
#4452=ORIENTED_EDGE('',*,*,#2833,.T.);
#4453=ORIENTED_EDGE('',*,*,#2836,.T.);
#4454=ORIENTED_EDGE('',*,*,#2839,.T.);
#4455=ORIENTED_EDGE('',*,*,#2842,.T.);
#4456=ORIENTED_EDGE('',*,*,#2845,.T.);
#4457=ORIENTED_EDGE('',*,*,#2848,.T.);
#4458=ORIENTED_EDGE('',*,*,#2851,.T.);
#4459=ORIENTED_EDGE('',*,*,#2854,.T.);
#4460=ORIENTED_EDGE('',*,*,#2857,.T.);
#4461=ORIENTED_EDGE('',*,*,#2860,.T.);
#4462=ORIENTED_EDGE('',*,*,#2863,.T.);
#4463=ORIENTED_EDGE('',*,*,#2866,.T.);
#4464=ORIENTED_EDGE('',*,*,#2869,.T.);
#4465=ORIENTED_EDGE('',*,*,#2872,.T.);
#4466=ORIENTED_EDGE('',*,*,#2875,.T.);
#4467=ORIENTED_EDGE('',*,*,#2878,.T.);
#4468=ORIENTED_EDGE('',*,*,#2881,.T.);
#4469=ORIENTED_EDGE('',*,*,#2884,.T.);
#4470=ORIENTED_EDGE('',*,*,#2887,.T.);
#4471=ORIENTED_EDGE('',*,*,#2890,.T.);
#4472=ORIENTED_EDGE('',*,*,#2893,.T.);
#4473=ORIENTED_EDGE('',*,*,#2896,.T.);
#4474=ORIENTED_EDGE('',*,*,#2899,.T.);
#4475=ORIENTED_EDGE('',*,*,#2902,.T.);
#4476=ORIENTED_EDGE('',*,*,#2905,.T.);
#4477=ORIENTED_EDGE('',*,*,#2908,.T.);
#4478=ORIENTED_EDGE('',*,*,#2911,.T.);
#4479=ORIENTED_EDGE('',*,*,#2914,.T.);
#4480=ORIENTED_EDGE('',*,*,#2917,.T.);
#4481=ORIENTED_EDGE('',*,*,#2920,.T.);
#4482=ORIENTED_EDGE('',*,*,#2923,.T.);
#4483=ORIENTED_EDGE('',*,*,#2926,.T.);
#4484=ORIENTED_EDGE('',*,*,#2929,.T.);
#4485=ORIENTED_EDGE('',*,*,#2932,.T.);
#4486=ORIENTED_EDGE('',*,*,#2935,.T.);
#4487=ORIENTED_EDGE('',*,*,#2938,.T.);
#4488=ORIENTED_EDGE('',*,*,#2941,.T.);
#4489=ORIENTED_EDGE('',*,*,#2944,.F.);
#4490=ORIENTED_EDGE('',*,*,#2730,.T.);
#4491=ORIENTED_EDGE('',*,*,#2950,.T.);
#4492=ORIENTED_EDGE('',*,*,#2953,.T.);
#4493=ORIENTED_EDGE('',*,*,#2956,.T.);
#4494=ORIENTED_EDGE('',*,*,#2959,.T.);
#4495=ORIENTED_EDGE('',*,*,#2962,.T.);
#4496=ORIENTED_EDGE('',*,*,#2965,.T.);
#4497=ORIENTED_EDGE('',*,*,#2968,.T.);
#4498=ORIENTED_EDGE('',*,*,#2971,.T.);
#4499=ORIENTED_EDGE('',*,*,#2974,.T.);
#4500=ORIENTED_EDGE('',*,*,#2977,.T.);
#4501=ORIENTED_EDGE('',*,*,#2980,.T.);
#4502=ORIENTED_EDGE('',*,*,#2983,.T.);
#4503=ORIENTED_EDGE('',*,*,#2986,.T.);
#4504=ORIENTED_EDGE('',*,*,#2989,.T.);
#4505=ORIENTED_EDGE('',*,*,#2992,.T.);
#4506=ORIENTED_EDGE('',*,*,#2995,.T.);
#4507=ORIENTED_EDGE('',*,*,#2998,.T.);
#4508=ORIENTED_EDGE('',*,*,#3001,.T.);
#4509=ORIENTED_EDGE('',*,*,#3004,.T.);
#4510=ORIENTED_EDGE('',*,*,#3007,.T.);
#4511=ORIENTED_EDGE('',*,*,#3010,.T.);
#4512=ORIENTED_EDGE('',*,*,#3013,.T.);
#4513=ORIENTED_EDGE('',*,*,#3016,.T.);
#4514=ORIENTED_EDGE('',*,*,#3018,.T.);
#4515=ORIENTED_EDGE('',*,*,#2660,.T.);
#4516=ORIENTED_EDGE('',*,*,#2664,.T.);
#4517=ORIENTED_EDGE('',*,*,#2667,.T.);
#4518=ORIENTED_EDGE('',*,*,#2670,.T.);
#4519=ORIENTED_EDGE('',*,*,#2673,.T.);
#4520=ORIENTED_EDGE('',*,*,#2676,.T.);
#4521=ORIENTED_EDGE('',*,*,#2679,.T.);
#4522=ORIENTED_EDGE('',*,*,#2682,.T.);
#4523=ORIENTED_EDGE('',*,*,#2685,.T.);
#4524=ORIENTED_EDGE('',*,*,#2688,.T.);
#4525=ORIENTED_EDGE('',*,*,#2691,.T.);
#4526=ORIENTED_EDGE('',*,*,#2694,.T.);
#4527=ORIENTED_EDGE('',*,*,#2697,.T.);
#4528=ORIENTED_EDGE('',*,*,#2700,.T.);
#4529=ORIENTED_EDGE('',*,*,#2703,.T.);
#4530=ORIENTED_EDGE('',*,*,#2706,.T.);
#4531=ORIENTED_EDGE('',*,*,#2709,.T.);
#4532=ORIENTED_EDGE('',*,*,#2712,.T.);
#4533=ORIENTED_EDGE('',*,*,#2715,.T.);
#4534=ORIENTED_EDGE('',*,*,#2718,.T.);
#4535=ORIENTED_EDGE('',*,*,#2721,.T.);
#4536=ORIENTED_EDGE('',*,*,#2724,.T.);
#4537=ORIENTED_EDGE('',*,*,#2727,.T.);
#4538=ORIENTED_EDGE('',*,*,#3019,.F.);
#4539=ORIENTED_EDGE('',*,*,#2945,.F.);
#4540=ORIENTED_EDGE('',*,*,#2942,.F.);
#4541=ORIENTED_EDGE('',*,*,#2939,.F.);
#4542=ORIENTED_EDGE('',*,*,#2936,.F.);
#4543=ORIENTED_EDGE('',*,*,#2933,.F.);
#4544=ORIENTED_EDGE('',*,*,#2930,.F.);
#4545=ORIENTED_EDGE('',*,*,#2927,.F.);
#4546=ORIENTED_EDGE('',*,*,#2924,.F.);
#4547=ORIENTED_EDGE('',*,*,#2921,.F.);
#4548=ORIENTED_EDGE('',*,*,#2918,.F.);
#4549=ORIENTED_EDGE('',*,*,#2915,.F.);
#4550=ORIENTED_EDGE('',*,*,#2912,.F.);
#4551=ORIENTED_EDGE('',*,*,#2909,.F.);
#4552=ORIENTED_EDGE('',*,*,#2906,.F.);
#4553=ORIENTED_EDGE('',*,*,#2903,.F.);
#4554=ORIENTED_EDGE('',*,*,#2900,.F.);
#4555=ORIENTED_EDGE('',*,*,#2897,.F.);
#4556=ORIENTED_EDGE('',*,*,#2894,.F.);
#4557=ORIENTED_EDGE('',*,*,#2891,.F.);
#4558=ORIENTED_EDGE('',*,*,#2888,.F.);
#4559=ORIENTED_EDGE('',*,*,#2885,.F.);
#4560=ORIENTED_EDGE('',*,*,#2882,.F.);
#4561=ORIENTED_EDGE('',*,*,#2879,.F.);
#4562=ORIENTED_EDGE('',*,*,#2876,.F.);
#4563=ORIENTED_EDGE('',*,*,#2873,.F.);
#4564=ORIENTED_EDGE('',*,*,#2870,.F.);
#4565=ORIENTED_EDGE('',*,*,#2867,.F.);
#4566=ORIENTED_EDGE('',*,*,#2864,.F.);
#4567=ORIENTED_EDGE('',*,*,#2861,.F.);
#4568=ORIENTED_EDGE('',*,*,#2858,.F.);
#4569=ORIENTED_EDGE('',*,*,#2855,.F.);
#4570=ORIENTED_EDGE('',*,*,#2852,.F.);
#4571=ORIENTED_EDGE('',*,*,#2849,.F.);
#4572=ORIENTED_EDGE('',*,*,#2846,.F.);
#4573=ORIENTED_EDGE('',*,*,#2843,.F.);
#4574=ORIENTED_EDGE('',*,*,#2840,.F.);
#4575=ORIENTED_EDGE('',*,*,#2837,.F.);
#4576=ORIENTED_EDGE('',*,*,#2834,.F.);
#4577=ORIENTED_EDGE('',*,*,#2831,.F.);
#4578=ORIENTED_EDGE('',*,*,#2828,.F.);
#4579=ORIENTED_EDGE('',*,*,#2825,.F.);
#4580=ORIENTED_EDGE('',*,*,#2822,.F.);
#4581=ORIENTED_EDGE('',*,*,#2819,.F.);
#4582=ORIENTED_EDGE('',*,*,#2816,.F.);
#4583=ORIENTED_EDGE('',*,*,#2813,.F.);
#4584=ORIENTED_EDGE('',*,*,#2810,.F.);
#4585=ORIENTED_EDGE('',*,*,#2807,.F.);
#4586=ORIENTED_EDGE('',*,*,#2804,.F.);
#4587=ORIENTED_EDGE('',*,*,#2801,.F.);
#4588=ORIENTED_EDGE('',*,*,#2798,.F.);
#4589=ORIENTED_EDGE('',*,*,#2795,.F.);
#4590=ORIENTED_EDGE('',*,*,#2792,.F.);
#4591=ORIENTED_EDGE('',*,*,#2789,.F.);
#4592=ORIENTED_EDGE('',*,*,#2786,.F.);
#4593=ORIENTED_EDGE('',*,*,#2783,.F.);
#4594=ORIENTED_EDGE('',*,*,#2780,.F.);
#4595=ORIENTED_EDGE('',*,*,#2777,.F.);
#4596=ORIENTED_EDGE('',*,*,#2774,.F.);
#4597=ORIENTED_EDGE('',*,*,#2771,.F.);
#4598=ORIENTED_EDGE('',*,*,#2768,.F.);
#4599=ORIENTED_EDGE('',*,*,#2765,.F.);
#4600=ORIENTED_EDGE('',*,*,#2762,.F.);
#4601=ORIENTED_EDGE('',*,*,#2759,.F.);
#4602=ORIENTED_EDGE('',*,*,#2756,.F.);
#4603=ORIENTED_EDGE('',*,*,#2753,.F.);
#4604=ORIENTED_EDGE('',*,*,#2750,.F.);
#4605=ORIENTED_EDGE('',*,*,#2747,.F.);
#4606=ORIENTED_EDGE('',*,*,#2744,.F.);
#4607=ORIENTED_EDGE('',*,*,#2741,.F.);
#4608=ORIENTED_EDGE('',*,*,#2738,.F.);
#4609=ORIENTED_EDGE('',*,*,#2735,.F.);
#4610=ORIENTED_EDGE('',*,*,#2731,.F.);
#4611=ORIENTED_EDGE('',*,*,#3232,.F.);
#4612=ORIENTED_EDGE('',*,*,#3229,.F.);
#4613=ORIENTED_EDGE('',*,*,#3226,.F.);
#4614=ORIENTED_EDGE('',*,*,#3223,.F.);
#4615=ORIENTED_EDGE('',*,*,#3220,.F.);
#4616=ORIENTED_EDGE('',*,*,#3217,.F.);
#4617=ORIENTED_EDGE('',*,*,#3214,.F.);
#4618=ORIENTED_EDGE('',*,*,#3211,.F.);
#4619=ORIENTED_EDGE('',*,*,#3208,.F.);
#4620=ORIENTED_EDGE('',*,*,#3205,.F.);
#4621=ORIENTED_EDGE('',*,*,#3202,.F.);
#4622=ORIENTED_EDGE('',*,*,#3199,.F.);
#4623=ORIENTED_EDGE('',*,*,#3196,.F.);
#4624=ORIENTED_EDGE('',*,*,#3193,.F.);
#4625=ORIENTED_EDGE('',*,*,#3190,.F.);
#4626=ORIENTED_EDGE('',*,*,#3187,.F.);
#4627=ORIENTED_EDGE('',*,*,#3184,.F.);
#4628=ORIENTED_EDGE('',*,*,#3181,.F.);
#4629=ORIENTED_EDGE('',*,*,#3178,.F.);
#4630=ORIENTED_EDGE('',*,*,#3175,.F.);
#4631=ORIENTED_EDGE('',*,*,#3172,.F.);
#4632=ORIENTED_EDGE('',*,*,#3169,.F.);
#4633=ORIENTED_EDGE('',*,*,#3166,.F.);
#4634=ORIENTED_EDGE('',*,*,#3163,.F.);
#4635=ORIENTED_EDGE('',*,*,#3160,.F.);
#4636=ORIENTED_EDGE('',*,*,#3157,.F.);
#4637=ORIENTED_EDGE('',*,*,#3154,.F.);
#4638=ORIENTED_EDGE('',*,*,#3151,.F.);
#4639=ORIENTED_EDGE('',*,*,#3148,.F.);
#4640=ORIENTED_EDGE('',*,*,#3145,.F.);
#4641=ORIENTED_EDGE('',*,*,#3142,.F.);
#4642=ORIENTED_EDGE('',*,*,#3139,.F.);
#4643=ORIENTED_EDGE('',*,*,#3136,.F.);
#4644=ORIENTED_EDGE('',*,*,#3133,.F.);
#4645=ORIENTED_EDGE('',*,*,#3130,.F.);
#4646=ORIENTED_EDGE('',*,*,#3127,.F.);
#4647=ORIENTED_EDGE('',*,*,#3124,.F.);
#4648=ORIENTED_EDGE('',*,*,#3121,.F.);
#4649=ORIENTED_EDGE('',*,*,#3118,.F.);
#4650=ORIENTED_EDGE('',*,*,#3115,.F.);
#4651=ORIENTED_EDGE('',*,*,#3112,.F.);
#4652=ORIENTED_EDGE('',*,*,#3109,.F.);
#4653=ORIENTED_EDGE('',*,*,#3106,.F.);
#4654=ORIENTED_EDGE('',*,*,#3103,.F.);
#4655=ORIENTED_EDGE('',*,*,#3100,.F.);
#4656=ORIENTED_EDGE('',*,*,#3097,.F.);
#4657=ORIENTED_EDGE('',*,*,#3094,.F.);
#4658=ORIENTED_EDGE('',*,*,#3091,.F.);
#4659=ORIENTED_EDGE('',*,*,#3088,.F.);
#4660=ORIENTED_EDGE('',*,*,#3085,.F.);
#4661=ORIENTED_EDGE('',*,*,#3082,.F.);
#4662=ORIENTED_EDGE('',*,*,#3079,.F.);
#4663=ORIENTED_EDGE('',*,*,#3076,.F.);
#4664=ORIENTED_EDGE('',*,*,#3073,.F.);
#4665=ORIENTED_EDGE('',*,*,#3070,.F.);
#4666=ORIENTED_EDGE('',*,*,#3067,.F.);
#4667=ORIENTED_EDGE('',*,*,#3064,.F.);
#4668=ORIENTED_EDGE('',*,*,#3061,.F.);
#4669=ORIENTED_EDGE('',*,*,#3058,.F.);
#4670=ORIENTED_EDGE('',*,*,#3055,.F.);
#4671=ORIENTED_EDGE('',*,*,#3052,.F.);
#4672=ORIENTED_EDGE('',*,*,#3049,.F.);
#4673=ORIENTED_EDGE('',*,*,#3046,.F.);
#4674=ORIENTED_EDGE('',*,*,#3043,.F.);
#4675=ORIENTED_EDGE('',*,*,#3040,.F.);
#4676=ORIENTED_EDGE('',*,*,#3037,.F.);
#4677=ORIENTED_EDGE('',*,*,#3034,.F.);
#4678=ORIENTED_EDGE('',*,*,#3031,.F.);
#4679=ORIENTED_EDGE('',*,*,#3028,.F.);
#4680=ORIENTED_EDGE('',*,*,#3025,.F.);
#4681=ORIENTED_EDGE('',*,*,#3022,.F.);
#4682=ORIENTED_EDGE('',*,*,#2948,.F.);
#4683=ORIENTED_EDGE('',*,*,#2728,.F.);
#4684=ORIENTED_EDGE('',*,*,#2725,.F.);
#4685=ORIENTED_EDGE('',*,*,#2722,.F.);
#4686=ORIENTED_EDGE('',*,*,#2719,.F.);
#4687=ORIENTED_EDGE('',*,*,#2716,.F.);
#4688=ORIENTED_EDGE('',*,*,#2713,.F.);
#4689=ORIENTED_EDGE('',*,*,#2710,.F.);
#4690=ORIENTED_EDGE('',*,*,#2707,.F.);
#4691=ORIENTED_EDGE('',*,*,#2704,.F.);
#4692=ORIENTED_EDGE('',*,*,#2701,.F.);
#4693=ORIENTED_EDGE('',*,*,#2698,.F.);
#4694=ORIENTED_EDGE('',*,*,#2695,.F.);
#4695=ORIENTED_EDGE('',*,*,#2692,.F.);
#4696=ORIENTED_EDGE('',*,*,#2689,.F.);
#4697=ORIENTED_EDGE('',*,*,#2686,.F.);
#4698=ORIENTED_EDGE('',*,*,#2683,.F.);
#4699=ORIENTED_EDGE('',*,*,#2680,.F.);
#4700=ORIENTED_EDGE('',*,*,#2677,.F.);
#4701=ORIENTED_EDGE('',*,*,#2674,.F.);
#4702=ORIENTED_EDGE('',*,*,#2671,.F.);
#4703=ORIENTED_EDGE('',*,*,#2668,.F.);
#4704=ORIENTED_EDGE('',*,*,#2665,.F.);
#4705=ORIENTED_EDGE('',*,*,#2662,.F.);
#4706=ORIENTED_EDGE('',*,*,#2658,.F.);
#4707=ORIENTED_EDGE('',*,*,#3017,.F.);
#4708=ORIENTED_EDGE('',*,*,#3014,.F.);
#4709=ORIENTED_EDGE('',*,*,#3011,.F.);
#4710=ORIENTED_EDGE('',*,*,#3008,.F.);
#4711=ORIENTED_EDGE('',*,*,#3005,.F.);
#4712=ORIENTED_EDGE('',*,*,#3002,.F.);
#4713=ORIENTED_EDGE('',*,*,#2999,.F.);
#4714=ORIENTED_EDGE('',*,*,#2996,.F.);
#4715=ORIENTED_EDGE('',*,*,#2993,.F.);
#4716=ORIENTED_EDGE('',*,*,#2990,.F.);
#4717=ORIENTED_EDGE('',*,*,#2987,.F.);
#4718=ORIENTED_EDGE('',*,*,#2984,.F.);
#4719=ORIENTED_EDGE('',*,*,#2981,.F.);
#4720=ORIENTED_EDGE('',*,*,#2978,.F.);
#4721=ORIENTED_EDGE('',*,*,#2975,.F.);
#4722=ORIENTED_EDGE('',*,*,#2972,.F.);
#4723=ORIENTED_EDGE('',*,*,#2969,.F.);
#4724=ORIENTED_EDGE('',*,*,#2966,.F.);
#4725=ORIENTED_EDGE('',*,*,#2963,.F.);
#4726=ORIENTED_EDGE('',*,*,#2960,.F.);
#4727=ORIENTED_EDGE('',*,*,#2957,.F.);
#4728=ORIENTED_EDGE('',*,*,#2954,.F.);
#4729=ORIENTED_EDGE('',*,*,#2951,.F.);
#4730=PLANE('',#5205);
#4731=PLANE('',#5209);
#4732=PLANE('',#5218);
#4733=PLANE('',#5219);
#4734=PLANE('',#5220);
#4735=PLANE('',#5224);
#4736=PLANE('',#5225);
#4737=PLANE('',#5226);
#4738=PLANE('',#5230);
#4739=PLANE('',#5231);
#4740=PLANE('',#5232);
#4741=PLANE('',#5236);
#4742=PLANE('',#5237);
#4743=PLANE('',#5238);
#4744=PLANE('',#5242);
#4745=PLANE('',#5243);
#4746=PLANE('',#5244);
#4747=PLANE('',#5248);
#4748=PLANE('',#5249);
#4749=PLANE('',#5250);
#4750=PLANE('',#5254);
#4751=PLANE('',#5255);
#4752=PLANE('',#5256);
#4753=PLANE('',#5260);
#4754=PLANE('',#5261);
#4755=PLANE('',#5262);
#4756=PLANE('',#5266);
#4757=PLANE('',#5267);
#4758=PLANE('',#5268);
#4759=PLANE('',#5272);
#4760=PLANE('',#5273);
#4761=PLANE('',#5274);
#4762=PLANE('',#5278);
#4763=PLANE('',#5279);
#4764=PLANE('',#5280);
#4765=PLANE('',#5284);
#4766=PLANE('',#5285);
#4767=PLANE('',#5286);
#4768=PLANE('',#5290);
#4769=PLANE('',#5291);
#4770=PLANE('',#5292);
#4771=PLANE('',#5293);
#4772=PLANE('',#5295);
#4773=PLANE('',#5297);
#4774=PLANE('',#5299);
#4775=PLANE('',#5303);
#4776=PLANE('',#5304);
#4777=PLANE('',#5305);
#4778=PLANE('',#5309);
#4779=PLANE('',#5310);
#4780=PLANE('',#5311);
#4781=PLANE('',#5315);
#4782=PLANE('',#5316);
#4783=PLANE('',#5317);
#4784=PLANE('',#5321);
#4785=PLANE('',#5322);
#4786=PLANE('',#5323);
#4787=PLANE('',#5327);
#4788=PLANE('',#5328);
#4789=PLANE('',#5329);
#4790=PLANE('',#5333);
#4791=PLANE('',#5334);
#4792=PLANE('',#5335);
#4793=PLANE('',#5336);
#4794=PLANE('',#5337);
#4795=PLANE('',#5338);
#4796=PLANE('',#5342);
#4797=PLANE('',#5343);
#4798=PLANE('',#5344);
#4799=PLANE('',#5345);
#4800=PLANE('',#5346);
#4801=PLANE('',#5350);
#4802=PLANE('',#5351);
#4803=PLANE('',#5352);
#4804=PLANE('',#5353);
#4805=PLANE('',#5354);
#4806=PLANE('',#5358);
#4807=PLANE('',#5359);
#4808=PLANE('',#5360);
#4809=PLANE('',#5361);
#4810=PLANE('',#5362);
#4811=PLANE('',#5366);
#4812=PLANE('',#5367);
#4813=PLANE('',#5368);
#4814=PLANE('',#5369);
#4815=PLANE('',#5370);
#4816=PLANE('',#5374);
#4817=PLANE('',#5375);
#4818=PLANE('',#5376);
#4819=PLANE('',#5377);
#4820=PLANE('',#5378);
#4821=PLANE('',#5382);
#4822=PLANE('',#5383);
#4823=PLANE('',#5384);
#4824=PLANE('',#5385);
#4825=PLANE('',#5386);
#4826=PLANE('',#5390);
#4827=PLANE('',#5391);
#4828=PLANE('',#5392);
#4829=PLANE('',#5393);
#4830=PLANE('',#5394);
#4831=PLANE('',#5398);
#4832=PLANE('',#5399);
#4833=PLANE('',#5400);
#4834=PLANE('',#5401);
#4835=PLANE('',#5402);
#4836=PLANE('',#5406);
#4837=PLANE('',#5407);
#4838=PLANE('',#5408);
#4839=PLANE('',#5409);
#4840=PLANE('',#5410);
#4841=PLANE('',#5414);
#4842=PLANE('',#5415);
#4843=PLANE('',#5416);
#4844=PLANE('',#5417);
#4845=PLANE('',#5418);
#4846=PLANE('',#5422);
#4847=PLANE('',#5423);
#4848=PLANE('',#5424);
#4849=PLANE('',#5425);
#4850=PLANE('',#5426);
#4851=PLANE('',#5430);
#4852=PLANE('',#5431);
#4853=PLANE('',#5435);
#4854=PLANE('',#5436);
#4855=PLANE('',#5437);
#4856=PLANE('',#5441);
#4857=PLANE('',#5442);
#4858=PLANE('',#5443);
#4859=PLANE('',#5447);
#4860=PLANE('',#5448);
#4861=PLANE('',#5449);
#4862=PLANE('',#5453);
#4863=PLANE('',#5454);
#4864=PLANE('',#5455);
#4865=PLANE('',#5459);
#4866=PLANE('',#5460);
#4867=PLANE('',#5461);
#4868=PLANE('',#5465);
#4869=PLANE('',#5466);
#4870=PLANE('',#5467);
#4871=PLANE('',#5468);
#4872=PLANE('',#5469);
#4873=PLANE('',#5470);
#4874=PLANE('',#5474);
#4875=PLANE('',#5475);
#4876=PLANE('',#5476);
#4877=PLANE('',#5477);
#4878=PLANE('',#5478);
#4879=PLANE('',#5482);
#4880=PLANE('',#5483);
#4881=PLANE('',#5484);
#4882=PLANE('',#5485);
#4883=PLANE('',#5486);
#4884=PLANE('',#5490);
#4885=PLANE('',#5491);
#4886=PLANE('',#5492);
#4887=PLANE('',#5493);
#4888=PLANE('',#5494);
#4889=PLANE('',#5498);
#4890=PLANE('',#5499);
#4891=PLANE('',#5500);
#4892=PLANE('',#5501);
#4893=PLANE('',#5502);
#4894=PLANE('',#5506);
#4895=PLANE('',#5507);
#4896=PLANE('',#5508);
#4897=PLANE('',#5509);
#4898=PLANE('',#5510);
#4899=PLANE('',#5514);
#4900=PLANE('',#5515);
#4901=PLANE('',#5516);
#4902=PLANE('',#5517);
#4903=PLANE('',#5518);
#4904=PLANE('',#5522);
#4905=PLANE('',#5523);
#4906=PLANE('',#5524);
#4907=PLANE('',#5525);
#4908=PLANE('',#5526);
#4909=PLANE('',#5530);
#4910=PLANE('',#5531);
#4911=PLANE('',#5532);
#4912=PLANE('',#5533);
#4913=PLANE('',#5534);
#4914=PLANE('',#5538);
#4915=PLANE('',#5539);
#4916=PLANE('',#5540);
#4917=PLANE('',#5541);
#4918=PLANE('',#5542);
#4919=PLANE('',#5546);
#4920=PLANE('',#5547);
#4921=PLANE('',#5548);
#4922=PLANE('',#5549);
#4923=PLANE('',#5550);
#4924=PLANE('',#5554);
#4925=PLANE('',#5555);
#4926=PLANE('',#5556);
#4927=PLANE('',#5557);
#4928=PLANE('',#5558);
#4929=PLANE('',#5562);
#4930=PLANE('',#5563);
#4931=PLANE('',#5564);
#4932=PLANE('',#5565);
#4933=ADVANCED_FACE('',(#1363,#74),#4730,.T.);
#4934=ADVANCED_FACE('',(#1364),#4731,.F.);
#4935=ADVANCED_FACE('',(#1365),#21,.F.);
#4936=ADVANCED_FACE('',(#1366),#22,.F.);
#4937=ADVANCED_FACE('',(#1367,#75),#23,.T.);
#4938=ADVANCED_FACE('',(#1368),#24,.F.);
#4939=ADVANCED_FACE('',(#1369,#76),#4732,.F.);
#4940=ADVANCED_FACE('',(#1370),#4733,.T.);
#4941=ADVANCED_FACE('',(#1371),#4734,.T.);
#4942=ADVANCED_FACE('',(#1372),#25,.T.);
#4943=ADVANCED_FACE('',(#1373),#4735,.T.);
#4944=ADVANCED_FACE('',(#1374),#4736,.T.);
#4945=ADVANCED_FACE('',(#1375),#4737,.T.);
#4946=ADVANCED_FACE('',(#1376),#26,.T.);
#4947=ADVANCED_FACE('',(#1377),#4738,.T.);
#4948=ADVANCED_FACE('',(#1378),#4739,.T.);
#4949=ADVANCED_FACE('',(#1379),#4740,.T.);
#4950=ADVANCED_FACE('',(#1380),#27,.T.);
#4951=ADVANCED_FACE('',(#1381),#4741,.T.);
#4952=ADVANCED_FACE('',(#1382),#4742,.T.);
#4953=ADVANCED_FACE('',(#1383),#4743,.T.);
#4954=ADVANCED_FACE('',(#1384),#28,.T.);
#4955=ADVANCED_FACE('',(#1385),#4744,.T.);
#4956=ADVANCED_FACE('',(#1386),#4745,.T.);
#4957=ADVANCED_FACE('',(#1387),#4746,.T.);
#4958=ADVANCED_FACE('',(#1388),#29,.T.);
#4959=ADVANCED_FACE('',(#1389),#4747,.T.);
#4960=ADVANCED_FACE('',(#1390),#4748,.T.);
#4961=ADVANCED_FACE('',(#1391),#4749,.T.);
#4962=ADVANCED_FACE('',(#1392),#30,.T.);
#4963=ADVANCED_FACE('',(#1393),#4750,.T.);
#4964=ADVANCED_FACE('',(#1394),#4751,.T.);
#4965=ADVANCED_FACE('',(#1395),#4752,.T.);
#4966=ADVANCED_FACE('',(#1396),#31,.T.);
#4967=ADVANCED_FACE('',(#1397),#4753,.T.);
#4968=ADVANCED_FACE('',(#1398),#4754,.T.);
#4969=ADVANCED_FACE('',(#1399),#4755,.T.);
#4970=ADVANCED_FACE('',(#1400),#32,.T.);
#4971=ADVANCED_FACE('',(#1401),#4756,.T.);
#4972=ADVANCED_FACE('',(#1402),#4757,.T.);
#4973=ADVANCED_FACE('',(#1403),#4758,.T.);
#4974=ADVANCED_FACE('',(#1404),#33,.T.);
#4975=ADVANCED_FACE('',(#1405),#4759,.T.);
#4976=ADVANCED_FACE('',(#1406),#4760,.T.);
#4977=ADVANCED_FACE('',(#1407),#4761,.T.);
#4978=ADVANCED_FACE('',(#1408),#34,.T.);
#4979=ADVANCED_FACE('',(#1409),#4762,.T.);
#4980=ADVANCED_FACE('',(#1410),#4763,.T.);
#4981=ADVANCED_FACE('',(#1411),#4764,.T.);
#4982=ADVANCED_FACE('',(#1412),#35,.T.);
#4983=ADVANCED_FACE('',(#1413),#4765,.T.);
#4984=ADVANCED_FACE('',(#1414),#4766,.T.);
#4985=ADVANCED_FACE('',(#1415),#4767,.T.);
#4986=ADVANCED_FACE('',(#1416),#36,.T.);
#4987=ADVANCED_FACE('',(#1417),#4768,.T.);
#4988=ADVANCED_FACE('',(#1418,#77),#4769,.T.);
#4989=ADVANCED_FACE('',(#1419,#78),#4770,.F.);
#4990=ADVANCED_FACE('',(#1420),#4771,.F.);
#4991=ADVANCED_FACE('',(#1421),#4772,.T.);
#4992=ADVANCED_FACE('',(#1422),#4773,.T.);
#4993=ADVANCED_FACE('',(#1423),#37,.F.);
#4994=ADVANCED_FACE('',(#1424),#4774,.T.);
#4995=ADVANCED_FACE('',(#1425),#38,.F.);
#4996=ADVANCED_FACE('',(#1426),#4775,.T.);
#4997=ADVANCED_FACE('',(#1427),#4776,.T.);
#4998=ADVANCED_FACE('',(#1428),#4777,.T.);
#4999=ADVANCED_FACE('',(#1429),#39,.F.);
#5000=ADVANCED_FACE('',(#1430),#4778,.T.);
#5001=ADVANCED_FACE('',(#1431),#4779,.T.);
#5002=ADVANCED_FACE('',(#1432),#4780,.T.);
#5003=ADVANCED_FACE('',(#1433),#40,.F.);
#5004=ADVANCED_FACE('',(#1434),#4781,.T.);
#5005=ADVANCED_FACE('',(#1435),#4782,.T.);
#5006=ADVANCED_FACE('',(#1436),#4783,.T.);
#5007=ADVANCED_FACE('',(#1437),#41,.F.);
#5008=ADVANCED_FACE('',(#1438),#4784,.T.);
#5009=ADVANCED_FACE('',(#1439),#4785,.T.);
#5010=ADVANCED_FACE('',(#1440),#4786,.T.);
#5011=ADVANCED_FACE('',(#1441),#42,.F.);
#5012=ADVANCED_FACE('',(#1442),#4787,.T.);
#5013=ADVANCED_FACE('',(#1443),#4788,.T.);
#5014=ADVANCED_FACE('',(#1444),#4789,.T.);
#5015=ADVANCED_FACE('',(#1445),#43,.F.);
#5016=ADVANCED_FACE('',(#1446),#4790,.T.);
#5017=ADVANCED_FACE('',(#1447),#4791,.T.);
#5018=ADVANCED_FACE('',(#1448),#4792,.T.);
#5019=ADVANCED_FACE('',(#1449),#4793,.T.);
#5020=ADVANCED_FACE('',(#1450),#4794,.T.);
#5021=ADVANCED_FACE('',(#1451),#4795,.T.);
#5022=ADVANCED_FACE('',(#1452),#44,.T.);
#5023=ADVANCED_FACE('',(#1453),#4796,.T.);
#5024=ADVANCED_FACE('',(#1454),#4797,.T.);
#5025=ADVANCED_FACE('',(#1455),#4798,.T.);
#5026=ADVANCED_FACE('',(#1456),#4799,.T.);
#5027=ADVANCED_FACE('',(#1457),#4800,.T.);
#5028=ADVANCED_FACE('',(#1458),#45,.T.);
#5029=ADVANCED_FACE('',(#1459),#4801,.T.);
#5030=ADVANCED_FACE('',(#1460),#4802,.T.);
#5031=ADVANCED_FACE('',(#1461),#4803,.T.);
#5032=ADVANCED_FACE('',(#1462),#4804,.T.);
#5033=ADVANCED_FACE('',(#1463),#4805,.T.);
#5034=ADVANCED_FACE('',(#1464),#46,.T.);
#5035=ADVANCED_FACE('',(#1465),#4806,.T.);
#5036=ADVANCED_FACE('',(#1466),#4807,.T.);
#5037=ADVANCED_FACE('',(#1467),#4808,.T.);
#5038=ADVANCED_FACE('',(#1468),#4809,.T.);
#5039=ADVANCED_FACE('',(#1469),#4810,.T.);
#5040=ADVANCED_FACE('',(#1470),#47,.T.);
#5041=ADVANCED_FACE('',(#1471),#4811,.T.);
#5042=ADVANCED_FACE('',(#1472),#4812,.T.);
#5043=ADVANCED_FACE('',(#1473),#4813,.T.);
#5044=ADVANCED_FACE('',(#1474),#4814,.T.);
#5045=ADVANCED_FACE('',(#1475),#4815,.T.);
#5046=ADVANCED_FACE('',(#1476),#48,.T.);
#5047=ADVANCED_FACE('',(#1477),#4816,.T.);
#5048=ADVANCED_FACE('',(#1478),#4817,.T.);
#5049=ADVANCED_FACE('',(#1479),#4818,.T.);
#5050=ADVANCED_FACE('',(#1480),#4819,.T.);
#5051=ADVANCED_FACE('',(#1481),#4820,.T.);
#5052=ADVANCED_FACE('',(#1482),#49,.T.);
#5053=ADVANCED_FACE('',(#1483),#4821,.T.);
#5054=ADVANCED_FACE('',(#1484),#4822,.T.);
#5055=ADVANCED_FACE('',(#1485),#4823,.T.);
#5056=ADVANCED_FACE('',(#1486),#4824,.T.);
#5057=ADVANCED_FACE('',(#1487),#4825,.T.);
#5058=ADVANCED_FACE('',(#1488),#50,.T.);
#5059=ADVANCED_FACE('',(#1489),#4826,.T.);
#5060=ADVANCED_FACE('',(#1490),#4827,.T.);
#5061=ADVANCED_FACE('',(#1491),#4828,.T.);
#5062=ADVANCED_FACE('',(#1492),#4829,.T.);
#5063=ADVANCED_FACE('',(#1493),#4830,.T.);
#5064=ADVANCED_FACE('',(#1494),#51,.T.);
#5065=ADVANCED_FACE('',(#1495),#4831,.T.);
#5066=ADVANCED_FACE('',(#1496),#4832,.T.);
#5067=ADVANCED_FACE('',(#1497),#4833,.T.);
#5068=ADVANCED_FACE('',(#1498),#4834,.T.);
#5069=ADVANCED_FACE('',(#1499),#4835,.T.);
#5070=ADVANCED_FACE('',(#1500),#52,.T.);
#5071=ADVANCED_FACE('',(#1501),#4836,.T.);
#5072=ADVANCED_FACE('',(#1502),#4837,.T.);
#5073=ADVANCED_FACE('',(#1503),#4838,.T.);
#5074=ADVANCED_FACE('',(#1504),#4839,.T.);
#5075=ADVANCED_FACE('',(#1505),#4840,.T.);
#5076=ADVANCED_FACE('',(#1506),#53,.T.);
#5077=ADVANCED_FACE('',(#1507),#4841,.T.);
#5078=ADVANCED_FACE('',(#1508),#4842,.T.);
#5079=ADVANCED_FACE('',(#1509),#4843,.T.);
#5080=ADVANCED_FACE('',(#1510),#4844,.T.);
#5081=ADVANCED_FACE('',(#1511),#4845,.T.);
#5082=ADVANCED_FACE('',(#1512),#54,.T.);
#5083=ADVANCED_FACE('',(#1513),#4846,.T.);
#5084=ADVANCED_FACE('',(#1514),#4847,.T.);
#5085=ADVANCED_FACE('',(#1515),#4848,.T.);
#5086=ADVANCED_FACE('',(#1516),#4849,.T.);
#5087=ADVANCED_FACE('',(#1517),#4850,.T.);
#5088=ADVANCED_FACE('',(#1518),#55,.T.);
#5089=ADVANCED_FACE('',(#1519),#4851,.T.);
#5090=ADVANCED_FACE('',(#1520),#4852,.T.);
#5091=ADVANCED_FACE('',(#1521),#56,.F.);
#5092=ADVANCED_FACE('',(#1522),#4853,.T.);
#5093=ADVANCED_FACE('',(#1523),#4854,.T.);
#5094=ADVANCED_FACE('',(#1524),#4855,.T.);
#5095=ADVANCED_FACE('',(#1525),#57,.F.);
#5096=ADVANCED_FACE('',(#1526),#4856,.T.);
#5097=ADVANCED_FACE('',(#1527),#4857,.T.);
#5098=ADVANCED_FACE('',(#1528),#4858,.T.);
#5099=ADVANCED_FACE('',(#1529),#58,.F.);
#5100=ADVANCED_FACE('',(#1530),#4859,.T.);
#5101=ADVANCED_FACE('',(#1531),#4860,.T.);
#5102=ADVANCED_FACE('',(#1532),#4861,.T.);
#5103=ADVANCED_FACE('',(#1533),#59,.F.);
#5104=ADVANCED_FACE('',(#1534),#4862,.T.);
#5105=ADVANCED_FACE('',(#1535),#4863,.T.);
#5106=ADVANCED_FACE('',(#1536),#4864,.T.);
#5107=ADVANCED_FACE('',(#1537),#60,.F.);
#5108=ADVANCED_FACE('',(#1538),#4865,.T.);
#5109=ADVANCED_FACE('',(#1539),#4866,.T.);
#5110=ADVANCED_FACE('',(#1540),#4867,.T.);
#5111=ADVANCED_FACE('',(#1541),#61,.F.);
#5112=ADVANCED_FACE('',(#1542),#4868,.T.);
#5113=ADVANCED_FACE('',(#1543),#4869,.T.);
#5114=ADVANCED_FACE('',(#1544),#4870,.T.);
#5115=ADVANCED_FACE('',(#1545),#4871,.T.);
#5116=ADVANCED_FACE('',(#1546),#4872,.T.);
#5117=ADVANCED_FACE('',(#1547),#4873,.T.);
#5118=ADVANCED_FACE('',(#1548),#62,.T.);
#5119=ADVANCED_FACE('',(#1549),#4874,.T.);
#5120=ADVANCED_FACE('',(#1550),#4875,.T.);
#5121=ADVANCED_FACE('',(#1551),#4876,.T.);
#5122=ADVANCED_FACE('',(#1552),#4877,.T.);
#5123=ADVANCED_FACE('',(#1553),#4878,.T.);
#5124=ADVANCED_FACE('',(#1554),#63,.T.);
#5125=ADVANCED_FACE('',(#1555),#4879,.T.);
#5126=ADVANCED_FACE('',(#1556),#4880,.T.);
#5127=ADVANCED_FACE('',(#1557),#4881,.T.);
#5128=ADVANCED_FACE('',(#1558),#4882,.T.);
#5129=ADVANCED_FACE('',(#1559),#4883,.T.);
#5130=ADVANCED_FACE('',(#1560),#64,.T.);
#5131=ADVANCED_FACE('',(#1561),#4884,.T.);
#5132=ADVANCED_FACE('',(#1562),#4885,.T.);
#5133=ADVANCED_FACE('',(#1563),#4886,.T.);
#5134=ADVANCED_FACE('',(#1564),#4887,.T.);
#5135=ADVANCED_FACE('',(#1565),#4888,.T.);
#5136=ADVANCED_FACE('',(#1566),#65,.T.);
#5137=ADVANCED_FACE('',(#1567),#4889,.T.);
#5138=ADVANCED_FACE('',(#1568),#4890,.T.);
#5139=ADVANCED_FACE('',(#1569),#4891,.T.);
#5140=ADVANCED_FACE('',(#1570),#4892,.T.);
#5141=ADVANCED_FACE('',(#1571),#4893,.T.);
#5142=ADVANCED_FACE('',(#1572),#66,.T.);
#5143=ADVANCED_FACE('',(#1573),#4894,.T.);
#5144=ADVANCED_FACE('',(#1574),#4895,.T.);
#5145=ADVANCED_FACE('',(#1575),#4896,.T.);
#5146=ADVANCED_FACE('',(#1576),#4897,.T.);
#5147=ADVANCED_FACE('',(#1577),#4898,.T.);
#5148=ADVANCED_FACE('',(#1578),#67,.T.);
#5149=ADVANCED_FACE('',(#1579),#4899,.T.);
#5150=ADVANCED_FACE('',(#1580),#4900,.T.);
#5151=ADVANCED_FACE('',(#1581),#4901,.T.);
#5152=ADVANCED_FACE('',(#1582),#4902,.T.);
#5153=ADVANCED_FACE('',(#1583),#4903,.T.);
#5154=ADVANCED_FACE('',(#1584),#68,.T.);
#5155=ADVANCED_FACE('',(#1585),#4904,.T.);
#5156=ADVANCED_FACE('',(#1586),#4905,.T.);
#5157=ADVANCED_FACE('',(#1587),#4906,.T.);
#5158=ADVANCED_FACE('',(#1588),#4907,.T.);
#5159=ADVANCED_FACE('',(#1589),#4908,.T.);
#5160=ADVANCED_FACE('',(#1590),#69,.T.);
#5161=ADVANCED_FACE('',(#1591),#4909,.T.);
#5162=ADVANCED_FACE('',(#1592),#4910,.T.);
#5163=ADVANCED_FACE('',(#1593),#4911,.T.);
#5164=ADVANCED_FACE('',(#1594),#4912,.T.);
#5165=ADVANCED_FACE('',(#1595),#4913,.T.);
#5166=ADVANCED_FACE('',(#1596),#70,.T.);
#5167=ADVANCED_FACE('',(#1597),#4914,.T.);
#5168=ADVANCED_FACE('',(#1598),#4915,.T.);
#5169=ADVANCED_FACE('',(#1599),#4916,.T.);
#5170=ADVANCED_FACE('',(#1600),#4917,.T.);
#5171=ADVANCED_FACE('',(#1601),#4918,.T.);
#5172=ADVANCED_FACE('',(#1602),#71,.T.);
#5173=ADVANCED_FACE('',(#1603),#4919,.T.);
#5174=ADVANCED_FACE('',(#1604),#4920,.T.);
#5175=ADVANCED_FACE('',(#1605),#4921,.T.);
#5176=ADVANCED_FACE('',(#1606),#4922,.T.);
#5177=ADVANCED_FACE('',(#1607),#4923,.T.);
#5178=ADVANCED_FACE('',(#1608),#72,.T.);
#5179=ADVANCED_FACE('',(#1609),#4924,.T.);
#5180=ADVANCED_FACE('',(#1610),#4925,.T.);
#5181=ADVANCED_FACE('',(#1611),#4926,.T.);
#5182=ADVANCED_FACE('',(#1612),#4927,.T.);
#5183=ADVANCED_FACE('',(#1613),#4928,.T.);
#5184=ADVANCED_FACE('',(#1614),#73,.T.);
#5185=ADVANCED_FACE('',(#1615),#4929,.T.);
#5186=ADVANCED_FACE('',(#1616),#4930,.T.);
#5187=ADVANCED_FACE('',(#1617,#79),#4931,.T.);
#5188=ADVANCED_FACE('',(#1618,#80),#4932,.T.);
#5189=CLOSED_SHELL('',(#4933,#4934,#4935,#4936,#4937,#4938,#4939,#4940,
#4941,#4942,#4943,#4944,#4945,#4946,#4947,#4948,#4949,#4950,#4951,#4952,
#4953,#4954,#4955,#4956,#4957,#4958,#4959,#4960,#4961,#4962,#4963,#4964,
#4965,#4966,#4967,#4968,#4969,#4970,#4971,#4972,#4973,#4974,#4975,#4976,
#4977,#4978,#4979,#4980,#4981,#4982,#4983,#4984,#4985,#4986,#4987,#4988,
#4989));
#5190=CLOSED_SHELL('',(#4990,#4991,#4992,#4993,#4994));
#5191=CLOSED_SHELL('',(#4995,#4996,#4997,#4998,#4999,#5000,#5001,#5002,
#5003,#5004,#5005,#5006,#5007,#5008,#5009,#5010,#5011,#5012,#5013,#5014,
#5015,#5016,#5017,#5018,#5019,#5020,#5021,#5022,#5023,#5024,#5025,#5026,
#5027,#5028,#5029,#5030,#5031,#5032,#5033,#5034,#5035,#5036,#5037,#5038,
#5039,#5040,#5041,#5042,#5043,#5044,#5045,#5046,#5047,#5048,#5049,#5050,
#5051,#5052,#5053,#5054,#5055,#5056,#5057,#5058,#5059,#5060,#5061,#5062,
#5063,#5064,#5065,#5066,#5067,#5068,#5069,#5070,#5071,#5072,#5073,#5074,
#5075,#5076,#5077,#5078,#5079,#5080,#5081,#5082,#5083,#5084,#5085,#5086,
#5087,#5088,#5089,#5090,#5091,#5092,#5093,#5094,#5095,#5096,#5097,#5098,
#5099,#5100,#5101,#5102,#5103,#5104,#5105,#5106,#5107,#5108,#5109,#5110,
#5111,#5112,#5113,#5114,#5115,#5116,#5117,#5118,#5119,#5120,#5121,#5122,
#5123,#5124,#5125,#5126,#5127,#5128,#5129,#5130,#5131,#5132,#5133,#5134,
#5135,#5136,#5137,#5138,#5139,#5140,#5141,#5142,#5143,#5144,#5145,#5146,
#5147,#5148,#5149,#5150,#5151,#5152,#5153,#5154,#5155,#5156,#5157,#5158,
#5159,#5160,#5161,#5162,#5163,#5164,#5165,#5166,#5167,#5168,#5169,#5170,
#5171,#5172,#5173,#5174,#5175,#5176,#5177,#5178,#5179,#5180,#5181,#5182,
#5183,#5184,#5185,#5186,#5187,#5188));
#5192=DERIVED_UNIT_ELEMENT(#5194,1.);
#5193=DERIVED_UNIT_ELEMENT(#8474,-3.);
#5194=(
MASS_UNIT()
NAMED_UNIT(*)
SI_UNIT(.KILO.,.GRAM.)
);
#5195=DERIVED_UNIT((#5192,#5193));
#5196=MEASURE_REPRESENTATION_ITEM('density measure',
POSITIVE_RATIO_MEASURE(7850.),#5195);
#5197=PROPERTY_DEFINITION_REPRESENTATION(#5202,#5199);
#5198=PROPERTY_DEFINITION_REPRESENTATION(#5203,#5200);
#5199=REPRESENTATION('material name',(#5201),#8471);
#5200=REPRESENTATION('density',(#5196),#8471);
#5201=DESCRIPTIVE_REPRESENTATION_ITEM('Steel','Steel');
#5202=PROPERTY_DEFINITION('material property','material name',#8481);
#5203=PROPERTY_DEFINITION('material property','density of part',#8481);
#5204=AXIS2_PLACEMENT_3D('',#6931,#5566,#5567);
#5205=AXIS2_PLACEMENT_3D('',#6932,#5568,#5569);
#5206=AXIS2_PLACEMENT_3D('',#6934,#5570,#5571);
#5207=AXIS2_PLACEMENT_3D('',#6937,#5572,#5573);
#5208=AXIS2_PLACEMENT_3D('',#6941,#5575,#5576);
#5209=AXIS2_PLACEMENT_3D('',#6943,#5578,#5579);
#5210=AXIS2_PLACEMENT_3D('',#6949,#5583,#5584);
#5211=AXIS2_PLACEMENT_3D('',#6952,#5586,#5587);
#5212=AXIS2_PLACEMENT_3D('',#6953,#5588,#5589);
#5213=AXIS2_PLACEMENT_3D('',#6955,#5590,#5591);
#5214=AXIS2_PLACEMENT_3D('',#6995,#5593,#5594);
#5215=AXIS2_PLACEMENT_3D('',#6998,#5596,#5597);
#5216=AXIS2_PLACEMENT_3D('',#6999,#5598,#5599);
#5217=AXIS2_PLACEMENT_3D('',#7001,#5600,#5601);
#5218=AXIS2_PLACEMENT_3D('',#7003,#5603,#5604);
#5219=AXIS2_PLACEMENT_3D('',#7005,#5606,#5607);
#5220=AXIS2_PLACEMENT_3D('',#7014,#5612,#5613);
#5221=AXIS2_PLACEMENT_3D('',#7020,#5617,#5618);
#5222=AXIS2_PLACEMENT_3D('',#7022,#5619,#5620);
#5223=AXIS2_PLACEMENT_3D('',#7024,#5621,#5622);
#5224=AXIS2_PLACEMENT_3D('',#7026,#5624,#5625);
#5225=AXIS2_PLACEMENT_3D('',#7032,#5629,#5630);
#5226=AXIS2_PLACEMENT_3D('',#7038,#5634,#5635);
#5227=AXIS2_PLACEMENT_3D('',#7044,#5639,#5640);
#5228=AXIS2_PLACEMENT_3D('',#7046,#5641,#5642);
#5229=AXIS2_PLACEMENT_3D('',#7048,#5643,#5644);
#5230=AXIS2_PLACEMENT_3D('',#7050,#5646,#5647);
#5231=AXIS2_PLACEMENT_3D('',#7056,#5651,#5652);
#5232=AXIS2_PLACEMENT_3D('',#7062,#5656,#5657);
#5233=AXIS2_PLACEMENT_3D('',#7068,#5661,#5662);
#5234=AXIS2_PLACEMENT_3D('',#7070,#5663,#5664);
#5235=AXIS2_PLACEMENT_3D('',#7072,#5665,#5666);
#5236=AXIS2_PLACEMENT_3D('',#7074,#5668,#5669);
#5237=AXIS2_PLACEMENT_3D('',#7080,#5673,#5674);
#5238=AXIS2_PLACEMENT_3D('',#7086,#5678,#5679);
#5239=AXIS2_PLACEMENT_3D('',#7092,#5683,#5684);
#5240=AXIS2_PLACEMENT_3D('',#7094,#5685,#5686);
#5241=AXIS2_PLACEMENT_3D('',#7096,#5687,#5688);
#5242=AXIS2_PLACEMENT_3D('',#7098,#5690,#5691);
#5243=AXIS2_PLACEMENT_3D('',#7104,#5695,#5696);
#5244=AXIS2_PLACEMENT_3D('',#7110,#5700,#5701);
#5245=AXIS2_PLACEMENT_3D('',#7116,#5705,#5706);
#5246=AXIS2_PLACEMENT_3D('',#7118,#5707,#5708);
#5247=AXIS2_PLACEMENT_3D('',#7120,#5709,#5710);
#5248=AXIS2_PLACEMENT_3D('',#7122,#5712,#5713);
#5249=AXIS2_PLACEMENT_3D('',#7128,#5717,#5718);
#5250=AXIS2_PLACEMENT_3D('',#7134,#5722,#5723);
#5251=AXIS2_PLACEMENT_3D('',#7140,#5727,#5728);
#5252=AXIS2_PLACEMENT_3D('',#7142,#5729,#5730);
#5253=AXIS2_PLACEMENT_3D('',#7144,#5731,#5732);
#5254=AXIS2_PLACEMENT_3D('',#7146,#5734,#5735);
#5255=AXIS2_PLACEMENT_3D('',#7152,#5739,#5740);
#5256=AXIS2_PLACEMENT_3D('',#7158,#5744,#5745);
#5257=AXIS2_PLACEMENT_3D('',#7164,#5749,#5750);
#5258=AXIS2_PLACEMENT_3D('',#7166,#5751,#5752);
#5259=AXIS2_PLACEMENT_3D('',#7168,#5753,#5754);
#5260=AXIS2_PLACEMENT_3D('',#7170,#5756,#5757);
#5261=AXIS2_PLACEMENT_3D('',#7176,#5761,#5762);
#5262=AXIS2_PLACEMENT_3D('',#7182,#5766,#5767);
#5263=AXIS2_PLACEMENT_3D('',#7188,#5771,#5772);
#5264=AXIS2_PLACEMENT_3D('',#7190,#5773,#5774);
#5265=AXIS2_PLACEMENT_3D('',#7192,#5775,#5776);
#5266=AXIS2_PLACEMENT_3D('',#7194,#5778,#5779);
#5267=AXIS2_PLACEMENT_3D('',#7200,#5783,#5784);
#5268=AXIS2_PLACEMENT_3D('',#7206,#5788,#5789);
#5269=AXIS2_PLACEMENT_3D('',#7212,#5793,#5794);
#5270=AXIS2_PLACEMENT_3D('',#7214,#5795,#5796);
#5271=AXIS2_PLACEMENT_3D('',#7216,#5797,#5798);
#5272=AXIS2_PLACEMENT_3D('',#7218,#5800,#5801);
#5273=AXIS2_PLACEMENT_3D('',#7224,#5805,#5806);
#5274=AXIS2_PLACEMENT_3D('',#7230,#5810,#5811);
#5275=AXIS2_PLACEMENT_3D('',#7236,#5815,#5816);
#5276=AXIS2_PLACEMENT_3D('',#7238,#5817,#5818);
#5277=AXIS2_PLACEMENT_3D('',#7240,#5819,#5820);
#5278=AXIS2_PLACEMENT_3D('',#7242,#5822,#5823);
#5279=AXIS2_PLACEMENT_3D('',#7248,#5827,#5828);
#5280=AXIS2_PLACEMENT_3D('',#7254,#5832,#5833);
#5281=AXIS2_PLACEMENT_3D('',#7260,#5837,#5838);
#5282=AXIS2_PLACEMENT_3D('',#7262,#5839,#5840);
#5283=AXIS2_PLACEMENT_3D('',#7264,#5841,#5842);
#5284=AXIS2_PLACEMENT_3D('',#7266,#5844,#5845);
#5285=AXIS2_PLACEMENT_3D('',#7272,#5849,#5850);
#5286=AXIS2_PLACEMENT_3D('',#7278,#5854,#5855);
#5287=AXIS2_PLACEMENT_3D('',#7284,#5859,#5860);
#5288=AXIS2_PLACEMENT_3D('',#7286,#5861,#5862);
#5289=AXIS2_PLACEMENT_3D('',#7288,#5863,#5864);
#5290=AXIS2_PLACEMENT_3D('',#7290,#5866,#5867);
#5291=AXIS2_PLACEMENT_3D('',#7293,#5870,#5871);
#5292=AXIS2_PLACEMENT_3D('',#7294,#5872,#5873);
#5293=AXIS2_PLACEMENT_3D('',#7295,#5874,#5875);
#5294=AXIS2_PLACEMENT_3D('',#7301,#5878,#5879);
#5295=AXIS2_PLACEMENT_3D('',#7302,#5880,#5881);
#5296=AXIS2_PLACEMENT_3D('',#7307,#5883,#5884);
#5297=AXIS2_PLACEMENT_3D('',#7309,#5886,#5887);
#5298=AXIS2_PLACEMENT_3D('',#7312,#5890,#5891);
#5299=AXIS2_PLACEMENT_3D('',#7314,#5893,#5894);
#5300=AXIS2_PLACEMENT_3D('',#7315,#5895,#5896);
#5301=AXIS2_PLACEMENT_3D('',#7318,#5897,#5898);
#5302=AXIS2_PLACEMENT_3D('',#7322,#5900,#5901);
#5303=AXIS2_PLACEMENT_3D('',#7324,#5903,#5904);
#5304=AXIS2_PLACEMENT_3D('',#7330,#5908,#5909);
#5305=AXIS2_PLACEMENT_3D('',#7336,#5913,#5914);
#5306=AXIS2_PLACEMENT_3D('',#7342,#5918,#5919);
#5307=AXIS2_PLACEMENT_3D('',#7344,#5920,#5921);
#5308=AXIS2_PLACEMENT_3D('',#7347,#5923,#5924);
#5309=AXIS2_PLACEMENT_3D('',#7348,#5925,#5926);
#5310=AXIS2_PLACEMENT_3D('',#7354,#5930,#5931);
#5311=AXIS2_PLACEMENT_3D('',#7360,#5935,#5936);
#5312=AXIS2_PLACEMENT_3D('',#7366,#5940,#5941);
#5313=AXIS2_PLACEMENT_3D('',#7368,#5942,#5943);
#5314=AXIS2_PLACEMENT_3D('',#7371,#5945,#5946);
#5315=AXIS2_PLACEMENT_3D('',#7372,#5947,#5948);
#5316=AXIS2_PLACEMENT_3D('',#7378,#5952,#5953);
#5317=AXIS2_PLACEMENT_3D('',#7384,#5957,#5958);
#5318=AXIS2_PLACEMENT_3D('',#7390,#5962,#5963);
#5319=AXIS2_PLACEMENT_3D('',#7392,#5964,#5965);
#5320=AXIS2_PLACEMENT_3D('',#7395,#5967,#5968);
#5321=AXIS2_PLACEMENT_3D('',#7396,#5969,#5970);
#5322=AXIS2_PLACEMENT_3D('',#7402,#5974,#5975);
#5323=AXIS2_PLACEMENT_3D('',#7408,#5979,#5980);
#5324=AXIS2_PLACEMENT_3D('',#7414,#5984,#5985);
#5325=AXIS2_PLACEMENT_3D('',#7416,#5986,#5987);
#5326=AXIS2_PLACEMENT_3D('',#7419,#5989,#5990);
#5327=AXIS2_PLACEMENT_3D('',#7420,#5991,#5992);
#5328=AXIS2_PLACEMENT_3D('',#7426,#5996,#5997);
#5329=AXIS2_PLACEMENT_3D('',#7432,#6001,#6002);
#5330=AXIS2_PLACEMENT_3D('',#7438,#6006,#6007);
#5331=AXIS2_PLACEMENT_3D('',#7440,#6008,#6009);
#5332=AXIS2_PLACEMENT_3D('',#7443,#6011,#6012);
#5333=AXIS2_PLACEMENT_3D('',#7444,#6013,#6014);
#5334=AXIS2_PLACEMENT_3D('',#7450,#6018,#6019);
#5335=AXIS2_PLACEMENT_3D('',#7456,#6023,#6024);
#5336=AXIS2_PLACEMENT_3D('',#7462,#6028,#6029);
#5337=AXIS2_PLACEMENT_3D('',#7471,#6034,#6035);
#5338=AXIS2_PLACEMENT_3D('',#7477,#6039,#6040);
#5339=AXIS2_PLACEMENT_3D('',#7483,#6044,#6045);
#5340=AXIS2_PLACEMENT_3D('',#7485,#6046,#6047);
#5341=AXIS2_PLACEMENT_3D('',#7488,#6049,#6050);
#5342=AXIS2_PLACEMENT_3D('',#7489,#6051,#6052);
#5343=AXIS2_PLACEMENT_3D('',#7495,#6056,#6057);
#5344=AXIS2_PLACEMENT_3D('',#7501,#6061,#6062);
#5345=AXIS2_PLACEMENT_3D('',#7507,#6066,#6067);
#5346=AXIS2_PLACEMENT_3D('',#7513,#6071,#6072);
#5347=AXIS2_PLACEMENT_3D('',#7519,#6076,#6077);
#5348=AXIS2_PLACEMENT_3D('',#7521,#6078,#6079);
#5349=AXIS2_PLACEMENT_3D('',#7524,#6081,#6082);
#5350=AXIS2_PLACEMENT_3D('',#7525,#6083,#6084);
#5351=AXIS2_PLACEMENT_3D('',#7531,#6088,#6089);
#5352=AXIS2_PLACEMENT_3D('',#7537,#6093,#6094);
#5353=AXIS2_PLACEMENT_3D('',#7543,#6098,#6099);
#5354=AXIS2_PLACEMENT_3D('',#7549,#6103,#6104);
#5355=AXIS2_PLACEMENT_3D('',#7555,#6108,#6109);
#5356=AXIS2_PLACEMENT_3D('',#7557,#6110,#6111);
#5357=AXIS2_PLACEMENT_3D('',#7560,#6113,#6114);
#5358=AXIS2_PLACEMENT_3D('',#7561,#6115,#6116);
#5359=AXIS2_PLACEMENT_3D('',#7567,#6120,#6121);
#5360=AXIS2_PLACEMENT_3D('',#7573,#6125,#6126);
#5361=AXIS2_PLACEMENT_3D('',#7579,#6130,#6131);
#5362=AXIS2_PLACEMENT_3D('',#7585,#6135,#6136);
#5363=AXIS2_PLACEMENT_3D('',#7591,#6140,#6141);
#5364=AXIS2_PLACEMENT_3D('',#7593,#6142,#6143);
#5365=AXIS2_PLACEMENT_3D('',#7596,#6145,#6146);
#5366=AXIS2_PLACEMENT_3D('',#7597,#6147,#6148);
#5367=AXIS2_PLACEMENT_3D('',#7603,#6152,#6153);
#5368=AXIS2_PLACEMENT_3D('',#7609,#6157,#6158);
#5369=AXIS2_PLACEMENT_3D('',#7615,#6162,#6163);
#5370=AXIS2_PLACEMENT_3D('',#7621,#6167,#6168);
#5371=AXIS2_PLACEMENT_3D('',#7627,#6172,#6173);
#5372=AXIS2_PLACEMENT_3D('',#7629,#6174,#6175);
#5373=AXIS2_PLACEMENT_3D('',#7632,#6177,#6178);
#5374=AXIS2_PLACEMENT_3D('',#7633,#6179,#6180);
#5375=AXIS2_PLACEMENT_3D('',#7639,#6184,#6185);
#5376=AXIS2_PLACEMENT_3D('',#7645,#6189,#6190);
#5377=AXIS2_PLACEMENT_3D('',#7651,#6194,#6195);
#5378=AXIS2_PLACEMENT_3D('',#7657,#6199,#6200);
#5379=AXIS2_PLACEMENT_3D('',#7663,#6204,#6205);
#5380=AXIS2_PLACEMENT_3D('',#7665,#6206,#6207);
#5381=AXIS2_PLACEMENT_3D('',#7668,#6209,#6210);
#5382=AXIS2_PLACEMENT_3D('',#7669,#6211,#6212);
#5383=AXIS2_PLACEMENT_3D('',#7675,#6216,#6217);
#5384=AXIS2_PLACEMENT_3D('',#7681,#6221,#6222);
#5385=AXIS2_PLACEMENT_3D('',#7687,#6226,#6227);
#5386=AXIS2_PLACEMENT_3D('',#7693,#6231,#6232);
#5387=AXIS2_PLACEMENT_3D('',#7699,#6236,#6237);
#5388=AXIS2_PLACEMENT_3D('',#7701,#6238,#6239);
#5389=AXIS2_PLACEMENT_3D('',#7704,#6241,#6242);
#5390=AXIS2_PLACEMENT_3D('',#7705,#6243,#6244);
#5391=AXIS2_PLACEMENT_3D('',#7711,#6248,#6249);
#5392=AXIS2_PLACEMENT_3D('',#7717,#6253,#6254);
#5393=AXIS2_PLACEMENT_3D('',#7723,#6258,#6259);
#5394=AXIS2_PLACEMENT_3D('',#7729,#6263,#6264);
#5395=AXIS2_PLACEMENT_3D('',#7735,#6268,#6269);
#5396=AXIS2_PLACEMENT_3D('',#7737,#6270,#6271);
#5397=AXIS2_PLACEMENT_3D('',#7740,#6273,#6274);
#5398=AXIS2_PLACEMENT_3D('',#7741,#6275,#6276);
#5399=AXIS2_PLACEMENT_3D('',#7747,#6280,#6281);
#5400=AXIS2_PLACEMENT_3D('',#7753,#6285,#6286);
#5401=AXIS2_PLACEMENT_3D('',#7759,#6290,#6291);
#5402=AXIS2_PLACEMENT_3D('',#7765,#6295,#6296);
#5403=AXIS2_PLACEMENT_3D('',#7771,#6300,#6301);
#5404=AXIS2_PLACEMENT_3D('',#7773,#6302,#6303);
#5405=AXIS2_PLACEMENT_3D('',#7776,#6305,#6306);
#5406=AXIS2_PLACEMENT_3D('',#7777,#6307,#6308);
#5407=AXIS2_PLACEMENT_3D('',#7783,#6312,#6313);
#5408=AXIS2_PLACEMENT_3D('',#7789,#6317,#6318);
#5409=AXIS2_PLACEMENT_3D('',#7795,#6322,#6323);
#5410=AXIS2_PLACEMENT_3D('',#7801,#6327,#6328);
#5411=AXIS2_PLACEMENT_3D('',#7807,#6332,#6333);
#5412=AXIS2_PLACEMENT_3D('',#7809,#6334,#6335);
#5413=AXIS2_PLACEMENT_3D('',#7812,#6337,#6338);
#5414=AXIS2_PLACEMENT_3D('',#7813,#6339,#6340);
#5415=AXIS2_PLACEMENT_3D('',#7819,#6344,#6345);
#5416=AXIS2_PLACEMENT_3D('',#7825,#6349,#6350);
#5417=AXIS2_PLACEMENT_3D('',#7831,#6354,#6355);
#5418=AXIS2_PLACEMENT_3D('',#7837,#6359,#6360);
#5419=AXIS2_PLACEMENT_3D('',#7843,#6364,#6365);
#5420=AXIS2_PLACEMENT_3D('',#7845,#6366,#6367);
#5421=AXIS2_PLACEMENT_3D('',#7848,#6369,#6370);
#5422=AXIS2_PLACEMENT_3D('',#7849,#6371,#6372);
#5423=AXIS2_PLACEMENT_3D('',#7855,#6376,#6377);
#5424=AXIS2_PLACEMENT_3D('',#7861,#6381,#6382);
#5425=AXIS2_PLACEMENT_3D('',#7867,#6386,#6387);
#5426=AXIS2_PLACEMENT_3D('',#7873,#6391,#6392);
#5427=AXIS2_PLACEMENT_3D('',#7879,#6396,#6397);
#5428=AXIS2_PLACEMENT_3D('',#7881,#6398,#6399);
#5429=AXIS2_PLACEMENT_3D('',#7884,#6401,#6402);
#5430=AXIS2_PLACEMENT_3D('',#7885,#6403,#6404);
#5431=AXIS2_PLACEMENT_3D('',#7891,#6408,#6409);
#5432=AXIS2_PLACEMENT_3D('',#7897,#6413,#6414);
#5433=AXIS2_PLACEMENT_3D('',#7899,#6415,#6416);
#5434=AXIS2_PLACEMENT_3D('',#7902,#6418,#6419);
#5435=AXIS2_PLACEMENT_3D('',#7903,#6420,#6421);
#5436=AXIS2_PLACEMENT_3D('',#7909,#6425,#6426);
#5437=AXIS2_PLACEMENT_3D('',#7915,#6430,#6431);
#5438=AXIS2_PLACEMENT_3D('',#7921,#6435,#6436);
#5439=AXIS2_PLACEMENT_3D('',#7923,#6437,#6438);
#5440=AXIS2_PLACEMENT_3D('',#7926,#6440,#6441);
#5441=AXIS2_PLACEMENT_3D('',#7927,#6442,#6443);
#5442=AXIS2_PLACEMENT_3D('',#7933,#6447,#6448);
#5443=AXIS2_PLACEMENT_3D('',#7939,#6452,#6453);
#5444=AXIS2_PLACEMENT_3D('',#7945,#6457,#6458);
#5445=AXIS2_PLACEMENT_3D('',#7947,#6459,#6460);
#5446=AXIS2_PLACEMENT_3D('',#7950,#6462,#6463);
#5447=AXIS2_PLACEMENT_3D('',#7951,#6464,#6465);
#5448=AXIS2_PLACEMENT_3D('',#7957,#6469,#6470);
#5449=AXIS2_PLACEMENT_3D('',#7963,#6474,#6475);
#5450=AXIS2_PLACEMENT_3D('',#7969,#6479,#6480);
#5451=AXIS2_PLACEMENT_3D('',#7971,#6481,#6482);
#5452=AXIS2_PLACEMENT_3D('',#7974,#6484,#6485);
#5453=AXIS2_PLACEMENT_3D('',#7975,#6486,#6487);
#5454=AXIS2_PLACEMENT_3D('',#7981,#6491,#6492);
#5455=AXIS2_PLACEMENT_3D('',#7987,#6496,#6497);
#5456=AXIS2_PLACEMENT_3D('',#7993,#6501,#6502);
#5457=AXIS2_PLACEMENT_3D('',#7995,#6503,#6504);
#5458=AXIS2_PLACEMENT_3D('',#7998,#6506,#6507);
#5459=AXIS2_PLACEMENT_3D('',#7999,#6508,#6509);
#5460=AXIS2_PLACEMENT_3D('',#8005,#6513,#6514);
#5461=AXIS2_PLACEMENT_3D('',#8011,#6518,#6519);
#5462=AXIS2_PLACEMENT_3D('',#8017,#6523,#6524);
#5463=AXIS2_PLACEMENT_3D('',#8019,#6525,#6526);
#5464=AXIS2_PLACEMENT_3D('',#8022,#6528,#6529);
#5465=AXIS2_PLACEMENT_3D('',#8023,#6530,#6531);
#5466=AXIS2_PLACEMENT_3D('',#8029,#6535,#6536);
#5467=AXIS2_PLACEMENT_3D('',#8035,#6540,#6541);
#5468=AXIS2_PLACEMENT_3D('',#8038,#6544,#6545);
#5469=AXIS2_PLACEMENT_3D('',#8044,#6549,#6550);
#5470=AXIS2_PLACEMENT_3D('',#8050,#6554,#6555);
#5471=AXIS2_PLACEMENT_3D('',#8056,#6559,#6560);
#5472=AXIS2_PLACEMENT_3D('',#8058,#6561,#6562);
#5473=AXIS2_PLACEMENT_3D('',#8061,#6564,#6565);
#5474=AXIS2_PLACEMENT_3D('',#8062,#6566,#6567);
#5475=AXIS2_PLACEMENT_3D('',#8068,#6571,#6572);
#5476=AXIS2_PLACEMENT_3D('',#8074,#6576,#6577);
#5477=AXIS2_PLACEMENT_3D('',#8080,#6581,#6582);
#5478=AXIS2_PLACEMENT_3D('',#8086,#6586,#6587);
#5479=AXIS2_PLACEMENT_3D('',#8092,#6591,#6592);
#5480=AXIS2_PLACEMENT_3D('',#8094,#6593,#6594);
#5481=AXIS2_PLACEMENT_3D('',#8097,#6596,#6597);
#5482=AXIS2_PLACEMENT_3D('',#8098,#6598,#6599);
#5483=AXIS2_PLACEMENT_3D('',#8104,#6603,#6604);
#5484=AXIS2_PLACEMENT_3D('',#8110,#6608,#6609);
#5485=AXIS2_PLACEMENT_3D('',#8116,#6613,#6614);
#5486=AXIS2_PLACEMENT_3D('',#8122,#6618,#6619);
#5487=AXIS2_PLACEMENT_3D('',#8128,#6623,#6624);
#5488=AXIS2_PLACEMENT_3D('',#8130,#6625,#6626);
#5489=AXIS2_PLACEMENT_3D('',#8133,#6628,#6629);
#5490=AXIS2_PLACEMENT_3D('',#8134,#6630,#6631);
#5491=AXIS2_PLACEMENT_3D('',#8140,#6635,#6636);
#5492=AXIS2_PLACEMENT_3D('',#8146,#6640,#6641);
#5493=AXIS2_PLACEMENT_3D('',#8152,#6645,#6646);
#5494=AXIS2_PLACEMENT_3D('',#8158,#6650,#6651);
#5495=AXIS2_PLACEMENT_3D('',#8164,#6655,#6656);
#5496=AXIS2_PLACEMENT_3D('',#8166,#6657,#6658);
#5497=AXIS2_PLACEMENT_3D('',#8169,#6660,#6661);
#5498=AXIS2_PLACEMENT_3D('',#8170,#6662,#6663);
#5499=AXIS2_PLACEMENT_3D('',#8176,#6667,#6668);
#5500=AXIS2_PLACEMENT_3D('',#8182,#6672,#6673);
#5501=AXIS2_PLACEMENT_3D('',#8188,#6677,#6678);
#5502=AXIS2_PLACEMENT_3D('',#8194,#6682,#6683);
#5503=AXIS2_PLACEMENT_3D('',#8200,#6687,#6688);
#5504=AXIS2_PLACEMENT_3D('',#8202,#6689,#6690);
#5505=AXIS2_PLACEMENT_3D('',#8205,#6692,#6693);
#5506=AXIS2_PLACEMENT_3D('',#8206,#6694,#6695);
#5507=AXIS2_PLACEMENT_3D('',#8212,#6699,#6700);
#5508=AXIS2_PLACEMENT_3D('',#8218,#6704,#6705);
#5509=AXIS2_PLACEMENT_3D('',#8224,#6709,#6710);
#5510=AXIS2_PLACEMENT_3D('',#8230,#6714,#6715);
#5511=AXIS2_PLACEMENT_3D('',#8236,#6719,#6720);
#5512=AXIS2_PLACEMENT_3D('',#8238,#6721,#6722);
#5513=AXIS2_PLACEMENT_3D('',#8241,#6724,#6725);
#5514=AXIS2_PLACEMENT_3D('',#8242,#6726,#6727);
#5515=AXIS2_PLACEMENT_3D('',#8248,#6731,#6732);
#5516=AXIS2_PLACEMENT_3D('',#8254,#6736,#6737);
#5517=AXIS2_PLACEMENT_3D('',#8260,#6741,#6742);
#5518=AXIS2_PLACEMENT_3D('',#8266,#6746,#6747);
#5519=AXIS2_PLACEMENT_3D('',#8272,#6751,#6752);
#5520=AXIS2_PLACEMENT_3D('',#8274,#6753,#6754);
#5521=AXIS2_PLACEMENT_3D('',#8277,#6756,#6757);
#5522=AXIS2_PLACEMENT_3D('',#8278,#6758,#6759);
#5523=AXIS2_PLACEMENT_3D('',#8284,#6763,#6764);
#5524=AXIS2_PLACEMENT_3D('',#8290,#6768,#6769);
#5525=AXIS2_PLACEMENT_3D('',#8296,#6773,#6774);
#5526=AXIS2_PLACEMENT_3D('',#8302,#6778,#6779);
#5527=AXIS2_PLACEMENT_3D('',#8308,#6783,#6784);
#5528=AXIS2_PLACEMENT_3D('',#8310,#6785,#6786);
#5529=AXIS2_PLACEMENT_3D('',#8313,#6788,#6789);
#5530=AXIS2_PLACEMENT_3D('',#8314,#6790,#6791);
#5531=AXIS2_PLACEMENT_3D('',#8320,#6795,#6796);
#5532=AXIS2_PLACEMENT_3D('',#8326,#6800,#6801);
#5533=AXIS2_PLACEMENT_3D('',#8332,#6805,#6806);
#5534=AXIS2_PLACEMENT_3D('',#8338,#6810,#6811);
#5535=AXIS2_PLACEMENT_3D('',#8344,#6815,#6816);
#5536=AXIS2_PLACEMENT_3D('',#8346,#6817,#6818);
#5537=AXIS2_PLACEMENT_3D('',#8349,#6820,#6821);
#5538=AXIS2_PLACEMENT_3D('',#8350,#6822,#6823);
#5539=AXIS2_PLACEMENT_3D('',#8356,#6827,#6828);
#5540=AXIS2_PLACEMENT_3D('',#8362,#6832,#6833);
#5541=AXIS2_PLACEMENT_3D('',#8368,#6837,#6838);
#5542=AXIS2_PLACEMENT_3D('',#8374,#6842,#6843);
#5543=AXIS2_PLACEMENT_3D('',#8380,#6847,#6848);
#5544=AXIS2_PLACEMENT_3D('',#8382,#6849,#6850);
#5545=AXIS2_PLACEMENT_3D('',#8385,#6852,#6853);
#5546=AXIS2_PLACEMENT_3D('',#8386,#6854,#6855);
#5547=AXIS2_PLACEMENT_3D('',#8392,#6859,#6860);
#5548=AXIS2_PLACEMENT_3D('',#8398,#6864,#6865);
#5549=AXIS2_PLACEMENT_3D('',#8404,#6869,#6870);
#5550=AXIS2_PLACEMENT_3D('',#8410,#6874,#6875);
#5551=AXIS2_PLACEMENT_3D('',#8416,#6879,#6880);
#5552=AXIS2_PLACEMENT_3D('',#8418,#6881,#6882);
#5553=AXIS2_PLACEMENT_3D('',#8421,#6884,#6885);
#5554=AXIS2_PLACEMENT_3D('',#8422,#6886,#6887);
#5555=AXIS2_PLACEMENT_3D('',#8428,#6891,#6892);
#5556=AXIS2_PLACEMENT_3D('',#8434,#6896,#6897);
#5557=AXIS2_PLACEMENT_3D('',#8440,#6901,#6902);
#5558=AXIS2_PLACEMENT_3D('',#8446,#6906,#6907);
#5559=AXIS2_PLACEMENT_3D('',#8452,#6911,#6912);
#5560=AXIS2_PLACEMENT_3D('',#8454,#6913,#6914);
#5561=AXIS2_PLACEMENT_3D('',#8457,#6916,#6917);
#5562=AXIS2_PLACEMENT_3D('',#8458,#6918,#6919);
#5563=AXIS2_PLACEMENT_3D('',#8464,#6923,#6924);
#5564=AXIS2_PLACEMENT_3D('',#8467,#6927,#6928);
#5565=AXIS2_PLACEMENT_3D('',#8468,#6929,#6930);
#5566=DIRECTION('axis',(0.,0.,1.));
#5567=DIRECTION('refdir',(1.,0.,0.));
#5568=DIRECTION('center_axis',(1.,0.,0.));
#5569=DIRECTION('ref_axis',(0.,1.,0.));
#5570=DIRECTION('center_axis',(-1.,0.,0.));
#5571=DIRECTION('ref_axis',(0.,1.,0.));
#5572=DIRECTION('center_axis',(1.,0.,0.));
#5573=DIRECTION('ref_axis',(0.,1.,0.));
#5574=DIRECTION('',(0.,1.,0.));
#5575=DIRECTION('center_axis',(1.,0.,0.));
#5576=DIRECTION('ref_axis',(0.,1.,0.));
#5577=DIRECTION('',(0.,-1.,0.));
#5578=DIRECTION('center_axis',(0.,0.,1.));
#5579=DIRECTION('ref_axis',(0.,1.,0.));
#5580=DIRECTION('',(-1.,0.,0.));
#5581=DIRECTION('',(0.,-1.,0.));
#5582=DIRECTION('',(-1.,0.,0.));
#5583=DIRECTION('center_axis',(-1.,0.,0.));
#5584=DIRECTION('ref_axis',(0.,-1.,4.16219210459912E-14));
#5585=DIRECTION('',(-1.,0.,0.));
#5586=DIRECTION('center_axis',(1.,0.,0.));
#5587=DIRECTION('ref_axis',(0.,1.,0.));
#5588=DIRECTION('center_axis',(0.,0.,-1.));
#5589=DIRECTION('ref_axis',(1.,0.,0.));
#5590=DIRECTION('center_axis',(0.,0.,-1.));
#5591=DIRECTION('ref_axis',(1.,0.,0.));
#5592=DIRECTION('',(0.,0.,-1.));
#5593=DIRECTION('center_axis',(1.,0.,0.));
#5594=DIRECTION('ref_axis',(0.,1.,0.));
#5595=DIRECTION('',(-1.,0.,0.));
#5596=DIRECTION('center_axis',(-1.,0.,0.));
#5597=DIRECTION('ref_axis',(0.,1.,0.));
#5598=DIRECTION('center_axis',(-1.,0.,0.));
#5599=DIRECTION('ref_axis',(0.,1.,0.));
#5600=DIRECTION('center_axis',(1.,0.,0.));
#5601=DIRECTION('ref_axis',(0.,1.,0.));
#5602=DIRECTION('',(1.,0.,0.));
#5603=DIRECTION('center_axis',(0.,0.,-1.));
#5604=DIRECTION('ref_axis',(0.,-1.,0.));
#5605=DIRECTION('',(0.,1.,0.));
#5606=DIRECTION('center_axis',(0.,-0.866025403784438,0.500000000000001));
#5607=DIRECTION('ref_axis',(0.,-0.500000000000001,-0.866025403784438));
#5608=DIRECTION('',(0.,-0.500000000000001,-0.866025403784438));
#5609=DIRECTION('',(1.,0.,0.));
#5610=DIRECTION('',(0.,-0.500000000000001,-0.866025403784438));
#5611=DIRECTION('',(1.,0.,0.));
#5612=DIRECTION('center_axis',(0.,-0.500000000000001,-0.866025403784438));
#5613=DIRECTION('ref_axis',(0.,0.866025403784438,-0.500000000000001));
#5614=DIRECTION('',(0.,0.866025403784438,-0.500000000000001));
#5615=DIRECTION('',(0.,0.866025403784438,-0.500000000000001));
#5616=DIRECTION('',(1.,0.,0.));
#5617=DIRECTION('center_axis',(1.,0.,0.));
#5618=DIRECTION('ref_axis',(0.,1.,0.));
#5619=DIRECTION('center_axis',(1.,0.,0.));
#5620=DIRECTION('ref_axis',(0.,1.,0.));
#5621=DIRECTION('center_axis',(1.,0.,0.));
#5622=DIRECTION('ref_axis',(0.,1.,0.));
#5623=DIRECTION('',(1.,0.,0.));
#5624=DIRECTION('center_axis',(0.,0.866025403784439,0.5));
#5625=DIRECTION('ref_axis',(0.,-0.5,0.866025403784439));
#5626=DIRECTION('',(0.,-0.5,0.866025403784439));
#5627=DIRECTION('',(0.,-0.5,0.866025403784439));
#5628=DIRECTION('',(1.,0.,0.));
#5629=DIRECTION('center_axis',(0.,-0.499999999999997,0.86602540378444));
#5630=DIRECTION('ref_axis',(0.,-0.86602540378444,-0.499999999999997));
#5631=DIRECTION('',(0.,-0.86602540378444,-0.499999999999997));
#5632=DIRECTION('',(0.,-0.86602540378444,-0.499999999999997));
#5633=DIRECTION('',(1.,0.,0.));
#5634=DIRECTION('center_axis',(0.,-0.866025403784439,-0.5));
#5635=DIRECTION('ref_axis',(0.,0.5,-0.866025403784439));
#5636=DIRECTION('',(0.,0.5,-0.866025403784439));
#5637=DIRECTION('',(0.,0.5,-0.866025403784439));
#5638=DIRECTION('',(1.,0.,0.));
#5639=DIRECTION('center_axis',(1.,0.,0.));
#5640=DIRECTION('ref_axis',(0.,1.,0.));
#5641=DIRECTION('center_axis',(1.,0.,0.));
#5642=DIRECTION('ref_axis',(0.,1.,0.));
#5643=DIRECTION('center_axis',(1.,0.,0.));
#5644=DIRECTION('ref_axis',(0.,1.,0.));
#5645=DIRECTION('',(1.,0.,0.));
#5646=DIRECTION('center_axis',(0.,1.,-1.38777878078144E-16));
#5647=DIRECTION('ref_axis',(0.,1.38777878078144E-16,1.));
#5648=DIRECTION('',(0.,1.38777878078144E-16,1.));
#5649=DIRECTION('',(0.,1.38777878078144E-16,1.));
#5650=DIRECTION('',(1.,0.,0.));
#5651=DIRECTION('center_axis',(0.,0.,1.));
#5652=DIRECTION('ref_axis',(0.,-1.,0.));
#5653=DIRECTION('',(0.,-1.,0.));
#5654=DIRECTION('',(0.,-1.,0.));
#5655=DIRECTION('',(1.,0.,0.));
#5656=DIRECTION('center_axis',(0.,-1.,6.93889390390721E-16));
#5657=DIRECTION('ref_axis',(0.,-6.93889390390721E-16,-1.));
#5658=DIRECTION('',(0.,-6.93889390390721E-16,-1.));
#5659=DIRECTION('',(0.,-6.93889390390721E-16,-1.));
#5660=DIRECTION('',(1.,0.,0.));
#5661=DIRECTION('center_axis',(1.,0.,0.));
#5662=DIRECTION('ref_axis',(0.,1.,0.));
#5663=DIRECTION('center_axis',(1.,0.,0.));
#5664=DIRECTION('ref_axis',(0.,1.,0.));
#5665=DIRECTION('center_axis',(1.,0.,0.));
#5666=DIRECTION('ref_axis',(0.,1.,0.));
#5667=DIRECTION('',(1.,0.,0.));
#5668=DIRECTION('center_axis',(0.,0.866025403784437,-0.500000000000002));
#5669=DIRECTION('ref_axis',(0.,0.500000000000002,0.866025403784437));
#5670=DIRECTION('',(0.,0.500000000000002,0.866025403784437));
#5671=DIRECTION('',(0.,0.500000000000002,0.866025403784437));
#5672=DIRECTION('',(1.,0.,0.));
#5673=DIRECTION('center_axis',(0.,0.499999999999999,0.866025403784439));
#5674=DIRECTION('ref_axis',(0.,-0.866025403784439,0.499999999999999));
#5675=DIRECTION('',(0.,-0.866025403784439,0.499999999999999));
#5676=DIRECTION('',(0.,-0.866025403784439,0.499999999999999));
#5677=DIRECTION('',(1.,0.,0.));
#5678=DIRECTION('center_axis',(0.,-0.866025403784438,0.500000000000001));
#5679=DIRECTION('ref_axis',(0.,-0.500000000000001,-0.866025403784438));
#5680=DIRECTION('',(0.,-0.500000000000001,-0.866025403784438));
#5681=DIRECTION('',(0.,-0.500000000000001,-0.866025403784438));
#5682=DIRECTION('',(1.,0.,0.));
#5683=DIRECTION('center_axis',(1.,0.,0.));
#5684=DIRECTION('ref_axis',(0.,1.,0.));
#5685=DIRECTION('center_axis',(1.,0.,0.));
#5686=DIRECTION('ref_axis',(0.,1.,0.));
#5687=DIRECTION('center_axis',(1.,0.,0.));
#5688=DIRECTION('ref_axis',(0.,1.,0.));
#5689=DIRECTION('',(1.,0.,0.));
#5690=DIRECTION('center_axis',(0.,0.499999999999999,-0.866025403784439));
#5691=DIRECTION('ref_axis',(0.,0.866025403784439,0.499999999999999));
#5692=DIRECTION('',(0.,0.866025403784439,0.499999999999999));
#5693=DIRECTION('',(0.,0.866025403784439,0.499999999999999));
#5694=DIRECTION('',(1.,0.,0.));
#5695=DIRECTION('center_axis',(0.,0.866025403784439,0.5));
#5696=DIRECTION('ref_axis',(0.,-0.5,0.866025403784439));
#5697=DIRECTION('',(0.,-0.5,0.866025403784439));
#5698=DIRECTION('',(0.,-0.5,0.866025403784439));
#5699=DIRECTION('',(1.,0.,0.));
#5700=DIRECTION('center_axis',(0.,-0.5,0.866025403784439));
#5701=DIRECTION('ref_axis',(0.,-0.866025403784439,-0.5));
#5702=DIRECTION('',(0.,-0.866025403784439,-0.5));
#5703=DIRECTION('',(0.,-0.866025403784439,-0.5));
#5704=DIRECTION('',(1.,0.,0.));
#5705=DIRECTION('center_axis',(1.,0.,0.));
#5706=DIRECTION('ref_axis',(0.,1.,0.));
#5707=DIRECTION('center_axis',(1.,0.,0.));
#5708=DIRECTION('ref_axis',(0.,1.,0.));
#5709=DIRECTION('center_axis',(1.,0.,0.));
#5710=DIRECTION('ref_axis',(0.,1.,0.));
#5711=DIRECTION('',(1.,0.,0.));
#5712=DIRECTION('center_axis',(0.,-1.38777878078144E-16,-1.));
#5713=DIRECTION('ref_axis',(0.,1.,-1.38777878078144E-16));
#5714=DIRECTION('',(0.,1.,-1.38777878078144E-16));
#5715=DIRECTION('',(0.,1.,-1.38777878078144E-16));
#5716=DIRECTION('',(1.,0.,0.));
#5717=DIRECTION('center_axis',(0.,1.,0.));
#5718=DIRECTION('ref_axis',(0.,0.,1.));
#5719=DIRECTION('',(0.,0.,1.));
#5720=DIRECTION('',(0.,0.,1.));
#5721=DIRECTION('',(1.,0.,0.));
#5722=DIRECTION('center_axis',(0.,2.08166817117216E-16,1.));
#5723=DIRECTION('ref_axis',(0.,-1.,2.08166817117216E-16));
#5724=DIRECTION('',(0.,-1.,2.08166817117216E-16));
#5725=DIRECTION('',(0.,-1.,2.08166817117216E-16));
#5726=DIRECTION('',(1.,0.,0.));
#5727=DIRECTION('center_axis',(1.,0.,0.));
#5728=DIRECTION('ref_axis',(0.,1.,0.));
#5729=DIRECTION('center_axis',(1.,0.,0.));
#5730=DIRECTION('ref_axis',(0.,1.,0.));
#5731=DIRECTION('center_axis',(1.,0.,0.));
#5732=DIRECTION('ref_axis',(0.,1.,0.));
#5733=DIRECTION('',(1.,0.,0.));
#5734=DIRECTION('center_axis',(0.,-0.500000000000001,-0.866025403784438));
#5735=DIRECTION('ref_axis',(0.,0.866025403784438,-0.500000000000001));
#5736=DIRECTION('',(0.,0.866025403784438,-0.500000000000001));
#5737=DIRECTION('',(0.,0.866025403784438,-0.500000000000001));
#5738=DIRECTION('',(1.,0.,0.));
#5739=DIRECTION('center_axis',(0.,0.866025403784439,-0.499999999999999));
#5740=DIRECTION('ref_axis',(0.,0.499999999999999,0.866025403784439));
#5741=DIRECTION('',(0.,0.499999999999999,0.866025403784439));
#5742=DIRECTION('',(0.,0.499999999999999,0.866025403784439));
#5743=DIRECTION('',(1.,0.,0.));
#5744=DIRECTION('center_axis',(0.,0.500000000000001,0.866025403784438));
#5745=DIRECTION('ref_axis',(0.,-0.866025403784438,0.500000000000001));
#5746=DIRECTION('',(0.,-0.866025403784438,0.500000000000001));
#5747=DIRECTION('',(0.,-0.866025403784438,0.500000000000001));
#5748=DIRECTION('',(1.,0.,0.));
#5749=DIRECTION('center_axis',(1.,0.,0.));
#5750=DIRECTION('ref_axis',(0.,1.,0.));
#5751=DIRECTION('center_axis',(1.,0.,0.));
#5752=DIRECTION('ref_axis',(0.,1.,0.));
#5753=DIRECTION('center_axis',(1.,0.,0.));
#5754=DIRECTION('ref_axis',(0.,1.,0.));
#5755=DIRECTION('',(1.,0.,0.));
#5756=DIRECTION('center_axis',(0.,-0.866025403784439,-0.499999999999999));
#5757=DIRECTION('ref_axis',(0.,0.499999999999999,-0.866025403784439));
#5758=DIRECTION('',(0.,0.499999999999998,-0.866025403784439));
#5759=DIRECTION('',(0.,0.499999999999998,-0.866025403784439));
#5760=DIRECTION('',(1.,0.,0.));
#5761=DIRECTION('center_axis',(0.,0.5,-0.866025403784439));
#5762=DIRECTION('ref_axis',(0.,0.866025403784439,0.5));
#5763=DIRECTION('',(0.,0.866025403784439,0.5));
#5764=DIRECTION('',(0.,0.866025403784439,0.5));
#5765=DIRECTION('',(1.,0.,0.));
#5766=DIRECTION('center_axis',(0.,0.866025403784439,0.5));
#5767=DIRECTION('ref_axis',(0.,-0.5,0.866025403784439));
#5768=DIRECTION('',(0.,-0.5,0.866025403784439));
#5769=DIRECTION('',(0.,-0.5,0.866025403784439));
#5770=DIRECTION('',(1.,0.,0.));
#5771=DIRECTION('center_axis',(1.,0.,0.));
#5772=DIRECTION('ref_axis',(0.,1.,0.));
#5773=DIRECTION('center_axis',(1.,0.,0.));
#5774=DIRECTION('ref_axis',(0.,1.,0.));
#5775=DIRECTION('center_axis',(1.,0.,0.));
#5776=DIRECTION('ref_axis',(0.,1.,0.));
#5777=DIRECTION('',(1.,0.,0.));
#5778=DIRECTION('center_axis',(0.,-1.,6.93889390390721E-17));
#5779=DIRECTION('ref_axis',(0.,-6.93889390390721E-17,-1.));
#5780=DIRECTION('',(0.,-6.93889390390721E-17,-1.));
#5781=DIRECTION('',(0.,-6.93889390390721E-17,-1.));
#5782=DIRECTION('',(1.,0.,0.));
#5783=DIRECTION('center_axis',(0.,0.,-1.));
#5784=DIRECTION('ref_axis',(0.,1.,0.));
#5785=DIRECTION('',(0.,1.,0.));
#5786=DIRECTION('',(0.,1.,0.));
#5787=DIRECTION('',(1.,0.,0.));
#5788=DIRECTION('center_axis',(0.,1.,4.16333634234432E-16));
#5789=DIRECTION('ref_axis',(0.,-4.16333634234432E-16,1.));
#5790=DIRECTION('',(0.,-4.16333634234432E-16,1.));
#5791=DIRECTION('',(0.,-4.16333634234432E-16,1.));
#5792=DIRECTION('',(1.,0.,0.));
#5793=DIRECTION('center_axis',(1.,0.,0.));
#5794=DIRECTION('ref_axis',(0.,1.,0.));
#5795=DIRECTION('center_axis',(1.,0.,0.));
#5796=DIRECTION('ref_axis',(0.,1.,0.));
#5797=DIRECTION('center_axis',(1.,0.,0.));
#5798=DIRECTION('ref_axis',(0.,1.,0.));
#5799=DIRECTION('',(1.,0.,0.));
#5800=DIRECTION('center_axis',(0.,-0.866025403784438,0.500000000000001));
#5801=DIRECTION('ref_axis',(0.,-0.500000000000001,-0.866025403784438));
#5802=DIRECTION('',(0.,-0.500000000000001,-0.866025403784438));
#5803=DIRECTION('',(0.,-0.500000000000001,-0.866025403784438));
#5804=DIRECTION('',(1.,0.,0.));
#5805=DIRECTION('center_axis',(0.,-0.499999999999999,-0.866025403784439));
#5806=DIRECTION('ref_axis',(0.,0.866025403784439,-0.499999999999999));
#5807=DIRECTION('',(0.,0.866025403784439,-0.499999999999999));
#5808=DIRECTION('',(0.,0.866025403784439,-0.499999999999999));
#5809=DIRECTION('',(1.,0.,0.));
#5810=DIRECTION('center_axis',(0.,0.866025403784438,-0.5));
#5811=DIRECTION('ref_axis',(0.,0.5,0.866025403784438));
#5812=DIRECTION('',(0.,0.5,0.866025403784438));
#5813=DIRECTION('',(0.,0.5,0.866025403784438));
#5814=DIRECTION('',(1.,0.,0.));
#5815=DIRECTION('center_axis',(1.,0.,0.));
#5816=DIRECTION('ref_axis',(0.,1.,0.));
#5817=DIRECTION('center_axis',(1.,0.,0.));
#5818=DIRECTION('ref_axis',(0.,1.,0.));
#5819=DIRECTION('center_axis',(1.,0.,0.));
#5820=DIRECTION('ref_axis',(0.,1.,0.));
#5821=DIRECTION('',(1.,0.,0.));
#5822=DIRECTION('center_axis',(0.,-0.499999999999999,0.866025403784439));
#5823=DIRECTION('ref_axis',(0.,-0.866025403784439,-0.499999999999999));
#5824=DIRECTION('',(0.,-0.866025403784439,-0.499999999999999));
#5825=DIRECTION('',(0.,-0.866025403784439,-0.499999999999999));
#5826=DIRECTION('',(1.,0.,0.));
#5827=DIRECTION('center_axis',(0.,-0.866025403784439,-0.499999999999999));
#5828=DIRECTION('ref_axis',(0.,0.499999999999999,-0.866025403784439));
#5829=DIRECTION('',(0.,0.499999999999999,-0.866025403784439));
#5830=DIRECTION('',(0.,0.499999999999999,-0.866025403784439));
#5831=DIRECTION('',(1.,0.,0.));
#5832=DIRECTION('center_axis',(0.,0.499999999999999,-0.866025403784439));
#5833=DIRECTION('ref_axis',(0.,0.866025403784439,0.499999999999999));
#5834=DIRECTION('',(0.,0.866025403784439,0.499999999999999));
#5835=DIRECTION('',(0.,0.866025403784439,0.499999999999999));
#5836=DIRECTION('',(1.,0.,0.));
#5837=DIRECTION('center_axis',(1.,0.,0.));
#5838=DIRECTION('ref_axis',(0.,1.,0.));
#5839=DIRECTION('center_axis',(1.,0.,0.));
#5840=DIRECTION('ref_axis',(0.,1.,0.));
#5841=DIRECTION('center_axis',(1.,0.,0.));
#5842=DIRECTION('ref_axis',(0.,1.,0.));
#5843=DIRECTION('',(1.,0.,0.));
#5844=DIRECTION('center_axis',(0.,0.,1.));
#5845=DIRECTION('ref_axis',(0.,-1.,0.));
#5846=DIRECTION('',(0.,-1.,0.));
#5847=DIRECTION('',(0.,-1.,0.));
#5848=DIRECTION('',(1.,0.,0.));
#5849=DIRECTION('center_axis',(0.,-1.,0.));
#5850=DIRECTION('ref_axis',(0.,0.,-1.));
#5851=DIRECTION('',(0.,0.,-1.));
#5852=DIRECTION('',(0.,0.,-1.));
#5853=DIRECTION('',(1.,0.,0.));
#5854=DIRECTION('center_axis',(0.,1.38777878078144E-16,-1.));
#5855=DIRECTION('ref_axis',(0.,1.,1.38777878078144E-16));
#5856=DIRECTION('',(0.,1.,1.38777878078144E-16));
#5857=DIRECTION('',(0.,1.,1.38777878078144E-16));
#5858=DIRECTION('',(1.,0.,0.));
#5859=DIRECTION('center_axis',(1.,0.,0.));
#5860=DIRECTION('ref_axis',(0.,1.,0.));
#5861=DIRECTION('center_axis',(1.,0.,0.));
#5862=DIRECTION('ref_axis',(0.,1.,0.));
#5863=DIRECTION('center_axis',(1.,0.,0.));
#5864=DIRECTION('ref_axis',(0.,1.,0.));
#5865=DIRECTION('',(1.,0.,0.));
#5866=DIRECTION('center_axis',(0.,0.500000000000001,0.866025403784438));
#5867=DIRECTION('ref_axis',(0.,-0.866025403784438,0.500000000000001));
#5868=DIRECTION('',(0.,-0.866025403784438,0.500000000000001));
#5869=DIRECTION('',(0.,-0.866025403784438,0.500000000000001));
#5870=DIRECTION('center_axis',(1.,0.,0.));
#5871=DIRECTION('ref_axis',(0.,1.,0.));
#5872=DIRECTION('center_axis',(1.,0.,0.));
#5873=DIRECTION('ref_axis',(0.,1.,0.));
#5874=DIRECTION('center_axis',(1.,0.,0.));
#5875=DIRECTION('ref_axis',(0.,1.,0.));
#5876=DIRECTION('',(0.,-1.,0.));
#5877=DIRECTION('',(0.,0.,1.));
#5878=DIRECTION('center_axis',(1.,0.,0.));
#5879=DIRECTION('ref_axis',(0.,1.,0.));
#5880=DIRECTION('center_axis',(1.,0.,0.));
#5881=DIRECTION('ref_axis',(0.,1.,0.));
#5882=DIRECTION('',(0.,1.,0.));
#5883=DIRECTION('center_axis',(-1.,0.,0.));
#5884=DIRECTION('ref_axis',(0.,1.,0.));
#5885=DIRECTION('',(0.,0.,-1.));
#5886=DIRECTION('center_axis',(0.,0.,-1.));
#5887=DIRECTION('ref_axis',(0.,1.,0.));
#5888=DIRECTION('',(1.,0.,0.));
#5889=DIRECTION('',(1.,0.,0.));
#5890=DIRECTION('center_axis',(1.,0.,0.));
#5891=DIRECTION('ref_axis',(0.,1.,0.));
#5892=DIRECTION('',(1.,0.,0.));
#5893=DIRECTION('center_axis',(0.,-1.,0.));
#5894=DIRECTION('ref_axis',(0.,0.,-1.));
#5895=DIRECTION('center_axis',(-1.,0.,0.));
#5896=DIRECTION('ref_axis',(0.,0.527677978624829,-0.849444495464191));
#5897=DIRECTION('center_axis',(-1.,0.,0.));
#5898=DIRECTION('ref_axis',(0.,0.527677978624829,-0.849444495464191));
#5899=DIRECTION('',(-1.,0.,0.));
#5900=DIRECTION('center_axis',(-1.,0.,0.));
#5901=DIRECTION('ref_axis',(0.,0.527677978624829,-0.849444495464191));
#5902=DIRECTION('',(-1.,0.,0.));
#5903=DIRECTION('center_axis',(0.,0.866025403784439,0.5));
#5904=DIRECTION('ref_axis',(0.,0.5,-0.866025403784439));
#5905=DIRECTION('',(0.,-0.5,0.866025403784439));
#5906=DIRECTION('',(-1.,0.,0.));
#5907=DIRECTION('',(0.,-0.5,0.866025403784439));
#5908=DIRECTION('center_axis',(0.,-0.5,0.866025403784438));
#5909=DIRECTION('ref_axis',(0.,0.866025403784438,0.5));
#5910=DIRECTION('',(0.,-0.866025403784438,-0.5));
#5911=DIRECTION('',(-1.,0.,0.));
#5912=DIRECTION('',(0.,-0.866025403784438,-0.5));
#5913=DIRECTION('center_axis',(0.,-0.866025403784435,-0.500000000000007));
#5914=DIRECTION('ref_axis',(0.,-0.500000000000007,0.866025403784435));
#5915=DIRECTION('',(0.,0.500000000000007,-0.866025403784435));
#5916=DIRECTION('',(-1.,0.,0.));
#5917=DIRECTION('',(0.,0.500000000000007,-0.866025403784435));
#5918=DIRECTION('center_axis',(-1.,0.,0.));
#5919=DIRECTION('ref_axis',(0.,0.032260286774628,-0.99947950148926));
#5920=DIRECTION('center_axis',(-1.,0.,0.));
#5921=DIRECTION('ref_axis',(0.,0.032260286774628,-0.99947950148926));
#5922=DIRECTION('',(-1.,0.,0.));
#5923=DIRECTION('center_axis',(-1.,0.,0.));
#5924=DIRECTION('ref_axis',(0.,0.032260286774628,-0.99947950148926));
#5925=DIRECTION('center_axis',(0.,1.,6.96233587019356E-17));
#5926=DIRECTION('ref_axis',(0.,6.96233587019356E-17,-1.));
#5927=DIRECTION('',(0.,-6.96233587019356E-17,1.));
#5928=DIRECTION('',(-1.,0.,0.));
#5929=DIRECTION('',(0.,-6.96233587019356E-17,1.));
#5930=DIRECTION('center_axis',(0.,0.,1.));
#5931=DIRECTION('ref_axis',(0.,1.,0.));
#5932=DIRECTION('',(0.,-1.,0.));
#5933=DIRECTION('',(-1.,0.,0.));
#5934=DIRECTION('',(0.,-1.,0.));
#5935=DIRECTION('center_axis',(0.,-1.,7.41573437907376E-15));
#5936=DIRECTION('ref_axis',(0.,7.41573437907376E-15,1.));
#5937=DIRECTION('',(0.,-7.41573437907376E-15,-1.));
#5938=DIRECTION('',(-1.,0.,0.));
#5939=DIRECTION('',(0.,-7.41573437907376E-15,-1.));
#5940=DIRECTION('center_axis',(-1.,0.,0.));
#5941=DIRECTION('ref_axis',(0.,-0.471801522864431,-0.881704782238819));
#5942=DIRECTION('center_axis',(-1.,0.,0.));
#5943=DIRECTION('ref_axis',(0.,-0.471801522864431,-0.881704782238819));
#5944=DIRECTION('',(-1.,0.,0.));
#5945=DIRECTION('center_axis',(-1.,0.,0.));
#5946=DIRECTION('ref_axis',(0.,-0.471801522864431,-0.881704782238819));
#5947=DIRECTION('center_axis',(0.,0.866025403784438,-0.500000000000001));
#5948=DIRECTION('ref_axis',(0.,-0.500000000000001,-0.866025403784438));
#5949=DIRECTION('',(0.,0.500000000000001,0.866025403784438));
#5950=DIRECTION('',(-1.,0.,0.));
#5951=DIRECTION('',(0.,0.500000000000001,0.866025403784438));
#5952=DIRECTION('center_axis',(0.,0.499999999999999,0.866025403784439));
#5953=DIRECTION('ref_axis',(0.,0.866025403784439,-0.499999999999999));
#5954=DIRECTION('',(0.,-0.866025403784439,0.499999999999999));
#5955=DIRECTION('',(-1.,0.,0.));
#5956=DIRECTION('',(0.,-0.866025403784439,0.499999999999999));
#5957=DIRECTION('center_axis',(0.,-0.866025403784431,0.500000000000014));
#5958=DIRECTION('ref_axis',(0.,0.500000000000014,0.86602540378443));
#5959=DIRECTION('',(0.,-0.500000000000014,-0.86602540378443));
#5960=DIRECTION('',(-1.,0.,0.));
#5961=DIRECTION('',(0.,-0.500000000000014,-0.86602540378443));
#5962=DIRECTION('center_axis',(-1.,0.,0.));
#5963=DIRECTION('ref_axis',(0.,-0.849444495464192,-0.527677978624829));
#5964=DIRECTION('center_axis',(-1.,0.,0.));
#5965=DIRECTION('ref_axis',(0.,-0.849444495464192,-0.527677978624829));
#5966=DIRECTION('',(-1.,0.,0.));
#5967=DIRECTION('center_axis',(-1.,0.,0.));
#5968=DIRECTION('ref_axis',(0.,-0.849444495464192,-0.527677978624829));
#5969=DIRECTION('center_axis',(0.,0.499999999999997,-0.86602540378444));
#5970=DIRECTION('ref_axis',(0.,-0.86602540378444,-0.499999999999997));
#5971=DIRECTION('',(0.,0.86602540378444,0.499999999999997));
#5972=DIRECTION('',(-1.,0.,0.));
#5973=DIRECTION('',(0.,0.86602540378444,0.499999999999997));
#5974=DIRECTION('center_axis',(0.,0.866025403784439,0.499999999999999));
#5975=DIRECTION('ref_axis',(0.,0.499999999999999,-0.866025403784439));
#5976=DIRECTION('',(0.,-0.499999999999999,0.866025403784439));
#5977=DIRECTION('',(-1.,0.,0.));
#5978=DIRECTION('',(0.,-0.499999999999999,0.866025403784439));
#5979=DIRECTION('center_axis',(0.,-0.500000000000002,0.866025403784438));
#5980=DIRECTION('ref_axis',(0.,0.866025403784437,0.500000000000002));
#5981=DIRECTION('',(0.,-0.866025403784437,-0.500000000000002));
#5982=DIRECTION('',(-1.,0.,0.));
#5983=DIRECTION('',(0.,-0.866025403784437,-0.500000000000002));
#5984=DIRECTION('center_axis',(-1.,0.,0.));
#5985=DIRECTION('ref_axis',(0.,-0.99947950148926,-0.032260286774628));
#5986=DIRECTION('center_axis',(-1.,0.,0.));
#5987=DIRECTION('ref_axis',(0.,-0.99947950148926,-0.032260286774628));
#5988=DIRECTION('',(-1.,0.,0.));
#5989=DIRECTION('center_axis',(-1.,0.,0.));
#5990=DIRECTION('ref_axis',(0.,-0.99947950148926,-0.032260286774628));
#5991=DIRECTION('center_axis',(0.,-6.96233587019357E-17,-1.));
#5992=DIRECTION('ref_axis',(0.,-1.,6.96233587019357E-17));
#5993=DIRECTION('',(0.,1.,-6.96233587019357E-17));
#5994=DIRECTION('',(-1.,0.,0.));
#5995=DIRECTION('',(0.,1.,-6.96233587019357E-17));
#5996=DIRECTION('center_axis',(0.,1.,0.));
#5997=DIRECTION('ref_axis',(0.,0.,-1.));
#5998=DIRECTION('',(0.,0.,1.));
#5999=DIRECTION('',(-1.,0.,0.));
#6000=DIRECTION('',(0.,0.,1.));
#6001=DIRECTION('center_axis',(0.,9.14838259848348E-15,1.));
#6002=DIRECTION('ref_axis',(0.,1.,-9.14838259848348E-15));
#6003=DIRECTION('',(0.,-1.,9.14838259848348E-15));
#6004=DIRECTION('',(-1.,0.,0.));
#6005=DIRECTION('',(0.,-1.,9.14838259848348E-15));
#6006=DIRECTION('center_axis',(-1.,0.,0.));
#6007=DIRECTION('ref_axis',(0.,-0.881704782238819,0.471801522864431));
#6008=DIRECTION('center_axis',(-1.,0.,0.));
#6009=DIRECTION('ref_axis',(0.,-0.881704782238819,0.471801522864431));
#6010=DIRECTION('',(-1.,0.,0.));
#6011=DIRECTION('center_axis',(-1.,0.,0.));
#6012=DIRECTION('ref_axis',(0.,-0.881704782238819,0.471801522864431));
#6013=DIRECTION('center_axis',(0.,-0.500000000000002,-0.866025403784438));
#6014=DIRECTION('ref_axis',(0.,-0.866025403784438,0.500000000000002));
#6015=DIRECTION('',(0.,0.866025403784438,-0.500000000000002));
#6016=DIRECTION('',(-1.,0.,0.));
#6017=DIRECTION('',(0.,0.866025403784438,-0.500000000000001));
#6018=DIRECTION('center_axis',(0.,0.866025403784438,-0.500000000000001));
#6019=DIRECTION('ref_axis',(0.,-0.500000000000001,-0.866025403784438));
#6020=DIRECTION('',(0.,0.500000000000001,0.866025403784438));
#6021=DIRECTION('',(-1.,0.,0.));
#6022=DIRECTION('',(0.,0.500000000000001,0.866025403784438));
#6023=DIRECTION('center_axis',(0.,0.500000000000017,0.866025403784429));
#6024=DIRECTION('ref_axis',(0.,0.866025403784429,-0.500000000000017));
#6025=DIRECTION('',(0.,-0.866025403784429,0.500000000000017));
#6026=DIRECTION('',(-1.,0.,0.));
#6027=DIRECTION('',(0.,-0.866025403784429,0.500000000000017));
#6028=DIRECTION('center_axis',(0.,1.,0.));
#6029=DIRECTION('ref_axis',(0.,0.,-1.));
#6030=DIRECTION('',(0.,0.,1.));
#6031=DIRECTION('',(-1.,0.,0.));
#6032=DIRECTION('',(0.,0.,1.));
#6033=DIRECTION('',(-1.,0.,0.));
#6034=DIRECTION('center_axis',(0.,0.707106781186549,0.707106781186546));
#6035=DIRECTION('ref_axis',(0.,0.707106781186546,-0.707106781186549));
#6036=DIRECTION('',(0.,-0.707106781186546,0.707106781186549));
#6037=DIRECTION('',(-1.,0.,0.));
#6038=DIRECTION('',(0.,-0.707106781186546,0.707106781186549));
#6039=DIRECTION('center_axis',(0.,1.46917600157557E-14,1.));
#6040=DIRECTION('ref_axis',(0.,1.,-1.46917600157557E-14));
#6041=DIRECTION('',(0.,-1.,1.46917600157557E-14));
#6042=DIRECTION('',(-1.,0.,0.));
#6043=DIRECTION('',(0.,-1.,1.46917600157557E-14));
#6044=DIRECTION('center_axis',(-1.,0.,0.));
#6045=DIRECTION('ref_axis',(0.,0.999480737213219,0.0322219791403388));
#6046=DIRECTION('center_axis',(1.,0.,0.));
#6047=DIRECTION('ref_axis',(0.,0.999480737213219,0.0322219791403388));
#6048=DIRECTION('',(-1.,0.,0.));
#6049=DIRECTION('center_axis',(1.,0.,0.));
#6050=DIRECTION('ref_axis',(0.,0.999480737213219,0.0322219791403388));
#6051=DIRECTION('center_axis',(0.,0.25881904510254,-0.965925826289063));
#6052=DIRECTION('ref_axis',(0.,-0.965925826289063,-0.25881904510254));
#6053=DIRECTION('',(0.,0.965925826289063,0.25881904510254));
#6054=DIRECTION('',(-1.,0.,0.));
#6055=DIRECTION('',(0.,0.965925826289063,0.25881904510254));
#6056=DIRECTION('center_axis',(0.,0.866025403784436,-0.500000000000005));
#6057=DIRECTION('ref_axis',(0.,-0.500000000000005,-0.866025403784436));
#6058=DIRECTION('',(0.,0.500000000000005,0.866025403784436));
#6059=DIRECTION('',(-1.,0.,0.));
#6060=DIRECTION('',(0.,0.500000000000005,0.866025403784436));
#6061=DIRECTION('center_axis',(0.,0.965925826289068,0.258819045102523));
#6062=DIRECTION('ref_axis',(0.,0.258819045102523,-0.965925826289068));
#6063=DIRECTION('',(0.,-0.258819045102523,0.965925826289068));
#6064=DIRECTION('',(-1.,0.,0.));
#6065=DIRECTION('',(0.,-0.258819045102523,0.965925826289068));
#6066=DIRECTION('center_axis',(0.,0.499999999999995,0.866025403784442));
#6067=DIRECTION('ref_axis',(0.,0.866025403784442,-0.499999999999995));
#6068=DIRECTION('',(0.,-0.866025403784442,0.499999999999995));
#6069=DIRECTION('',(-1.,0.,0.));
#6070=DIRECTION('',(0.,-0.866025403784442,0.499999999999995));
#6071=DIRECTION('center_axis',(0.,-0.258819045102462,0.965925826289084));
#6072=DIRECTION('ref_axis',(0.,0.965925826289084,0.258819045102462));
#6073=DIRECTION('',(0.,-0.965925826289084,-0.258819045102462));
#6074=DIRECTION('',(-1.,0.,0.));
#6075=DIRECTION('',(0.,-0.965925826289084,-0.258819045102462));
#6076=DIRECTION('center_axis',(-1.,0.,0.));
#6077=DIRECTION('ref_axis',(0.,0.95708459508027,0.289808691829689));
#6078=DIRECTION('center_axis',(1.,0.,0.));
#6079=DIRECTION('ref_axis',(0.,0.95708459508027,0.289808691829689));
#6080=DIRECTION('',(-1.,0.,0.));
#6081=DIRECTION('center_axis',(1.,0.,0.));
#6082=DIRECTION('ref_axis',(0.,0.95708459508027,0.289808691829689));
#6083=DIRECTION('center_axis',(0.,0.500000000000386,-0.866025403784216));
#6084=DIRECTION('ref_axis',(0.,-0.866025403784216,-0.500000000000386));
#6085=DIRECTION('',(0.,0.866025403784216,0.500000000000386));
#6086=DIRECTION('',(-1.,0.,0.));
#6087=DIRECTION('',(0.,0.866025403784216,0.500000000000386));
#6088=DIRECTION('center_axis',(0.,0.965925826289067,-0.258819045102524));
#6089=DIRECTION('ref_axis',(0.,-0.258819045102524,-0.965925826289067));
#6090=DIRECTION('',(0.,0.258819045102524,0.965925826289067));
#6091=DIRECTION('',(-1.,0.,0.));
#6092=DIRECTION('',(0.,0.258819045102524,0.965925826289067));
#6093=DIRECTION('center_axis',(0.,0.86602540378444,0.499999999999997));
#6094=DIRECTION('ref_axis',(0.,0.499999999999997,-0.86602540378444));
#6095=DIRECTION('',(0.,-0.499999999999997,0.86602540378444));
#6096=DIRECTION('',(-1.,0.,0.));
#6097=DIRECTION('',(0.,-0.499999999999997,0.86602540378444));
#6098=DIRECTION('center_axis',(0.,0.258819045102518,0.965925826289069));
#6099=DIRECTION('ref_axis',(0.,0.965925826289069,-0.258819045102518));
#6100=DIRECTION('',(0.,-0.965925826289069,0.258819045102518));
#6101=DIRECTION('',(-1.,0.,0.));
#6102=DIRECTION('',(0.,-0.965925826289069,0.258819045102518));
#6103=DIRECTION('center_axis',(0.,-0.500000000000162,0.866025403784345));
#6104=DIRECTION('ref_axis',(0.,0.866025403784345,0.500000000000162));
#6105=DIRECTION('',(0.,-0.866025403784345,-0.500000000000162));
#6106=DIRECTION('',(-1.,0.,0.));
#6107=DIRECTION('',(0.,-0.866025403784345,-0.500000000000162));
#6108=DIRECTION('center_axis',(-1.,0.,0.));
#6109=DIRECTION('ref_axis',(0.,0.849464719449677,0.527645421102355));
#6110=DIRECTION('center_axis',(1.,0.,0.));
#6111=DIRECTION('ref_axis',(0.,0.849464719449677,0.527645421102355));
#6112=DIRECTION('',(-1.,0.,0.));
#6113=DIRECTION('center_axis',(1.,0.,0.));
#6114=DIRECTION('ref_axis',(0.,0.849464719449677,0.527645421102355));
#6115=DIRECTION('center_axis',(0.,0.70710678118677,-0.707106781186326));
#6116=DIRECTION('ref_axis',(0.,-0.707106781186325,-0.70710678118677));
#6117=DIRECTION('',(0.,0.707106781186325,0.70710678118677));
#6118=DIRECTION('',(-1.,0.,0.));
#6119=DIRECTION('',(0.,0.707106781186325,0.70710678118677));
#6120=DIRECTION('center_axis',(0.,1.,-6.28036983473511E-15));
#6121=DIRECTION('ref_axis',(0.,-6.28036983473511E-15,-1.));
#6122=DIRECTION('',(0.,6.28036983473511E-15,1.));
#6123=DIRECTION('',(-1.,0.,0.));
#6124=DIRECTION('',(0.,6.28036983473511E-15,1.));
#6125=DIRECTION('center_axis',(0.,0.70710678118655,0.707106781186545));
#6126=DIRECTION('ref_axis',(0.,0.707106781186545,-0.70710678118655));
#6127=DIRECTION('',(0.,-0.707106781186545,0.70710678118655));
#6128=DIRECTION('',(-1.,0.,0.));
#6129=DIRECTION('',(0.,-0.707106781186545,0.70710678118655));
#6130=DIRECTION('center_axis',(0.,-1.88411095042052E-14,1.));
#6131=DIRECTION('ref_axis',(0.,1.,1.88411095042052E-14));
#6132=DIRECTION('',(0.,-1.,-1.88411095042052E-14));
#6133=DIRECTION('',(-1.,0.,0.));
#6134=DIRECTION('',(0.,-1.,-1.88411095042052E-14));
#6135=DIRECTION('center_axis',(0.,-0.707106781186548,0.707106781186548));
#6136=DIRECTION('ref_axis',(0.,0.707106781186548,0.707106781186548));
#6137=DIRECTION('',(0.,-0.707106781186548,-0.707106781186548));
#6138=DIRECTION('',(-1.,0.,0.));
#6139=DIRECTION('',(0.,-0.707106781186548,-0.707106781186548));
#6140=DIRECTION('center_axis',(-1.,0.,0.));
#6141=DIRECTION('ref_axis',(0.,0.683955226995412,0.729523986902182));
#6142=DIRECTION('center_axis',(1.,0.,0.));
#6143=DIRECTION('ref_axis',(0.,0.683955226995412,0.729523986902182));
#6144=DIRECTION('',(-1.,0.,0.));
#6145=DIRECTION('center_axis',(1.,0.,0.));
#6146=DIRECTION('ref_axis',(0.,0.683955226995412,0.729523986902182));
#6147=DIRECTION('center_axis',(0.,0.866025403784357,-0.500000000000142));
#6148=DIRECTION('ref_axis',(0.,-0.500000000000142,-0.866025403784356));
#6149=DIRECTION('',(0.,0.500000000000142,0.866025403784356));
#6150=DIRECTION('',(-1.,0.,0.));
#6151=DIRECTION('',(0.,0.500000000000142,0.866025403784356));
#6152=DIRECTION('center_axis',(0.,0.965925826289067,0.258819045102527));
#6153=DIRECTION('ref_axis',(0.,0.258819045102527,-0.965925826289067));
#6154=DIRECTION('',(0.,-0.258819045102527,0.965925826289067));
#6155=DIRECTION('',(-1.,0.,0.));
#6156=DIRECTION('',(0.,-0.258819045102527,0.965925826289067));
#6157=DIRECTION('center_axis',(0.,0.499999999999997,0.86602540378444));
#6158=DIRECTION('ref_axis',(0.,0.86602540378444,-0.499999999999997));
#6159=DIRECTION('',(0.,-0.86602540378444,0.499999999999997));
#6160=DIRECTION('',(-1.,0.,0.));
#6161=DIRECTION('',(0.,-0.86602540378444,0.499999999999997));
#6162=DIRECTION('center_axis',(0.,-0.258819045102523,0.965925826289068));
#6163=DIRECTION('ref_axis',(0.,0.965925826289068,0.258819045102523));
#6164=DIRECTION('',(0.,-0.965925826289068,-0.258819045102523));
#6165=DIRECTION('',(-1.,0.,0.));
#6166=DIRECTION('',(0.,-0.965925826289068,-0.258819045102523));
#6167=DIRECTION('center_axis',(0.,-0.866025403784439,0.499999999999999));
#6168=DIRECTION('ref_axis',(0.,0.499999999999999,0.866025403784439));
#6169=DIRECTION('',(0.,-0.499999999999999,-0.866025403784439));
#6170=DIRECTION('',(-1.,0.,0.));
#6171=DIRECTION('',(0.,-0.499999999999999,-0.866025403784439));
#6172=DIRECTION('center_axis',(-1.,0.,0.));
#6173=DIRECTION('ref_axis',(0.,0.471835316110864,0.881686698590016));
#6174=DIRECTION('center_axis',(1.,0.,0.));
#6175=DIRECTION('ref_axis',(0.,0.471835316110864,0.881686698590016));
#6176=DIRECTION('',(-1.,0.,0.));
#6177=DIRECTION('center_axis',(1.,0.,0.));
#6178=DIRECTION('ref_axis',(0.,0.471835316110864,0.881686698590016));
#6179=DIRECTION('center_axis',(0.,0.965925826288922,-0.258819045103065));
#6180=DIRECTION('ref_axis',(0.,-0.258819045103065,-0.965925826288922));
#6181=DIRECTION('',(0.,0.258819045103065,0.965925826288922));
#6182=DIRECTION('',(-1.,0.,0.));
#6183=DIRECTION('',(0.,0.258819045103065,0.965925826288922));
#6184=DIRECTION('center_axis',(0.,0.866025403784437,0.500000000000003));
#6185=DIRECTION('ref_axis',(0.,0.500000000000003,-0.866025403784437));
#6186=DIRECTION('',(0.,-0.500000000000003,0.866025403784437));
#6187=DIRECTION('',(-1.,0.,0.));
#6188=DIRECTION('',(0.,-0.500000000000003,0.866025403784437));
#6189=DIRECTION('center_axis',(0.,0.258819045102515,0.96592582628907));
#6190=DIRECTION('ref_axis',(0.,0.96592582628907,-0.258819045102515));
#6191=DIRECTION('',(0.,-0.96592582628907,0.258819045102515));
#6192=DIRECTION('',(-1.,0.,0.));
#6193=DIRECTION('',(0.,-0.96592582628907,0.258819045102515));
#6194=DIRECTION('center_axis',(0.,-0.500000000000002,0.866025403784437));
#6195=DIRECTION('ref_axis',(0.,0.866025403784437,0.500000000000002));
#6196=DIRECTION('',(0.,-0.866025403784437,-0.500000000000002));
#6197=DIRECTION('',(-1.,0.,0.));
#6198=DIRECTION('',(0.,-0.866025403784437,-0.500000000000002));
#6199=DIRECTION('center_axis',(0.,-0.965925826289038,0.258819045102635));
#6200=DIRECTION('ref_axis',(0.,0.258819045102635,0.965925826289038));
#6201=DIRECTION('',(0.,-0.258819045102635,-0.965925826289038));
#6202=DIRECTION('',(-1.,0.,0.));
#6203=DIRECTION('',(0.,-0.258819045102635,-0.965925826289038));
#6204=DIRECTION('center_axis',(-1.,0.,0.));
#6205=DIRECTION('ref_axis',(0.,0.227560608178089,0.973763918825101));
#6206=DIRECTION('center_axis',(1.,0.,0.));
#6207=DIRECTION('ref_axis',(0.,0.227560608178089,0.973763918825101));
#6208=DIRECTION('',(-1.,0.,0.));
#6209=DIRECTION('center_axis',(1.,0.,0.));
#6210=DIRECTION('ref_axis',(0.,0.227560608178089,0.973763918825101));
#6211=DIRECTION('center_axis',(0.,1.,-1.38777878078098E-14));
#6212=DIRECTION('ref_axis',(0.,-1.38777878078098E-14,-1.));
#6213=DIRECTION('',(0.,1.38777878078098E-14,1.));
#6214=DIRECTION('',(-1.,0.,0.));
#6215=DIRECTION('',(0.,1.38777878078098E-14,1.));
#6216=DIRECTION('center_axis',(0.,0.707106781186546,0.707106781186549));
#6217=DIRECTION('ref_axis',(0.,0.707106781186549,-0.707106781186546));
#6218=DIRECTION('',(0.,-0.707106781186549,0.707106781186546));
#6219=DIRECTION('',(-1.,0.,0.));
#6220=DIRECTION('',(0.,-0.707106781186549,0.707106781186546));
#6221=DIRECTION('center_axis',(0.,0.,1.));
#6222=DIRECTION('ref_axis',(0.,1.,0.));
#6223=DIRECTION('',(0.,-1.,0.));
#6224=DIRECTION('',(-1.,0.,0.));
#6225=DIRECTION('',(0.,-1.,0.));
#6226=DIRECTION('center_axis',(0.,-0.707106781186546,0.707106781186549));
#6227=DIRECTION('ref_axis',(0.,0.707106781186549,0.707106781186546));
#6228=DIRECTION('',(0.,-0.707106781186549,-0.707106781186546));
#6229=DIRECTION('',(-1.,0.,0.));
#6230=DIRECTION('',(0.,-0.707106781186549,-0.707106781186546));
#6231=DIRECTION('center_axis',(0.,-1.,7.34588000787783E-15));
#6232=DIRECTION('ref_axis',(0.,7.34588000787783E-15,1.));
#6233=DIRECTION('',(0.,-7.34588000787783E-15,-1.));
#6234=DIRECTION('',(-1.,0.,0.));
#6235=DIRECTION('',(0.,-7.34588000787783E-15,-1.));
#6236=DIRECTION('center_axis',(-1.,0.,0.));
#6237=DIRECTION('ref_axis',(0.,-0.0322219791403388,0.999480737213219));
#6238=DIRECTION('center_axis',(1.,0.,0.));
#6239=DIRECTION('ref_axis',(0.,-0.0322219791403388,0.999480737213219));
#6240=DIRECTION('',(-1.,0.,0.));
#6241=DIRECTION('center_axis',(1.,0.,0.));
#6242=DIRECTION('ref_axis',(0.,-0.0322219791403388,0.999480737213219));
#6243=DIRECTION('center_axis',(0.,0.965925826289063,0.25881904510254));
#6244=DIRECTION('ref_axis',(0.,0.25881904510254,-0.965925826289063));
#6245=DIRECTION('',(0.,-0.25881904510254,0.965925826289063));
#6246=DIRECTION('',(-1.,0.,0.));
#6247=DIRECTION('',(0.,-0.25881904510254,0.965925826289063));
#6248=DIRECTION('center_axis',(0.,0.500000000000004,0.866025403784436));
#6249=DIRECTION('ref_axis',(0.,0.866025403784436,-0.500000000000004));
#6250=DIRECTION('',(0.,-0.866025403784436,0.500000000000004));
#6251=DIRECTION('',(-1.,0.,0.));
#6252=DIRECTION('',(0.,-0.866025403784436,0.500000000000004));
#6253=DIRECTION('center_axis',(0.,-0.258819045102532,0.965925826289065));
#6254=DIRECTION('ref_axis',(0.,0.965925826289065,0.258819045102532));
#6255=DIRECTION('',(0.,-0.965925826289065,-0.258819045102532));
#6256=DIRECTION('',(-1.,0.,0.));
#6257=DIRECTION('',(0.,-0.965925826289065,-0.258819045102532));
#6258=DIRECTION('center_axis',(0.,-0.866025403784442,0.499999999999995));
#6259=DIRECTION('ref_axis',(0.,0.499999999999995,0.866025403784442));
#6260=DIRECTION('',(0.,-0.499999999999995,-0.866025403784442));
#6261=DIRECTION('',(-1.,0.,0.));
#6262=DIRECTION('',(0.,-0.499999999999995,-0.866025403784442));
#6263=DIRECTION('center_axis',(0.,-0.965925826289084,-0.258819045102462));
#6264=DIRECTION('ref_axis',(0.,-0.258819045102462,0.965925826289084));
#6265=DIRECTION('',(0.,0.258819045102462,-0.965925826289084));
#6266=DIRECTION('',(-1.,0.,0.));
#6267=DIRECTION('',(0.,0.258819045102462,-0.965925826289084));
#6268=DIRECTION('center_axis',(-1.,0.,0.));
#6269=DIRECTION('ref_axis',(0.,-0.289808691829689,0.95708459508027));
#6270=DIRECTION('center_axis',(1.,0.,0.));
#6271=DIRECTION('ref_axis',(0.,-0.289808691829689,0.95708459508027));
#6272=DIRECTION('',(-1.,0.,0.));
#6273=DIRECTION('center_axis',(1.,0.,0.));
#6274=DIRECTION('ref_axis',(0.,-0.289808691829689,0.95708459508027));
#6275=DIRECTION('center_axis',(0.,0.866025403784423,0.500000000000027));
#6276=DIRECTION('ref_axis',(0.,0.500000000000027,-0.866025403784423));
#6277=DIRECTION('',(0.,-0.500000000000027,0.866025403784423));
#6278=DIRECTION('',(-1.,0.,0.));
#6279=DIRECTION('',(0.,-0.500000000000027,0.866025403784423));
#6280=DIRECTION('center_axis',(0.,0.258819045102518,0.965925826289069));
#6281=DIRECTION('ref_axis',(0.,0.965925826289069,-0.258819045102518));
#6282=DIRECTION('',(0.,-0.965925826289069,0.258819045102518));
#6283=DIRECTION('',(-1.,0.,0.));
#6284=DIRECTION('',(0.,-0.965925826289069,0.258819045102518));
#6285=DIRECTION('center_axis',(0.,-0.500000000000003,0.866025403784437));
#6286=DIRECTION('ref_axis',(0.,0.866025403784437,0.500000000000003));
#6287=DIRECTION('',(0.,-0.866025403784437,-0.500000000000003));
#6288=DIRECTION('',(-1.,0.,0.));
#6289=DIRECTION('',(0.,-0.866025403784437,-0.500000000000003));
#6290=DIRECTION('center_axis',(0.,-0.965925826289069,0.258819045102518));
#6291=DIRECTION('ref_axis',(0.,0.258819045102518,0.965925826289069));
#6292=DIRECTION('',(0.,-0.258819045102518,-0.965925826289069));
#6293=DIRECTION('',(-1.,0.,0.));
#6294=DIRECTION('',(0.,-0.258819045102518,-0.965925826289069));
#6295=DIRECTION('center_axis',(0.,-0.866025403784337,-0.500000000000175));
#6296=DIRECTION('ref_axis',(0.,-0.500000000000175,0.866025403784337));
#6297=DIRECTION('',(0.,0.500000000000175,-0.866025403784337));
#6298=DIRECTION('',(-1.,0.,0.));
#6299=DIRECTION('',(0.,0.500000000000175,-0.866025403784337));
#6300=DIRECTION('center_axis',(-1.,0.,0.));
#6301=DIRECTION('ref_axis',(0.,-0.527645421102354,0.849464719449677));
#6302=DIRECTION('center_axis',(1.,0.,0.));
#6303=DIRECTION('ref_axis',(0.,-0.527645421102354,0.849464719449677));
#6304=DIRECTION('',(-1.,0.,0.));
#6305=DIRECTION('center_axis',(1.,0.,0.));
#6306=DIRECTION('ref_axis',(0.,-0.527645421102354,0.849464719449677));
#6307=DIRECTION('center_axis',(0.,0.707106781186548,0.707106781186548));
#6308=DIRECTION('ref_axis',(0.,0.707106781186548,-0.707106781186548));
#6309=DIRECTION('',(0.,-0.707106781186548,0.707106781186548));
#6310=DIRECTION('',(-1.,0.,0.));
#6311=DIRECTION('',(0.,-0.707106781186547,0.707106781186547));
#6312=DIRECTION('center_axis',(0.,0.,1.));
#6313=DIRECTION('ref_axis',(0.,1.,0.));
#6314=DIRECTION('',(0.,-1.,0.));
#6315=DIRECTION('',(-1.,0.,0.));
#6316=DIRECTION('',(0.,-1.,0.));
#6317=DIRECTION('center_axis',(0.,-0.70710678118655,0.707106781186545));
#6318=DIRECTION('ref_axis',(0.,0.707106781186545,0.70710678118655));
#6319=DIRECTION('',(0.,-0.707106781186545,-0.70710678118655));
#6320=DIRECTION('',(-1.,0.,0.));
#6321=DIRECTION('',(0.,-0.707106781186545,-0.70710678118655));
#6322=DIRECTION('center_axis',(0.,-1.,-6.28036983473511E-15));
#6323=DIRECTION('ref_axis',(0.,-6.28036983473511E-15,1.));
#6324=DIRECTION('',(0.,6.28036983473511E-15,-1.));
#6325=DIRECTION('',(-1.,0.,0.));
#6326=DIRECTION('',(0.,6.28036983473511E-15,-1.));
#6327=DIRECTION('center_axis',(0.,-0.707106781186548,-0.707106781186548));
#6328=DIRECTION('ref_axis',(0.,-0.707106781186548,0.707106781186548));
#6329=DIRECTION('',(0.,0.707106781186548,-0.707106781186548));
#6330=DIRECTION('',(-1.,0.,0.));
#6331=DIRECTION('',(0.,0.707106781186548,-0.707106781186548));
#6332=DIRECTION('center_axis',(-1.,0.,0.));
#6333=DIRECTION('ref_axis',(0.,-0.729523986902182,0.683955226995412));
#6334=DIRECTION('center_axis',(1.,0.,0.));
#6335=DIRECTION('ref_axis',(0.,-0.729523986902182,0.683955226995412));
#6336=DIRECTION('',(-1.,0.,0.));
#6337=DIRECTION('center_axis',(1.,0.,0.));
#6338=DIRECTION('ref_axis',(0.,-0.729523986902182,0.683955226995412));
#6339=DIRECTION('center_axis',(0.,0.499999999999784,0.866025403784564));
#6340=DIRECTION('ref_axis',(0.,0.866025403784564,-0.499999999999783));
#6341=DIRECTION('',(0.,-0.866025403784564,0.499999999999783));
#6342=DIRECTION('',(-1.,0.,0.));
#6343=DIRECTION('',(0.,-0.866025403784564,0.499999999999783));
#6344=DIRECTION('center_axis',(0.,-0.258819045102526,0.965925826289067));
#6345=DIRECTION('ref_axis',(0.,0.965925826289067,0.258819045102526));
#6346=DIRECTION('',(0.,-0.965925826289067,-0.258819045102526));
#6347=DIRECTION('',(-1.,0.,0.));
#6348=DIRECTION('',(0.,-0.965925826289067,-0.258819045102526));
#6349=DIRECTION('center_axis',(0.,-0.866025403784438,0.500000000000001));
#6350=DIRECTION('ref_axis',(0.,0.500000000000001,0.866025403784438));
#6351=DIRECTION('',(0.,-0.500000000000001,-0.866025403784438));
#6352=DIRECTION('',(-1.,0.,0.));
#6353=DIRECTION('',(0.,-0.500000000000001,-0.866025403784438));
#6354=DIRECTION('center_axis',(0.,-0.965925826289068,-0.258819045102523));
#6355=DIRECTION('ref_axis',(0.,-0.258819045102523,0.965925826289068));
#6356=DIRECTION('',(0.,0.258819045102523,-0.965925826289068));
#6357=DIRECTION('',(-1.,0.,0.));
#6358=DIRECTION('',(0.,0.258819045102523,-0.965925826289068));
#6359=DIRECTION('center_axis',(0.,-0.499999999999897,-0.866025403784498));
#6360=DIRECTION('ref_axis',(0.,-0.866025403784498,0.499999999999897));
#6361=DIRECTION('',(0.,0.866025403784498,-0.499999999999897));
#6362=DIRECTION('',(-1.,0.,0.));
#6363=DIRECTION('',(0.,0.866025403784498,-0.499999999999897));
#6364=DIRECTION('center_axis',(-1.,0.,0.));
#6365=DIRECTION('ref_axis',(0.,-0.881686698590016,0.471835316110864));
#6366=DIRECTION('center_axis',(1.,0.,0.));
#6367=DIRECTION('ref_axis',(0.,-0.881686698590016,0.471835316110864));
#6368=DIRECTION('',(-1.,0.,0.));
#6369=DIRECTION('center_axis',(1.,0.,0.));
#6370=DIRECTION('ref_axis',(0.,-0.881686698590016,0.471835316110864));
#6371=DIRECTION('center_axis',(0.,0.258819045102318,0.965925826289123));
#6372=DIRECTION('ref_axis',(0.,0.965925826289123,-0.258819045102318));
#6373=DIRECTION('',(0.,-0.965925826289123,0.258819045102318));
#6374=DIRECTION('',(-1.,0.,0.));
#6375=DIRECTION('',(0.,-0.965925826289123,0.258819045102318));
#6376=DIRECTION('center_axis',(0.,-0.500000000000008,0.866025403784434));
#6377=DIRECTION('ref_axis',(0.,0.866025403784434,0.500000000000008));
#6378=DIRECTION('',(0.,-0.866025403784434,-0.500000000000008));
#6379=DIRECTION('',(-1.,0.,0.));
#6380=DIRECTION('',(0.,-0.866025403784434,-0.500000000000008));
#6381=DIRECTION('center_axis',(0.,-0.965925826289068,0.258819045102523));
#6382=DIRECTION('ref_axis',(0.,0.258819045102523,0.965925826289068));
#6383=DIRECTION('',(0.,-0.258819045102523,-0.965925826289068));
#6384=DIRECTION('',(-1.,0.,0.));
#6385=DIRECTION('',(0.,-0.258819045102523,-0.965925826289068));
#6386=DIRECTION('center_axis',(0.,-0.866025403784436,-0.500000000000004));
#6387=DIRECTION('ref_axis',(0.,-0.500000000000004,0.866025403784436));
#6388=DIRECTION('',(0.,0.500000000000004,-0.866025403784436));
#6389=DIRECTION('',(-1.,0.,0.));
#6390=DIRECTION('',(0.,0.500000000000004,-0.866025403784436));
#6391=DIRECTION('center_axis',(0.,-0.258819045102517,-0.965925826289069));
#6392=DIRECTION('ref_axis',(0.,-0.965925826289069,0.258819045102517));
#6393=DIRECTION('',(0.,0.965925826289069,-0.258819045102517));
#6394=DIRECTION('',(-1.,0.,0.));
#6395=DIRECTION('',(0.,0.965925826289069,-0.258819045102517));
#6396=DIRECTION('center_axis',(-1.,0.,0.));
#6397=DIRECTION('ref_axis',(0.,-0.973763918825101,0.227560608178089));
#6398=DIRECTION('center_axis',(1.,0.,0.));
#6399=DIRECTION('ref_axis',(0.,-0.973763918825101,0.227560608178089));
#6400=DIRECTION('',(-1.,0.,0.));
#6401=DIRECTION('center_axis',(1.,0.,0.));
#6402=DIRECTION('ref_axis',(0.,-0.973763918825101,0.227560608178089));
#6403=DIRECTION('center_axis',(0.,0.,1.));
#6404=DIRECTION('ref_axis',(0.,1.,0.));
#6405=DIRECTION('',(0.,-1.,0.));
#6406=DIRECTION('',(-1.,0.,0.));
#6407=DIRECTION('',(0.,1.,0.));
#6408=DIRECTION('center_axis',(0.,-0.707106781186549,0.707106781186546));
#6409=DIRECTION('ref_axis',(0.,0.707106781186546,0.707106781186549));
#6410=DIRECTION('',(0.,-0.707106781186546,-0.707106781186549));
#6411=DIRECTION('',(-1.,0.,0.));
#6412=DIRECTION('',(0.,-0.707106781186546,-0.707106781186549));
#6413=DIRECTION('center_axis',(-1.,0.,0.));
#6414=DIRECTION('ref_axis',(0.,-0.527677978624828,0.849444495464192));
#6415=DIRECTION('center_axis',(-1.,0.,0.));
#6416=DIRECTION('ref_axis',(0.,-0.527677978624828,0.849444495464192));
#6417=DIRECTION('',(-1.,0.,0.));
#6418=DIRECTION('center_axis',(-1.,0.,0.));
#6419=DIRECTION('ref_axis',(0.,-0.527677978624828,0.849444495464192));
#6420=DIRECTION('center_axis',(0.,-0.866025403784439,-0.5));
#6421=DIRECTION('ref_axis',(0.,-0.5,0.866025403784439));
#6422=DIRECTION('',(0.,0.5,-0.866025403784439));
#6423=DIRECTION('',(-1.,0.,0.));
#6424=DIRECTION('',(0.,0.5,-0.866025403784439));
#6425=DIRECTION('center_axis',(0.,0.5,-0.866025403784439));
#6426=DIRECTION('ref_axis',(0.,-0.866025403784439,-0.5));
#6427=DIRECTION('',(0.,0.866025403784439,0.5));
#6428=DIRECTION('',(-1.,0.,0.));
#6429=DIRECTION('',(0.,0.866025403784439,0.5));
#6430=DIRECTION('center_axis',(0.,0.866025403784434,0.500000000000009));
#6431=DIRECTION('ref_axis',(0.,0.500000000000009,-0.866025403784434));
#6432=DIRECTION('',(0.,-0.500000000000009,0.866025403784434));
#6433=DIRECTION('',(-1.,0.,0.));
#6434=DIRECTION('',(0.,-0.500000000000009,0.866025403784434));
#6435=DIRECTION('center_axis',(-1.,0.,0.));
#6436=DIRECTION('ref_axis',(0.,-0.0322602867746278,0.99947950148926));
#6437=DIRECTION('center_axis',(-1.,0.,0.));
#6438=DIRECTION('ref_axis',(0.,-0.0322602867746278,0.99947950148926));
#6439=DIRECTION('',(-1.,0.,0.));
#6440=DIRECTION('center_axis',(-1.,0.,0.));
#6441=DIRECTION('ref_axis',(0.,-0.0322602867746278,0.99947950148926));
#6442=DIRECTION('center_axis',(0.,-1.,2.78493434807742E-16));
#6443=DIRECTION('ref_axis',(0.,2.78493434807742E-16,1.));
#6444=DIRECTION('',(0.,-2.78493434807742E-16,-1.));
#6445=DIRECTION('',(-1.,0.,0.));
#6446=DIRECTION('',(0.,-2.78493434807742E-16,-1.));
#6447=DIRECTION('center_axis',(0.,0.,-1.));
#6448=DIRECTION('ref_axis',(0.,-1.,0.));
#6449=DIRECTION('',(0.,1.,0.));
#6450=DIRECTION('',(-1.,0.,0.));
#6451=DIRECTION('',(0.,1.,0.));
#6452=DIRECTION('center_axis',(0.,1.,-1.4762162829371E-14));
#6453=DIRECTION('ref_axis',(0.,-1.4762162829371E-14,-1.));
#6454=DIRECTION('',(0.,1.4762162829371E-14,1.));
#6455=DIRECTION('',(-1.,0.,0.));
#6456=DIRECTION('',(0.,1.4762162829371E-14,1.));
#6457=DIRECTION('center_axis',(-1.,0.,0.));
#6458=DIRECTION('ref_axis',(0.,0.471801522864431,0.881704782238819));
#6459=DIRECTION('center_axis',(-1.,0.,0.));
#6460=DIRECTION('ref_axis',(0.,0.471801522864431,0.881704782238819));
#6461=DIRECTION('',(-1.,0.,0.));
#6462=DIRECTION('center_axis',(-1.,0.,0.));
#6463=DIRECTION('ref_axis',(0.,0.471801522864431,0.881704782238819));
#6464=DIRECTION('center_axis',(0.,-0.866025403784438,0.500000000000001));
#6465=DIRECTION('ref_axis',(0.,0.500000000000001,0.866025403784438));
#6466=DIRECTION('',(0.,-0.500000000000001,-0.866025403784438));
#6467=DIRECTION('',(-1.,0.,0.));
#6468=DIRECTION('',(0.,-0.500000000000001,-0.866025403784438));
#6469=DIRECTION('center_axis',(0.,-0.5,-0.866025403784439));
#6470=DIRECTION('ref_axis',(0.,-0.866025403784439,0.499999999999999));
#6471=DIRECTION('',(0.,0.866025403784439,-0.499999999999999));
#6472=DIRECTION('',(-1.,0.,0.));
#6473=DIRECTION('',(0.,0.866025403784439,-0.499999999999999));
#6474=DIRECTION('center_axis',(0.,0.866025403784431,-0.500000000000014));
#6475=DIRECTION('ref_axis',(0.,-0.500000000000014,-0.866025403784431));
#6476=DIRECTION('',(0.,0.500000000000014,0.866025403784431));
#6477=DIRECTION('',(-1.,0.,0.));
#6478=DIRECTION('',(0.,0.500000000000014,0.866025403784431));
#6479=DIRECTION('center_axis',(-1.,0.,0.));
#6480=DIRECTION('ref_axis',(0.,0.849444495464192,0.527677978624828));
#6481=DIRECTION('center_axis',(-1.,0.,0.));
#6482=DIRECTION('ref_axis',(0.,0.849444495464192,0.527677978624828));
#6483=DIRECTION('',(-1.,0.,0.));
#6484=DIRECTION('center_axis',(-1.,0.,0.));
#6485=DIRECTION('ref_axis',(0.,0.849444495464192,0.527677978624828));
#6486=DIRECTION('center_axis',(0.,-0.499999999999998,0.86602540378444));
#6487=DIRECTION('ref_axis',(0.,0.86602540378444,0.499999999999998));
#6488=DIRECTION('',(0.,-0.86602540378444,-0.499999999999998));
#6489=DIRECTION('',(-1.,0.,0.));
#6490=DIRECTION('',(0.,-0.86602540378444,-0.499999999999998));
#6491=DIRECTION('center_axis',(0.,-0.866025403784439,-0.5));
#6492=DIRECTION('ref_axis',(0.,-0.499999999999999,0.866025403784439));
#6493=DIRECTION('',(0.,0.499999999999999,-0.866025403784439));
#6494=DIRECTION('',(-1.,0.,0.));
#6495=DIRECTION('',(0.,0.499999999999999,-0.866025403784439));
#6496=DIRECTION('center_axis',(0.,0.500000000000005,-0.866025403784436));
#6497=DIRECTION('ref_axis',(0.,-0.866025403784436,-0.500000000000005));
#6498=DIRECTION('',(0.,0.866025403784436,0.500000000000005));
#6499=DIRECTION('',(-1.,0.,0.));
#6500=DIRECTION('',(0.,0.866025403784436,0.500000000000004));
#6501=DIRECTION('center_axis',(-1.,0.,0.));
#6502=DIRECTION('ref_axis',(0.,0.99947950148926,0.0322602867746279));
#6503=DIRECTION('center_axis',(-1.,0.,0.));
#6504=DIRECTION('ref_axis',(0.,0.99947950148926,0.0322602867746279));
#6505=DIRECTION('',(-1.,0.,0.));
#6506=DIRECTION('center_axis',(-1.,0.,0.));
#6507=DIRECTION('ref_axis',(0.,0.99947950148926,0.0322602867746279));
#6508=DIRECTION('center_axis',(0.,0.,1.));
#6509=DIRECTION('ref_axis',(0.,1.,0.));
#6510=DIRECTION('',(0.,-1.,0.));
#6511=DIRECTION('',(-1.,0.,0.));
#6512=DIRECTION('',(0.,-1.,0.));
#6513=DIRECTION('center_axis',(0.,-1.,0.));
#6514=DIRECTION('ref_axis',(0.,0.,1.));
#6515=DIRECTION('',(0.,0.,-1.));
#6516=DIRECTION('',(-1.,0.,0.));
#6517=DIRECTION('',(0.,0.,-1.));
#6518=DIRECTION('center_axis',(0.,-5.16329169384105E-15,-1.));
#6519=DIRECTION('ref_axis',(0.,-1.,5.16329169384105E-15));
#6520=DIRECTION('',(0.,1.,-5.16329169384105E-15));
#6521=DIRECTION('',(-1.,0.,0.));
#6522=DIRECTION('',(0.,1.,-5.16329169384105E-15));
#6523=DIRECTION('center_axis',(-1.,0.,0.));
#6524=DIRECTION('ref_axis',(0.,0.881704782238819,-0.471801522864431));
#6525=DIRECTION('center_axis',(-1.,0.,0.));
#6526=DIRECTION('ref_axis',(0.,0.881704782238819,-0.471801522864431));
#6527=DIRECTION('',(-1.,0.,0.));
#6528=DIRECTION('center_axis',(-1.,0.,0.));
#6529=DIRECTION('ref_axis',(0.,0.881704782238819,-0.471801522864431));
#6530=DIRECTION('center_axis',(0.,0.500000000000003,0.866025403784437));
#6531=DIRECTION('ref_axis',(0.,0.866025403784437,-0.500000000000003));
#6532=DIRECTION('',(0.,-0.866025403784437,0.500000000000003));
#6533=DIRECTION('',(-1.,0.,0.));
#6534=DIRECTION('',(0.,-0.866025403784437,0.500000000000003));
#6535=DIRECTION('center_axis',(0.,-0.866025403784438,0.500000000000002));
#6536=DIRECTION('ref_axis',(0.,0.500000000000002,0.866025403784438));
#6537=DIRECTION('',(0.,-0.500000000000002,-0.866025403784438));
#6538=DIRECTION('',(-1.,0.,0.));
#6539=DIRECTION('',(0.,-0.500000000000002,-0.866025403784438));
#6540=DIRECTION('center_axis',(0.,-0.5,-0.866025403784439));
#6541=DIRECTION('ref_axis',(0.,-0.866025403784439,0.499999999999999));
#6542=DIRECTION('',(0.,0.866025403784439,-0.499999999999999));
#6543=DIRECTION('',(0.,0.866025403784439,-0.499999999999999));
#6544=DIRECTION('center_axis',(0.,-1.,0.));
#6545=DIRECTION('ref_axis',(0.,0.,1.));
#6546=DIRECTION('',(0.,0.,-1.));
#6547=DIRECTION('',(-1.,0.,0.));
#6548=DIRECTION('',(0.,0.,-1.));
#6549=DIRECTION('center_axis',(0.,-0.707106781186549,-0.707106781186546));
#6550=DIRECTION('ref_axis',(0.,-0.707106781186546,0.707106781186549));
#6551=DIRECTION('',(0.,0.707106781186546,-0.707106781186549));
#6552=DIRECTION('',(-1.,0.,0.));
#6553=DIRECTION('',(0.,0.707106781186546,-0.707106781186549));
#6554=DIRECTION('center_axis',(0.,7.3458800078761E-15,-1.));
#6555=DIRECTION('ref_axis',(0.,-1.,-7.3458800078761E-15));
#6556=DIRECTION('',(0.,1.,7.3458800078761E-15));
#6557=DIRECTION('',(-1.,0.,0.));
#6558=DIRECTION('',(0.,1.,7.3458800078761E-15));
#6559=DIRECTION('center_axis',(-1.,0.,0.));
#6560=DIRECTION('ref_axis',(0.,-0.999480737213219,-0.0322219791403389));
#6561=DIRECTION('center_axis',(1.,0.,0.));
#6562=DIRECTION('ref_axis',(0.,-0.999480737213219,-0.0322219791403389));
#6563=DIRECTION('',(-1.,0.,0.));
#6564=DIRECTION('center_axis',(1.,0.,0.));
#6565=DIRECTION('ref_axis',(0.,-0.999480737213219,-0.0322219791403389));
#6566=DIRECTION('center_axis',(0.,-0.258819045102444,0.965925826289089));
#6567=DIRECTION('ref_axis',(0.,0.965925826289089,0.258819045102444));
#6568=DIRECTION('',(0.,-0.965925826289089,-0.258819045102444));
#6569=DIRECTION('',(-1.,0.,0.));
#6570=DIRECTION('',(0.,-0.965925826289089,-0.258819045102444));
#6571=DIRECTION('center_axis',(0.,-0.866025403784433,0.500000000000009));
#6572=DIRECTION('ref_axis',(0.,0.500000000000009,0.866025403784433));
#6573=DIRECTION('',(0.,-0.500000000000009,-0.866025403784433));
#6574=DIRECTION('',(-1.,0.,0.));
#6575=DIRECTION('',(0.,-0.500000000000009,-0.866025403784433));
#6576=DIRECTION('center_axis',(0.,-0.965925826289066,-0.258819045102528));
#6577=DIRECTION('ref_axis',(0.,-0.258819045102528,0.965925826289066));
#6578=DIRECTION('',(0.,0.258819045102528,-0.965925826289066));
#6579=DIRECTION('',(-1.,0.,0.));
#6580=DIRECTION('',(0.,0.258819045102528,-0.965925826289066));
#6581=DIRECTION('center_axis',(0.,-0.499999999999997,-0.86602540378444));
#6582=DIRECTION('ref_axis',(0.,-0.86602540378444,0.499999999999997));
#6583=DIRECTION('',(0.,0.86602540378444,-0.499999999999997));
#6584=DIRECTION('',(-1.,0.,0.));
#6585=DIRECTION('',(0.,0.86602540378444,-0.499999999999997));
#6586=DIRECTION('center_axis',(0.,0.258819045102404,-0.9659258262891));
#6587=DIRECTION('ref_axis',(0.,-0.9659258262891,-0.258819045102404));
#6588=DIRECTION('',(0.,0.9659258262891,0.258819045102404));
#6589=DIRECTION('',(-1.,0.,0.));
#6590=DIRECTION('',(0.,0.9659258262891,0.258819045102404));
#6591=DIRECTION('center_axis',(-1.,0.,0.));
#6592=DIRECTION('ref_axis',(0.,-0.95708459508027,-0.28980869182969));
#6593=DIRECTION('center_axis',(1.,0.,0.));
#6594=DIRECTION('ref_axis',(0.,-0.95708459508027,-0.28980869182969));
#6595=DIRECTION('',(-1.,0.,0.));
#6596=DIRECTION('center_axis',(1.,0.,0.));
#6597=DIRECTION('ref_axis',(0.,-0.95708459508027,-0.28980869182969));
#6598=DIRECTION('center_axis',(0.,-0.500000000000386,0.866025403784216));
#6599=DIRECTION('ref_axis',(0.,0.866025403784216,0.500000000000386));
#6600=DIRECTION('',(0.,-0.866025403784216,-0.500000000000386));
#6601=DIRECTION('',(-1.,0.,0.));
#6602=DIRECTION('',(0.,-0.866025403784216,-0.500000000000386));
#6603=DIRECTION('center_axis',(0.,-0.965925826289067,0.258819045102524));
#6604=DIRECTION('ref_axis',(0.,0.258819045102524,0.965925826289067));
#6605=DIRECTION('',(0.,-0.258819045102524,-0.965925826289067));
#6606=DIRECTION('',(-1.,0.,0.));
#6607=DIRECTION('',(0.,-0.258819045102524,-0.965925826289067));
#6608=DIRECTION('center_axis',(0.,-0.866025403784441,-0.499999999999996));
#6609=DIRECTION('ref_axis',(0.,-0.499999999999996,0.866025403784441));
#6610=DIRECTION('',(0.,0.499999999999996,-0.866025403784441));
#6611=DIRECTION('',(-1.,0.,0.));
#6612=DIRECTION('',(0.,0.499999999999996,-0.866025403784441));
#6613=DIRECTION('center_axis',(0.,-0.258819045102515,-0.96592582628907));
#6614=DIRECTION('ref_axis',(0.,-0.96592582628907,0.258819045102515));
#6615=DIRECTION('',(0.,0.96592582628907,-0.258819045102515));
#6616=DIRECTION('',(-1.,0.,0.));
#6617=DIRECTION('',(0.,0.96592582628907,-0.258819045102515));
#6618=DIRECTION('center_axis',(0.,0.500000000000379,-0.86602540378422));
#6619=DIRECTION('ref_axis',(0.,-0.86602540378422,-0.500000000000379));
#6620=DIRECTION('',(0.,0.86602540378422,0.500000000000379));
#6621=DIRECTION('',(-1.,0.,0.));
#6622=DIRECTION('',(0.,0.86602540378422,0.500000000000379));
#6623=DIRECTION('center_axis',(-1.,0.,0.));
#6624=DIRECTION('ref_axis',(0.,-0.849464719449677,-0.527645421102355));
#6625=DIRECTION('center_axis',(1.,0.,0.));
#6626=DIRECTION('ref_axis',(0.,-0.849464719449677,-0.527645421102355));
#6627=DIRECTION('',(-1.,0.,0.));
#6628=DIRECTION('center_axis',(1.,0.,0.));
#6629=DIRECTION('ref_axis',(0.,-0.849464719449677,-0.527645421102355));
#6630=DIRECTION('center_axis',(0.,-0.707106781186992,0.707106781186103));
#6631=DIRECTION('ref_axis',(0.,0.707106781186103,0.707106781186992));
#6632=DIRECTION('',(0.,-0.707106781186103,-0.707106781186992));
#6633=DIRECTION('',(-1.,0.,0.));
#6634=DIRECTION('',(0.,-0.707106781186103,-0.707106781186992));
#6635=DIRECTION('center_axis',(0.,-1.,-6.28036983473515E-15));
#6636=DIRECTION('ref_axis',(0.,-6.28036983473515E-15,1.));
#6637=DIRECTION('',(0.,6.28036983473515E-15,-1.));
#6638=DIRECTION('',(-1.,0.,0.));
#6639=DIRECTION('',(0.,6.28036983473515E-15,-1.));
#6640=DIRECTION('center_axis',(0.,-0.707106781186554,-0.707106781186541));
#6641=DIRECTION('ref_axis',(0.,-0.707106781186541,0.707106781186554));
#6642=DIRECTION('',(0.,0.707106781186541,-0.707106781186554));
#6643=DIRECTION('',(-1.,0.,0.));
#6644=DIRECTION('',(0.,0.707106781186541,-0.707106781186554));
#6645=DIRECTION('center_axis',(0.,2.51214793389403E-14,-1.));
#6646=DIRECTION('ref_axis',(0.,-1.,-2.51214793389403E-14));
#6647=DIRECTION('',(0.,1.,2.51214793389403E-14));
#6648=DIRECTION('',(-1.,0.,0.));
#6649=DIRECTION('',(0.,1.,2.51214793389403E-14));
#6650=DIRECTION('center_axis',(0.,0.707106781186312,-0.707106781186783));
#6651=DIRECTION('ref_axis',(0.,-0.707106781186783,-0.707106781186312));
#6652=DIRECTION('',(0.,0.707106781186783,0.707106781186312));
#6653=DIRECTION('',(-1.,0.,0.));
#6654=DIRECTION('',(0.,0.707106781186783,0.707106781186312));
#6655=DIRECTION('center_axis',(-1.,0.,0.));
#6656=DIRECTION('ref_axis',(0.,-0.683955226995412,-0.729523986902182));
#6657=DIRECTION('center_axis',(1.,0.,0.));
#6658=DIRECTION('ref_axis',(0.,-0.683955226995412,-0.729523986902182));
#6659=DIRECTION('',(-1.,0.,0.));
#6660=DIRECTION('center_axis',(1.,0.,0.));
#6661=DIRECTION('ref_axis',(0.,-0.683955226995412,-0.729523986902182));
#6662=DIRECTION('center_axis',(0.,-0.866025403784534,0.499999999999835));
#6663=DIRECTION('ref_axis',(0.,0.499999999999835,0.866025403784534));
#6664=DIRECTION('',(0.,-0.499999999999835,-0.866025403784534));
#6665=DIRECTION('',(-1.,0.,0.));
#6666=DIRECTION('',(0.,-0.499999999999835,-0.866025403784534));
#6667=DIRECTION('center_axis',(0.,-0.965925826289068,-0.258819045102523));
#6668=DIRECTION('ref_axis',(0.,-0.258819045102523,0.965925826289068));
#6669=DIRECTION('',(0.,0.258819045102523,-0.965925826289068));
#6670=DIRECTION('',(-1.,0.,0.));
#6671=DIRECTION('',(0.,0.258819045102523,-0.965925826289068));
#6672=DIRECTION('center_axis',(0.,-0.499999999999997,-0.86602540378444));
#6673=DIRECTION('ref_axis',(0.,-0.86602540378444,0.499999999999997));
#6674=DIRECTION('',(0.,0.86602540378444,-0.499999999999997));
#6675=DIRECTION('',(-1.,0.,0.));
#6676=DIRECTION('',(0.,0.86602540378444,-0.499999999999997));
#6677=DIRECTION('center_axis',(0.,0.258819045102524,-0.965925826289068));
#6678=DIRECTION('ref_axis',(0.,-0.965925826289068,-0.258819045102524));
#6679=DIRECTION('',(0.,0.965925826289068,0.258819045102524));
#6680=DIRECTION('',(-1.,0.,0.));
#6681=DIRECTION('',(0.,0.965925826289067,0.258819045102524));
#6682=DIRECTION('center_axis',(0.,0.866025403784506,-0.499999999999884));
#6683=DIRECTION('ref_axis',(0.,-0.499999999999884,-0.866025403784506));
#6684=DIRECTION('',(0.,0.499999999999884,0.866025403784506));
#6685=DIRECTION('',(-1.,0.,0.));
#6686=DIRECTION('',(0.,0.499999999999884,0.866025403784506));
#6687=DIRECTION('center_axis',(-1.,0.,0.));
#6688=DIRECTION('ref_axis',(0.,-0.471835316110864,-0.881686698590016));
#6689=DIRECTION('center_axis',(1.,0.,0.));
#6690=DIRECTION('ref_axis',(0.,-0.471835316110864,-0.881686698590016));
#6691=DIRECTION('',(-1.,0.,0.));
#6692=DIRECTION('center_axis',(1.,0.,0.));
#6693=DIRECTION('ref_axis',(0.,-0.471835316110864,-0.881686698590016));
#6694=DIRECTION('center_axis',(0.,-0.965925826289033,0.258819045102651));
#6695=DIRECTION('ref_axis',(0.,0.258819045102651,0.965925826289033));
#6696=DIRECTION('',(0.,-0.258819045102651,-0.965925826289033));
#6697=DIRECTION('',(-1.,0.,0.));
#6698=DIRECTION('',(0.,-0.258819045102651,-0.965925826289033));
#6699=DIRECTION('center_axis',(0.,-0.866025403784439,-0.499999999999999));
#6700=DIRECTION('ref_axis',(0.,-0.499999999999999,0.866025403784439));
#6701=DIRECTION('',(0.,0.499999999999999,-0.866025403784439));
#6702=DIRECTION('',(-1.,0.,0.));
#6703=DIRECTION('',(0.,0.499999999999999,-0.866025403784439));
#6704=DIRECTION('center_axis',(0.,-0.258819045102515,-0.96592582628907));
#6705=DIRECTION('ref_axis',(0.,-0.96592582628907,0.258819045102515));
#6706=DIRECTION('',(0.,0.96592582628907,-0.258819045102515));
#6707=DIRECTION('',(-1.,0.,0.));
#6708=DIRECTION('',(0.,0.96592582628907,-0.258819045102515));
#6709=DIRECTION('center_axis',(0.,0.500000000000003,-0.866025403784437));
#6710=DIRECTION('ref_axis',(0.,-0.866025403784437,-0.500000000000003));
#6711=DIRECTION('',(0.,0.866025403784437,0.500000000000003));
#6712=DIRECTION('',(-1.,0.,0.));
#6713=DIRECTION('',(0.,0.866025403784437,0.500000000000003));
#6714=DIRECTION('center_axis',(0.,0.965925826289068,-0.258819045102521));
#6715=DIRECTION('ref_axis',(0.,-0.258819045102521,-0.965925826289068));
#6716=DIRECTION('',(0.,0.258819045102521,0.965925826289068));
#6717=DIRECTION('',(-1.,0.,0.));
#6718=DIRECTION('',(0.,0.258819045102521,0.965925826289068));
#6719=DIRECTION('center_axis',(-1.,0.,0.));
#6720=DIRECTION('ref_axis',(0.,-0.227560608178088,-0.973763918825101));
#6721=DIRECTION('center_axis',(1.,0.,0.));
#6722=DIRECTION('ref_axis',(0.,-0.227560608178088,-0.973763918825101));
#6723=DIRECTION('',(-1.,0.,0.));
#6724=DIRECTION('center_axis',(1.,0.,0.));
#6725=DIRECTION('ref_axis',(0.,-0.227560608178088,-0.973763918825101));
#6726=DIRECTION('center_axis',(0.,-1.,-1.38777878077975E-14));
#6727=DIRECTION('ref_axis',(0.,-1.38777878077975E-14,1.));
#6728=DIRECTION('',(0.,1.38777878077975E-14,-1.));
#6729=DIRECTION('',(-1.,0.,0.));
#6730=DIRECTION('',(0.,1.38777878077975E-14,-1.));
#6731=DIRECTION('center_axis',(0.,-0.707106781186546,-0.707106781186549));
#6732=DIRECTION('ref_axis',(0.,-0.707106781186549,0.707106781186546));
#6733=DIRECTION('',(0.,0.707106781186549,-0.707106781186546));
#6734=DIRECTION('',(-1.,0.,0.));
#6735=DIRECTION('',(0.,0.707106781186549,-0.707106781186546));
#6736=DIRECTION('center_axis',(0.,0.,-1.));
#6737=DIRECTION('ref_axis',(0.,-1.,0.));
#6738=DIRECTION('',(0.,1.,0.));
#6739=DIRECTION('',(-1.,0.,0.));
#6740=DIRECTION('',(0.,1.,0.));
#6741=DIRECTION('center_axis',(0.,0.707106781186546,-0.707106781186549));
#6742=DIRECTION('ref_axis',(0.,-0.707106781186549,-0.707106781186546));
#6743=DIRECTION('',(0.,0.707106781186549,0.707106781186546));
#6744=DIRECTION('',(-1.,0.,0.));
#6745=DIRECTION('',(0.,0.707106781186549,0.707106781186546));
#6746=DIRECTION('center_axis',(0.,1.,0.));
#6747=DIRECTION('ref_axis',(0.,0.,-1.));
#6748=DIRECTION('',(0.,0.,1.));
#6749=DIRECTION('',(-1.,0.,0.));
#6750=DIRECTION('',(0.,0.,1.));
#6751=DIRECTION('center_axis',(-1.,0.,0.));
#6752=DIRECTION('ref_axis',(0.,0.0322219791403389,-0.999480737213219));
#6753=DIRECTION('center_axis',(1.,0.,0.));
#6754=DIRECTION('ref_axis',(0.,0.0322219791403389,-0.999480737213219));
#6755=DIRECTION('',(-1.,0.,0.));
#6756=DIRECTION('center_axis',(1.,0.,0.));
#6757=DIRECTION('ref_axis',(0.,0.0322219791403389,-0.999480737213219));
#6758=DIRECTION('center_axis',(0.,-0.965925826289063,-0.25881904510254));
#6759=DIRECTION('ref_axis',(0.,-0.25881904510254,0.965925826289063));
#6760=DIRECTION('',(0.,0.25881904510254,-0.965925826289063));
#6761=DIRECTION('',(-1.,0.,0.));
#6762=DIRECTION('',(0.,0.25881904510254,-0.965925826289063));
#6763=DIRECTION('center_axis',(0.,-0.500000000000005,-0.866025403784436));
#6764=DIRECTION('ref_axis',(0.,-0.866025403784436,0.500000000000005));
#6765=DIRECTION('',(0.,0.866025403784436,-0.500000000000005));
#6766=DIRECTION('',(-1.,0.,0.));
#6767=DIRECTION('',(0.,0.866025403784436,-0.500000000000005));
#6768=DIRECTION('center_axis',(0.,0.258819045102532,-0.965925826289065));
#6769=DIRECTION('ref_axis',(0.,-0.965925826289065,-0.258819045102532));
#6770=DIRECTION('',(0.,0.965925826289065,0.258819045102532));
#6771=DIRECTION('',(-1.,0.,0.));
#6772=DIRECTION('',(0.,0.965925826289065,0.258819045102532));
#6773=DIRECTION('center_axis',(0.,0.866025403784439,-0.5));
#6774=DIRECTION('ref_axis',(0.,-0.5,-0.866025403784439));
#6775=DIRECTION('',(0.,0.5,0.866025403784439));
#6776=DIRECTION('',(-1.,0.,0.));
#6777=DIRECTION('',(0.,0.5,0.866025403784439));
#6778=DIRECTION('center_axis',(0.,0.965925826289084,0.258819045102462));
#6779=DIRECTION('ref_axis',(0.,0.258819045102462,-0.965925826289084));
#6780=DIRECTION('',(0.,-0.258819045102462,0.965925826289084));
#6781=DIRECTION('',(-1.,0.,0.));
#6782=DIRECTION('',(0.,-0.258819045102462,0.965925826289084));
#6783=DIRECTION('center_axis',(-1.,0.,0.));
#6784=DIRECTION('ref_axis',(0.,0.28980869182969,-0.95708459508027));
#6785=DIRECTION('center_axis',(1.,0.,0.));
#6786=DIRECTION('ref_axis',(0.,0.28980869182969,-0.95708459508027));
#6787=DIRECTION('',(-1.,0.,0.));
#6788=DIRECTION('center_axis',(1.,0.,0.));
#6789=DIRECTION('ref_axis',(0.,0.28980869182969,-0.95708459508027));
#6790=DIRECTION('center_axis',(0.,-0.866025403784423,-0.500000000000027));
#6791=DIRECTION('ref_axis',(0.,-0.500000000000027,0.866025403784423));
#6792=DIRECTION('',(0.,0.500000000000027,-0.866025403784423));
#6793=DIRECTION('',(-1.,0.,0.));
#6794=DIRECTION('',(0.,0.500000000000027,-0.866025403784423));
#6795=DIRECTION('center_axis',(0.,-0.258819045102525,-0.965925826289067));
#6796=DIRECTION('ref_axis',(0.,-0.965925826289067,0.258819045102525));
#6797=DIRECTION('',(0.,0.965925826289067,-0.258819045102525));
#6798=DIRECTION('',(-1.,0.,0.));
#6799=DIRECTION('',(0.,0.965925826289067,-0.258819045102525));
#6800=DIRECTION('center_axis',(0.,0.500000000000003,-0.866025403784437));
#6801=DIRECTION('ref_axis',(0.,-0.866025403784437,-0.500000000000003));
#6802=DIRECTION('',(0.,0.866025403784437,0.500000000000003));
#6803=DIRECTION('',(-1.,0.,0.));
#6804=DIRECTION('',(0.,0.866025403784437,0.500000000000003));
#6805=DIRECTION('center_axis',(0.,0.965925826289069,-0.258819045102517));
#6806=DIRECTION('ref_axis',(0.,-0.258819045102517,-0.965925826289069));
#6807=DIRECTION('',(0.,0.258819045102517,0.965925826289069));
#6808=DIRECTION('',(-1.,0.,0.));
#6809=DIRECTION('',(0.,0.258819045102517,0.965925826289069));
#6810=DIRECTION('center_axis',(0.,0.866025403784286,0.500000000000264));
#6811=DIRECTION('ref_axis',(0.,0.500000000000264,-0.866025403784286));
#6812=DIRECTION('',(0.,-0.500000000000264,0.866025403784286));
#6813=DIRECTION('',(-1.,0.,0.));
#6814=DIRECTION('',(0.,-0.500000000000264,0.866025403784286));
#6815=DIRECTION('center_axis',(-1.,0.,0.));
#6816=DIRECTION('ref_axis',(0.,0.527645421102355,-0.849464719449677));
#6817=DIRECTION('center_axis',(1.,0.,0.));
#6818=DIRECTION('ref_axis',(0.,0.527645421102355,-0.849464719449677));
#6819=DIRECTION('',(-1.,0.,0.));
#6820=DIRECTION('center_axis',(1.,0.,0.));
#6821=DIRECTION('ref_axis',(0.,0.527645421102355,-0.849464719449677));
#6822=DIRECTION('center_axis',(0.,-0.707106781186103,-0.707106781186992));
#6823=DIRECTION('ref_axis',(0.,-0.707106781186992,0.707106781186103));
#6824=DIRECTION('',(0.,0.707106781186992,-0.707106781186103));
#6825=DIRECTION('',(-1.,0.,0.));
#6826=DIRECTION('',(0.,0.707106781186992,-0.707106781186103));
#6827=DIRECTION('center_axis',(0.,0.,-1.));
#6828=DIRECTION('ref_axis',(0.,-1.,0.));
#6829=DIRECTION('',(0.,1.,0.));
#6830=DIRECTION('',(-1.,0.,0.));
#6831=DIRECTION('',(0.,1.,0.));
#6832=DIRECTION('center_axis',(0.,0.707106781186543,-0.707106781186552));
#6833=DIRECTION('ref_axis',(0.,-0.707106781186552,-0.707106781186543));
#6834=DIRECTION('',(0.,0.707106781186552,0.707106781186543));
#6835=DIRECTION('',(-1.,0.,0.));
#6836=DIRECTION('',(0.,0.707106781186552,0.707106781186543));
#6837=DIRECTION('center_axis',(0.,1.,1.88411095042052E-14));
#6838=DIRECTION('ref_axis',(0.,1.88411095042052E-14,-1.));
#6839=DIRECTION('',(0.,-1.88411095042052E-14,1.));
#6840=DIRECTION('',(-1.,0.,0.));
#6841=DIRECTION('',(0.,-1.88411095042052E-14,1.));
#6842=DIRECTION('center_axis',(0.,0.707106781186665,0.70710678118643));
#6843=DIRECTION('ref_axis',(0.,0.70710678118643,-0.707106781186665));
#6844=DIRECTION('',(0.,-0.70710678118643,0.707106781186665));
#6845=DIRECTION('',(-1.,0.,0.));
#6846=DIRECTION('',(0.,-0.70710678118643,0.707106781186665));
#6847=DIRECTION('center_axis',(-1.,0.,0.));
#6848=DIRECTION('ref_axis',(0.,0.729523986902182,-0.683955226995412));
#6849=DIRECTION('center_axis',(1.,0.,0.));
#6850=DIRECTION('ref_axis',(0.,0.729523986902182,-0.683955226995412));
#6851=DIRECTION('',(-1.,0.,0.));
#6852=DIRECTION('center_axis',(1.,0.,0.));
#6853=DIRECTION('ref_axis',(0.,0.729523986902182,-0.683955226995412));
#6854=DIRECTION('center_axis',(0.,-0.499999999999643,-0.866025403784645));
#6855=DIRECTION('ref_axis',(0.,-0.866025403784645,0.499999999999643));
#6856=DIRECTION('',(0.,0.866025403784645,-0.499999999999643));
#6857=DIRECTION('',(-1.,0.,0.));
#6858=DIRECTION('',(0.,0.866025403784645,-0.499999999999643));
#6859=DIRECTION('center_axis',(0.,0.258819045102518,-0.965925826289069));
#6860=DIRECTION('ref_axis',(0.,-0.965925826289069,-0.258819045102518));
#6861=DIRECTION('',(0.,0.965925826289069,0.258819045102518));
#6862=DIRECTION('',(-1.,0.,0.));
#6863=DIRECTION('',(0.,0.965925826289069,0.258819045102518));
#6864=DIRECTION('center_axis',(0.,0.866025403784438,-0.500000000000001));
#6865=DIRECTION('ref_axis',(0.,-0.500000000000001,-0.866025403784438));
#6866=DIRECTION('',(0.,0.500000000000001,0.866025403784438));
#6867=DIRECTION('',(-1.,0.,0.));
#6868=DIRECTION('',(0.,0.500000000000001,0.866025403784438));
#6869=DIRECTION('center_axis',(0.,0.965925826289068,0.258819045102524));
#6870=DIRECTION('ref_axis',(0.,0.258819045102524,-0.965925826289068));
#6871=DIRECTION('',(0.,-0.258819045102524,0.965925826289068));
#6872=DIRECTION('',(-1.,0.,0.));
#6873=DIRECTION('',(0.,-0.258819045102524,0.965925826289067));
#6874=DIRECTION('center_axis',(0.,0.499999999999986,0.866025403784447));
#6875=DIRECTION('ref_axis',(0.,0.866025403784447,-0.499999999999985));
#6876=DIRECTION('',(0.,-0.866025403784447,0.499999999999985));
#6877=DIRECTION('',(-1.,0.,0.));
#6878=DIRECTION('',(0.,-0.866025403784447,0.499999999999985));
#6879=DIRECTION('center_axis',(-1.,0.,0.));
#6880=DIRECTION('ref_axis',(0.,0.881686698590016,-0.471835316110864));
#6881=DIRECTION('center_axis',(1.,0.,0.));
#6882=DIRECTION('ref_axis',(0.,0.881686698590016,-0.471835316110864));
#6883=DIRECTION('',(-1.,0.,0.));
#6884=DIRECTION('center_axis',(1.,0.,0.));
#6885=DIRECTION('ref_axis',(0.,0.881686698590016,-0.471835316110864));
#6886=DIRECTION('center_axis',(0.,-0.258819045102858,-0.965925826288978));
#6887=DIRECTION('ref_axis',(0.,-0.965925826288978,0.258819045102858));
#6888=DIRECTION('',(0.,0.965925826288978,-0.258819045102858));
#6889=DIRECTION('',(-1.,0.,0.));
#6890=DIRECTION('',(0.,0.965925826288978,-0.258819045102858));
#6891=DIRECTION('center_axis',(0.,0.500000000000004,-0.866025403784437));
#6892=DIRECTION('ref_axis',(0.,-0.866025403784437,-0.500000000000004));
#6893=DIRECTION('',(0.,0.866025403784436,0.500000000000004));
#6894=DIRECTION('',(-1.,0.,0.));
#6895=DIRECTION('',(0.,0.866025403784437,0.500000000000004));
#6896=DIRECTION('center_axis',(0.,0.965925826289068,-0.258819045102523));
#6897=DIRECTION('ref_axis',(0.,-0.258819045102523,-0.965925826289068));
#6898=DIRECTION('',(0.,0.258819045102523,0.965925826289068));
#6899=DIRECTION('',(-1.,0.,0.));
#6900=DIRECTION('',(0.,0.258819045102523,0.965925826289068));
#6901=DIRECTION('center_axis',(0.,0.866025403784431,0.500000000000014));
#6902=DIRECTION('ref_axis',(0.,0.500000000000014,-0.866025403784431));
#6903=DIRECTION('',(0.,-0.500000000000014,0.866025403784431));
#6904=DIRECTION('',(-1.,0.,0.));
#6905=DIRECTION('',(0.,-0.500000000000014,0.866025403784431));
#6906=DIRECTION('center_axis',(0.,0.258819045102635,0.965925826289038));
#6907=DIRECTION('ref_axis',(0.,0.965925826289038,-0.258819045102635));
#6908=DIRECTION('',(0.,-0.965925826289038,0.258819045102635));
#6909=DIRECTION('',(-1.,0.,0.));
#6910=DIRECTION('',(0.,-0.965925826289038,0.258819045102635));
#6911=DIRECTION('center_axis',(-1.,0.,0.));
#6912=DIRECTION('ref_axis',(0.,0.973763918825101,-0.227560608178088));
#6913=DIRECTION('center_axis',(1.,0.,0.));
#6914=DIRECTION('ref_axis',(0.,0.973763918825101,-0.227560608178088));
#6915=DIRECTION('',(-1.,0.,0.));
#6916=DIRECTION('center_axis',(1.,0.,0.));
#6917=DIRECTION('ref_axis',(0.,0.973763918825101,-0.227560608178088));
#6918=DIRECTION('center_axis',(0.,1.38777878077975E-14,-1.));
#6919=DIRECTION('ref_axis',(0.,-1.,-1.38777878077975E-14));
#6920=DIRECTION('',(0.,1.,1.38777878077975E-14));
#6921=DIRECTION('',(-1.,0.,0.));
#6922=DIRECTION('',(0.,1.,1.38777878077975E-14));
#6923=DIRECTION('center_axis',(0.,0.707106781186549,-0.707106781186546));
#6924=DIRECTION('ref_axis',(0.,-0.707106781186546,-0.707106781186549));
#6925=DIRECTION('',(0.,0.707106781186546,0.707106781186549));
#6926=DIRECTION('',(0.,0.707106781186546,0.707106781186549));
#6927=DIRECTION('center_axis',(1.,0.,0.));
#6928=DIRECTION('ref_axis',(0.,1.,0.));
#6929=DIRECTION('center_axis',(-1.,0.,0.));
#6930=DIRECTION('ref_axis',(0.,0.,1.));
#6931=CARTESIAN_POINT('',(0.,0.,0.));
#6932=CARTESIAN_POINT('Origin',(2.6,-0.0477355802132822,0.101573556187153));
#6933=CARTESIAN_POINT('',(2.6,-0.747735580213282,0.101573556187153));
#6934=CARTESIAN_POINT('Origin',(2.6,-0.0477355802132822,0.101573556187153));
#6935=CARTESIAN_POINT('',(2.6,0.197213394065044,-0.0884264438128369));
#6936=CARTESIAN_POINT('',(2.6,0.197213394065028,0.291573556187163));
#6937=CARTESIAN_POINT('Origin',(2.6,-0.0477355802132822,0.101573556187153));
#6938=CARTESIAN_POINT('',(2.6,-0.292684554491608,-0.0884264438128369));
#6939=CARTESIAN_POINT('',(2.6,0.0747389069258808,-0.0884264438128369));
#6940=CARTESIAN_POINT('',(2.6,-0.292684554491592,0.291573556187163));
#6941=CARTESIAN_POINT('Origin',(2.6,-0.0477355802132822,0.101573556187153));
#6942=CARTESIAN_POINT('',(2.6,-0.170210067352437,0.291573556187163));
#6943=CARTESIAN_POINT('Origin',(2.,-0.292684554491592,0.291573556187163));
#6944=CARTESIAN_POINT('',(0.0600000000000001,-0.292684554491592,0.291573556187163));
#6945=CARTESIAN_POINT('',(2.,-0.292684554491592,0.291573556187163));
#6946=CARTESIAN_POINT('',(0.0600000000000001,0.197213394065028,0.291573556187163));
#6947=CARTESIAN_POINT('',(0.0600000000000001,-0.170210067352436,0.291573556187163));
#6948=CARTESIAN_POINT('',(2.,0.197213394065028,0.291573556187163));
#6949=CARTESIAN_POINT('Origin',(2.,-0.0477355802132822,0.101573556187153));
#6950=CARTESIAN_POINT('',(0.0600000000000001,-0.292684554491608,-0.0884264438128369));
#6951=CARTESIAN_POINT('',(2.,-0.292684554491608,-0.0884264438128369));
#6952=CARTESIAN_POINT('Origin',(0.0600000000000001,-0.0477355802132822,
0.101573556187153));
#6953=CARTESIAN_POINT('Origin',(2.2712916415679,-0.0477355802132823,0.291573556187163));
#6954=CARTESIAN_POINT('',(2.1212916415679,-0.0477355802132823,-0.0884264438128369));
#6955=CARTESIAN_POINT('Origin',(2.2712916415679,-0.0477355802132823,-0.0884264438128369));
#6956=CARTESIAN_POINT('',(2.1212916415679,-0.0477355802132823,-0.598426443812847));
#6957=CARTESIAN_POINT('',(2.1212916415679,-0.0477355802132823,0.291573556187163));
#6958=CARTESIAN_POINT('',(2.2712916415679,0.102264419786718,-0.582166160371714));
#6959=CARTESIAN_POINT('Ctrl Pts',(2.2712916415679,0.102264419786718,-0.582166160371714));
#6960=CARTESIAN_POINT('Ctrl Pts',(2.25239339732995,0.102264419786718,-0.582166160371714));
#6961=CARTESIAN_POINT('Ctrl Pts',(2.23227708109556,0.0984755671496392,-0.583031012809383));
#6962=CARTESIAN_POINT('Ctrl Pts',(2.19533845435248,0.0831496762106412,-0.586125625087513));
#6963=CARTESIAN_POINT('Ctrl Pts',(2.17851088240027,0.0716156949750534,-0.588307534049269));
#6964=CARTESIAN_POINT('Ctrl Pts',(2.15194135300887,0.0450461655836457,-0.592380452643024));
#6965=CARTESIAN_POINT('Ctrl Pts',(2.14040659981072,0.0282181767724521,-0.594540288959581));
#6966=CARTESIAN_POINT('Ctrl Pts',(2.12508014802328,-0.00872190649042268,
-0.597584073998518));
#6967=CARTESIAN_POINT('Ctrl Pts',(2.1212916415679,-0.0288387394528821,-0.598426443812847));
#6968=CARTESIAN_POINT('Ctrl Pts',(2.1212916415679,-0.0477355802132824,-0.598426443812847));
#6969=CARTESIAN_POINT('Ctrl Pts',(2.1212916415679,-0.0477355802132823,-0.598426443812847));
#6970=CARTESIAN_POINT('Ctrl Pts',(2.1212916415679,-0.0666324209736825,-0.598426443812847));
#6971=CARTESIAN_POINT('Ctrl Pts',(2.12508014802328,-0.086749253936142,-0.597584073998518));
#6972=CARTESIAN_POINT('Ctrl Pts',(2.14040659981072,-0.123689337199017,-0.594540288959581));
#6973=CARTESIAN_POINT('Ctrl Pts',(2.15194135300887,-0.14051732601021,-0.592380452643024));
#6974=CARTESIAN_POINT('Ctrl Pts',(2.17851088240027,-0.167086855401618,-0.588307534049269));
#6975=CARTESIAN_POINT('Ctrl Pts',(2.19533845435248,-0.178620836637206,-0.586125625087513));
#6976=CARTESIAN_POINT('Ctrl Pts',(2.23227708109556,-0.193946727576204,-0.583031012809383));
#6977=CARTESIAN_POINT('Ctrl Pts',(2.25239339732995,-0.197735580213283,-0.582166160371714));
#6978=CARTESIAN_POINT('Ctrl Pts',(2.29018988580586,-0.197735580213283,-0.582166160371714));
#6979=CARTESIAN_POINT('Ctrl Pts',(2.31030620204025,-0.193946727576204,-0.583031012809383));
#6980=CARTESIAN_POINT('Ctrl Pts',(2.34724482878333,-0.178620836637206,-0.586125625087513));
#6981=CARTESIAN_POINT('Ctrl Pts',(2.36407240073553,-0.167086855401618,-0.588307534049269));
#6982=CARTESIAN_POINT('Ctrl Pts',(2.39064193012694,-0.14051732601021,-0.592380452643024));
#6983=CARTESIAN_POINT('Ctrl Pts',(2.40217668332509,-0.123689337199017,-0.594540288959581));
#6984=CARTESIAN_POINT('Ctrl Pts',(2.41750313511253,-0.086749253936142,-0.597584073998518));
#6985=CARTESIAN_POINT('Ctrl Pts',(2.4212916415679,-0.0666324209736826,-0.598426443812847));
#6986=CARTESIAN_POINT('Ctrl Pts',(2.4212916415679,-0.0288387394528821,-0.598426443812847));
#6987=CARTESIAN_POINT('Ctrl Pts',(2.41750313511253,-0.00872190649042265,
-0.597584073998518));
#6988=CARTESIAN_POINT('Ctrl Pts',(2.40217668332509,0.0282181767724521,-0.594540288959581));
#6989=CARTESIAN_POINT('Ctrl Pts',(2.39064193012694,0.0450461655836457,-0.592380452643024));
#6990=CARTESIAN_POINT('Ctrl Pts',(2.36407240073553,0.0716156949750535,-0.588307534049269));
#6991=CARTESIAN_POINT('Ctrl Pts',(2.34724482878333,0.0831496762106412,-0.586125625087513));
#6992=CARTESIAN_POINT('Ctrl Pts',(2.31030620204025,0.0984755671496392,-0.583031012809383));
#6993=CARTESIAN_POINT('Ctrl Pts',(2.29018988580586,0.102264419786718,-0.582166160371714));
#6994=CARTESIAN_POINT('Ctrl Pts',(2.2712916415679,0.102264419786718,-0.582166160371714));
#6995=CARTESIAN_POINT('Origin',(2.,-0.0477355802132822,0.101573556187153));
#6996=CARTESIAN_POINT('',(2.,-0.747735580213282,0.101573556187153));
#6997=CARTESIAN_POINT('',(2.,-0.747735580213282,0.101573556187153));
#6998=CARTESIAN_POINT('Origin',(2.,-0.0477355802132822,0.101573556187153));
#6999=CARTESIAN_POINT('Origin',(2.,-0.0477355802132822,0.101573556187153));
#7000=CARTESIAN_POINT('',(0.0600000000000001,0.197213394065044,-0.0884264438128369));
#7001=CARTESIAN_POINT('Origin',(0.0600000000000001,-0.0477355802132822,
0.101573556187153));
#7002=CARTESIAN_POINT('',(2.,0.197213394065044,-0.0884264438128369));
#7003=CARTESIAN_POINT('Origin',(2.,0.197213394065044,-0.0884264438128369));
#7004=CARTESIAN_POINT('',(0.0600000000000001,0.0747389069258821,-0.0884264438128369));
#7005=CARTESIAN_POINT('Origin',(0.0600000000000001,-2.61063143058348,1.67447178352005));
#7006=CARTESIAN_POINT('',(0.0600000000000001,-2.61063143058348,1.67447178352005));
#7007=CARTESIAN_POINT('',(0.0600000000000001,-2.70763143058348,1.50646285518587));
#7008=CARTESIAN_POINT('',(0.0600000000000001,-2.61063143058348,1.67447178352005));
#7009=CARTESIAN_POINT('',(2.,-2.70763143058348,1.50646285518587));
#7010=CARTESIAN_POINT('',(0.0600000000000001,-2.70763143058348,1.50646285518587));
#7011=CARTESIAN_POINT('',(2.,-2.61063143058348,1.67447178352005));
#7012=CARTESIAN_POINT('',(2.,-2.61063143058348,1.67447178352005));
#7013=CARTESIAN_POINT('',(0.0600000000000001,-2.61063143058348,1.67447178352005));
#7014=CARTESIAN_POINT('Origin',(0.0600000000000001,-2.77864035891766,1.77147178352005));
#7015=CARTESIAN_POINT('',(0.0600000000000001,-2.77864035891766,1.77147178352005));
#7016=CARTESIAN_POINT('',(0.0600000000000001,-2.77864035891766,1.77147178352005));
#7017=CARTESIAN_POINT('',(2.,-2.77864035891766,1.77147178352005));
#7018=CARTESIAN_POINT('',(2.,-2.77864035891766,1.77147178352005));
#7019=CARTESIAN_POINT('',(0.0600000000000001,-2.77864035891766,1.77147178352005));
#7020=CARTESIAN_POINT('Origin',(0.0600000000000001,-0.0477355802132795,
0.101573556187152));
#7021=CARTESIAN_POINT('',(0.0600000000000001,-1.74533479968434,2.8153454497057));
#7022=CARTESIAN_POINT('Origin',(0.0600000000000001,-0.0477355802132795,
0.101573556187152));
#7023=CARTESIAN_POINT('',(2.,-1.74533479968434,2.8153454497057));
#7024=CARTESIAN_POINT('Origin',(2.,-0.0477355802132795,0.101573556187152));
#7025=CARTESIAN_POINT('',(0.0600000000000001,-1.74533479968434,2.8153454497057));
#7026=CARTESIAN_POINT('Origin',(0.0600000000000001,-1.64882830855532,2.64819130381006));
#7027=CARTESIAN_POINT('',(0.0600000000000001,-1.64882830855532,2.64819130381006));
#7028=CARTESIAN_POINT('',(0.0600000000000001,-1.64882830855532,2.64819130381006));
#7029=CARTESIAN_POINT('',(2.,-1.64882830855532,2.64819130381006));
#7030=CARTESIAN_POINT('',(2.,-1.64882830855532,2.64819130381006));
#7031=CARTESIAN_POINT('',(0.0600000000000001,-1.64882830855532,2.64819130381006));
#7032=CARTESIAN_POINT('Origin',(0.0600000000000001,-1.48081938022114,2.74519130381006));
#7033=CARTESIAN_POINT('',(0.0600000000000001,-1.48081938022114,2.74519130381006));
#7034=CARTESIAN_POINT('',(0.0600000000000001,-1.48081938022114,2.74519130381006));
#7035=CARTESIAN_POINT('',(2.,-1.48081938022114,2.74519130381006));
#7036=CARTESIAN_POINT('',(2.,-1.48081938022114,2.74519130381006));
#7037=CARTESIAN_POINT('',(0.0600000000000001,-1.48081938022114,2.74519130381006));
#7038=CARTESIAN_POINT('Origin',(0.0600000000000001,-1.57781938022114,2.91320023214424));
#7039=CARTESIAN_POINT('',(0.0600000000000001,-1.57781938022114,2.91320023214424));
#7040=CARTESIAN_POINT('',(0.0600000000000001,-1.57781938022114,2.91320023214424));
#7041=CARTESIAN_POINT('',(2.,-1.57781938022114,2.91320023214424));
#7042=CARTESIAN_POINT('',(2.,-1.57781938022114,2.91320023214424));
#7043=CARTESIAN_POINT('',(0.0600000000000001,-1.57781938022114,2.91320023214424));
#7044=CARTESIAN_POINT('Origin',(0.0600000000000001,-0.0477355802132795,
0.101573556187152));
#7045=CARTESIAN_POINT('',(0.0600000000000001,-0.161013682960577,3.30056856578594));
#7046=CARTESIAN_POINT('Origin',(0.0600000000000001,-0.0477355802132795,
0.101573556187152));
#7047=CARTESIAN_POINT('',(2.,-0.161013682960577,3.30056856578594));
#7048=CARTESIAN_POINT('Origin',(2.,-0.0477355802132795,0.101573556187152));
#7049=CARTESIAN_POINT('',(0.0600000000000001,-0.161013682960577,3.30056856578594));
#7050=CARTESIAN_POINT('Origin',(0.0600000000000001,-0.161013682960577,3.10755558352792));
#7051=CARTESIAN_POINT('',(0.0600000000000001,-0.161013682960577,3.10755558352792));
#7052=CARTESIAN_POINT('',(0.0600000000000001,-0.161013682960577,3.10755558352792));
#7053=CARTESIAN_POINT('',(2.,-0.161013682960577,3.10755558352792));
#7054=CARTESIAN_POINT('',(2.,-0.161013682960577,3.10755558352792));
#7055=CARTESIAN_POINT('',(0.0600000000000001,-0.161013682960577,3.10755558352792));
#7056=CARTESIAN_POINT('Origin',(0.0600000000000001,0.0329863170394227,3.10755558352792));
#7057=CARTESIAN_POINT('',(0.0600000000000001,0.0329863170394227,3.10755558352792));
#7058=CARTESIAN_POINT('',(0.0600000000000001,0.0329863170394227,3.10755558352792));
#7059=CARTESIAN_POINT('',(2.,0.0329863170394229,3.10755558352792));
#7060=CARTESIAN_POINT('',(2.,0.0329863170394227,3.10755558352792));
#7061=CARTESIAN_POINT('',(0.0600000000000001,0.0329863170394227,3.10755558352792));
#7062=CARTESIAN_POINT('Origin',(0.0600000000000001,0.0329863170394229,3.30155558352792));
#7063=CARTESIAN_POINT('',(0.0600000000000001,0.0329863170394229,3.30155558352792));
#7064=CARTESIAN_POINT('',(0.0600000000000001,0.0329863170394229,3.30155558352792));
#7065=CARTESIAN_POINT('',(2.,0.0329863170394229,3.30155558352792));
#7066=CARTESIAN_POINT('',(2.,0.0329863170394229,3.30155558352792));
#7067=CARTESIAN_POINT('',(0.0600000000000001,0.0329863170394229,3.30155558352792));
#7068=CARTESIAN_POINT('Origin',(0.0600000000000001,-0.0477355802132795,
0.101573556187152));
#7069=CARTESIAN_POINT('',(0.0600000000000001,1.45366020991445,2.928623552453));
#7070=CARTESIAN_POINT('Origin',(0.0600000000000001,-0.0477355802132795,
0.101573556187152));
#7071=CARTESIAN_POINT('',(2.,1.45366020991445,2.928623552453));
#7072=CARTESIAN_POINT('Origin',(2.,-0.0477355802132795,0.101573556187152));
#7073=CARTESIAN_POINT('',(0.0600000000000001,1.45366020991445,2.928623552453));
#7074=CARTESIAN_POINT('Origin',(0.0600000000000001,1.35715371878544,2.76146940655735));
#7075=CARTESIAN_POINT('',(0.0600000000000001,1.35715371878544,2.76146940655735));
#7076=CARTESIAN_POINT('',(0.0600000000000001,1.35715371878544,2.76146940655735));
#7077=CARTESIAN_POINT('',(2.,1.35715371878544,2.76146940655735));
#7078=CARTESIAN_POINT('',(2.,1.35715371878544,2.76146940655735));
#7079=CARTESIAN_POINT('',(0.0600000000000001,1.35715371878544,2.76146940655735));
#7080=CARTESIAN_POINT('Origin',(0.0600000000000001,1.52516264711962,2.66446940655735));
#7081=CARTESIAN_POINT('',(0.0600000000000001,1.52516264711962,2.66446940655735));
#7082=CARTESIAN_POINT('',(0.0600000000000001,1.52516264711962,2.66446940655735));
#7083=CARTESIAN_POINT('',(2.,1.52516264711962,2.66446940655735));
#7084=CARTESIAN_POINT('',(2.,1.52516264711962,2.66446940655735));
#7085=CARTESIAN_POINT('',(0.0600000000000001,1.52516264711962,2.66446940655735));
#7086=CARTESIAN_POINT('Origin',(0.0600000000000001,1.62216264711962,2.83247833489153));
#7087=CARTESIAN_POINT('',(0.0600000000000001,1.62216264711962,2.83247833489153));
#7088=CARTESIAN_POINT('',(0.0600000000000001,1.62216264711962,2.83247833489153));
#7089=CARTESIAN_POINT('',(2.,1.62216264711962,2.83247833489153));
#7090=CARTESIAN_POINT('',(2.,1.62216264711962,2.83247833489153));
#7091=CARTESIAN_POINT('',(0.0600000000000001,1.62216264711962,2.83247833489153));
#7092=CARTESIAN_POINT('Origin',(0.0600000000000001,-0.0477355802132795,
0.101573556187152));
#7093=CARTESIAN_POINT('',(0.0600000000000001,2.66603631330527,1.79917277565821));
#7094=CARTESIAN_POINT('Origin',(0.0600000000000001,-0.0477355802132795,
0.101573556187152));
#7095=CARTESIAN_POINT('',(2.,2.66603631330527,1.79917277565821));
#7096=CARTESIAN_POINT('Origin',(2.,-0.0477355802132795,0.101573556187152));
#7097=CARTESIAN_POINT('',(0.0600000000000001,2.66603631330527,1.79917277565821));
#7098=CARTESIAN_POINT('Origin',(0.0600000000000001,2.49888216740962,1.7026662845292));
#7099=CARTESIAN_POINT('',(0.0600000000000001,2.49888216740962,1.7026662845292));
#7100=CARTESIAN_POINT('',(0.0600000000000001,2.49888216740962,1.7026662845292));
#7101=CARTESIAN_POINT('',(2.,2.49888216740963,1.7026662845292));
#7102=CARTESIAN_POINT('',(2.,2.49888216740962,1.7026662845292));
#7103=CARTESIAN_POINT('',(0.0600000000000001,2.49888216740962,1.7026662845292));
#7104=CARTESIAN_POINT('Origin',(0.0600000000000001,2.59588216740962,1.53465735619502));
#7105=CARTESIAN_POINT('',(0.0600000000000001,2.59588216740962,1.53465735619502));
#7106=CARTESIAN_POINT('',(0.0600000000000001,2.59588216740962,1.53465735619502));
#7107=CARTESIAN_POINT('',(2.,2.59588216740962,1.53465735619502));
#7108=CARTESIAN_POINT('',(2.,2.59588216740962,1.53465735619502));
#7109=CARTESIAN_POINT('',(0.0600000000000001,2.59588216740962,1.53465735619502));
#7110=CARTESIAN_POINT('Origin',(0.0600000000000001,2.76389109574381,1.63165735619502));
#7111=CARTESIAN_POINT('',(0.0600000000000001,2.76389109574381,1.63165735619502));
#7112=CARTESIAN_POINT('',(0.0600000000000001,2.76389109574381,1.63165735619502));
#7113=CARTESIAN_POINT('',(2.,2.76389109574381,1.63165735619502));
#7114=CARTESIAN_POINT('',(2.,2.76389109574381,1.63165735619502));
#7115=CARTESIAN_POINT('',(0.0600000000000001,2.76389109574381,1.63165735619502));
#7116=CARTESIAN_POINT('Origin',(0.0600000000000001,-0.0477355802132795,
0.101573556187152));
#7117=CARTESIAN_POINT('',(0.0600000000000001,3.15125942938551,0.214851658934449));
#7118=CARTESIAN_POINT('Origin',(0.0600000000000001,-0.0477355802132795,
0.101573556187152));
#7119=CARTESIAN_POINT('',(2.,3.15125942938551,0.214851658934449));
#7120=CARTESIAN_POINT('Origin',(2.,-0.0477355802132795,0.101573556187152));
#7121=CARTESIAN_POINT('',(0.0600000000000001,3.15125942938551,0.214851658934449));
#7122=CARTESIAN_POINT('Origin',(0.0600000000000001,2.95824644712749,0.214851658934449));
#7123=CARTESIAN_POINT('',(0.0600000000000001,2.95824644712749,0.214851658934449));
#7124=CARTESIAN_POINT('',(0.0600000000000001,2.95824644712749,0.214851658934449));
#7125=CARTESIAN_POINT('',(2.,2.95824644712749,0.214851658934449));
#7126=CARTESIAN_POINT('',(2.,2.95824644712749,0.214851658934449));
#7127=CARTESIAN_POINT('',(0.0600000000000001,2.95824644712749,0.214851658934449));
#7128=CARTESIAN_POINT('Origin',(0.0600000000000001,2.95824644712749,0.0208516589344495));
#7129=CARTESIAN_POINT('',(0.0600000000000001,2.95824644712749,0.0208516589344495));
#7130=CARTESIAN_POINT('',(0.0600000000000001,2.95824644712749,0.0208516589344495));
#7131=CARTESIAN_POINT('',(2.,2.95824644712749,0.0208516589344495));
#7132=CARTESIAN_POINT('',(2.,2.95824644712749,0.0208516589344495));
#7133=CARTESIAN_POINT('',(0.0600000000000001,2.95824644712749,0.0208516589344495));
#7134=CARTESIAN_POINT('Origin',(0.0600000000000001,3.15224644712749,0.0208516589344494));
#7135=CARTESIAN_POINT('',(0.0600000000000001,3.15224644712749,0.0208516589344494));
#7136=CARTESIAN_POINT('',(0.0600000000000001,3.15224644712749,0.0208516589344494));
#7137=CARTESIAN_POINT('',(2.,3.15224644712749,0.0208516589344493));
#7138=CARTESIAN_POINT('',(2.,3.15224644712749,0.0208516589344494));
#7139=CARTESIAN_POINT('',(0.0600000000000001,3.15224644712749,0.0208516589344494));
#7140=CARTESIAN_POINT('Origin',(0.0600000000000001,-0.0477355802132795,
0.101573556187152));
#7141=CARTESIAN_POINT('',(0.0600000000000001,2.77931441605257,-1.39982223394058));
#7142=CARTESIAN_POINT('Origin',(0.0600000000000001,-0.0477355802132795,
0.101573556187152));
#7143=CARTESIAN_POINT('',(2.,2.77931441605257,-1.39982223394058));
#7144=CARTESIAN_POINT('Origin',(2.,-0.0477355802132795,0.101573556187152));
#7145=CARTESIAN_POINT('',(0.0600000000000001,2.77931441605257,-1.39982223394058));
#7146=CARTESIAN_POINT('Origin',(0.0600000000000001,2.61216027015692,-1.30331574281157));
#7147=CARTESIAN_POINT('',(0.0600000000000001,2.61216027015692,-1.30331574281157));
#7148=CARTESIAN_POINT('',(0.0600000000000001,2.61216027015692,-1.30331574281157));
#7149=CARTESIAN_POINT('',(2.,2.61216027015692,-1.30331574281157));
#7150=CARTESIAN_POINT('',(2.,2.61216027015692,-1.30331574281157));
#7151=CARTESIAN_POINT('',(0.0600000000000001,2.61216027015692,-1.30331574281157));
#7152=CARTESIAN_POINT('Origin',(0.0600000000000001,2.51516027015692,-1.47132467114575));
#7153=CARTESIAN_POINT('',(0.0600000000000001,2.51516027015692,-1.47132467114575));
#7154=CARTESIAN_POINT('',(0.0600000000000001,2.51516027015692,-1.47132467114575));
#7155=CARTESIAN_POINT('',(2.,2.51516027015692,-1.47132467114575));
#7156=CARTESIAN_POINT('',(2.,2.51516027015692,-1.47132467114575));
#7157=CARTESIAN_POINT('',(0.0600000000000001,2.51516027015692,-1.47132467114575));
#7158=CARTESIAN_POINT('Origin',(0.0600000000000001,2.6831691984911,-1.56832467114575));
#7159=CARTESIAN_POINT('',(0.0600000000000001,2.6831691984911,-1.56832467114575));
#7160=CARTESIAN_POINT('',(0.0600000000000001,2.6831691984911,-1.56832467114575));
#7161=CARTESIAN_POINT('',(2.,2.6831691984911,-1.56832467114575));
#7162=CARTESIAN_POINT('',(2.,2.6831691984911,-1.56832467114575));
#7163=CARTESIAN_POINT('',(0.0600000000000001,2.6831691984911,-1.56832467114575));
#7164=CARTESIAN_POINT('Origin',(0.0600000000000001,-0.0477355802132795,
0.101573556187152));
#7165=CARTESIAN_POINT('',(0.0600000000000001,1.64986363925778,-2.6121983373314));
#7166=CARTESIAN_POINT('Origin',(0.0600000000000001,-0.0477355802132795,
0.101573556187152));
#7167=CARTESIAN_POINT('',(2.,1.64986363925778,-2.6121983373314));
#7168=CARTESIAN_POINT('Origin',(2.,-0.0477355802132795,0.101573556187152));
#7169=CARTESIAN_POINT('',(0.0600000000000001,1.64986363925778,-2.6121983373314));
#7170=CARTESIAN_POINT('Origin',(0.0600000000000001,1.55335714812877,-2.44504419143575));
#7171=CARTESIAN_POINT('',(0.0600000000000001,1.55335714812877,-2.44504419143575));
#7172=CARTESIAN_POINT('',(0.0600000000000001,1.55335714812877,-2.44504419143575));
#7173=CARTESIAN_POINT('',(2.,1.55335714812877,-2.44504419143575));
#7174=CARTESIAN_POINT('',(2.,1.55335714812877,-2.44504419143575));
#7175=CARTESIAN_POINT('',(0.0600000000000001,1.55335714812877,-2.44504419143575));
#7176=CARTESIAN_POINT('Origin',(0.0600000000000001,1.38534821979459,-2.54204419143575));
#7177=CARTESIAN_POINT('',(0.0600000000000001,1.38534821979459,-2.54204419143575));
#7178=CARTESIAN_POINT('',(0.0600000000000001,1.38534821979459,-2.54204419143575));
#7179=CARTESIAN_POINT('',(2.,1.38534821979459,-2.54204419143575));
#7180=CARTESIAN_POINT('',(2.,1.38534821979459,-2.54204419143575));
#7181=CARTESIAN_POINT('',(0.0600000000000001,1.38534821979459,-2.54204419143575));
#7182=CARTESIAN_POINT('Origin',(0.0600000000000001,1.48234821979459,-2.71005311976993));
#7183=CARTESIAN_POINT('',(0.0600000000000001,1.48234821979459,-2.71005311976993));
#7184=CARTESIAN_POINT('',(0.0600000000000001,1.48234821979459,-2.71005311976993));
#7185=CARTESIAN_POINT('',(2.,1.48234821979459,-2.71005311976993));
#7186=CARTESIAN_POINT('',(2.,1.48234821979459,-2.71005311976993));
#7187=CARTESIAN_POINT('',(0.0600000000000001,1.48234821979459,-2.71005311976993));
#7188=CARTESIAN_POINT('Origin',(0.0600000000000001,-0.0477355802132795,
0.101573556187152));
#7189=CARTESIAN_POINT('',(0.0600000000000001,0.0655425225340184,-3.09742145341164));
#7190=CARTESIAN_POINT('Origin',(0.0600000000000001,-0.0477355802132795,
0.101573556187152));
#7191=CARTESIAN_POINT('',(2.,0.0655425225340182,-3.09742145341164));
#7192=CARTESIAN_POINT('Origin',(2.,-0.0477355802132795,0.101573556187152));
#7193=CARTESIAN_POINT('',(0.0600000000000001,0.0655425225340184,-3.09742145341164));
#7194=CARTESIAN_POINT('Origin',(0.0600000000000001,0.0655425225340185,-2.90440847115362));
#7195=CARTESIAN_POINT('',(0.0600000000000001,0.0655425225340185,-2.90440847115362));
#7196=CARTESIAN_POINT('',(0.0600000000000001,0.0655425225340185,-2.90440847115362));
#7197=CARTESIAN_POINT('',(2.,0.0655425225340187,-2.90440847115362));
#7198=CARTESIAN_POINT('',(2.,0.0655425225340185,-2.90440847115362));
#7199=CARTESIAN_POINT('',(0.0600000000000001,0.0655425225340185,-2.90440847115362));
#7200=CARTESIAN_POINT('Origin',(0.0600000000000001,-0.128457477465982,-2.90440847115362));
#7201=CARTESIAN_POINT('',(0.0600000000000001,-0.128457477465982,-2.90440847115362));
#7202=CARTESIAN_POINT('',(0.0600000000000001,-0.128457477465982,-2.90440847115362));
#7203=CARTESIAN_POINT('',(2.,-0.128457477465982,-2.90440847115362));
#7204=CARTESIAN_POINT('',(2.,-0.128457477465982,-2.90440847115362));
#7205=CARTESIAN_POINT('',(0.0600000000000001,-0.128457477465982,-2.90440847115362));
#7206=CARTESIAN_POINT('Origin',(0.0600000000000001,-0.128457477465982,-3.09840847115362));
#7207=CARTESIAN_POINT('',(0.0600000000000001,-0.128457477465982,-3.09840847115362));
#7208=CARTESIAN_POINT('',(0.0600000000000001,-0.128457477465982,-3.09840847115362));
#7209=CARTESIAN_POINT('',(2.,-0.128457477465982,-3.09840847115362));
#7210=CARTESIAN_POINT('',(2.,-0.128457477465982,-3.09840847115362));
#7211=CARTESIAN_POINT('',(0.0600000000000001,-0.128457477465982,-3.09840847115362));
#7212=CARTESIAN_POINT('Origin',(0.0600000000000001,-0.0477355802132795,
0.101573556187152));
#7213=CARTESIAN_POINT('',(0.0600000000000001,-1.54913137034101,-2.72547644007869));
#7214=CARTESIAN_POINT('Origin',(0.0600000000000001,-0.0477355802132795,
0.101573556187152));
#7215=CARTESIAN_POINT('',(2.,-1.54913137034101,-2.72547644007869));
#7216=CARTESIAN_POINT('Origin',(2.,-0.0477355802132795,0.101573556187152));
#7217=CARTESIAN_POINT('',(0.0600000000000001,-1.54913137034101,-2.72547644007869));
#7218=CARTESIAN_POINT('Origin',(0.0600000000000001,-1.452624879212,-2.55832229418305));
#7219=CARTESIAN_POINT('',(0.0600000000000001,-1.452624879212,-2.55832229418305));
#7220=CARTESIAN_POINT('',(0.0600000000000001,-1.452624879212,-2.55832229418305));
#7221=CARTESIAN_POINT('',(2.,-1.452624879212,-2.55832229418305));
#7222=CARTESIAN_POINT('',(2.,-1.452624879212,-2.55832229418305));
#7223=CARTESIAN_POINT('',(0.0600000000000001,-1.452624879212,-2.55832229418305));
#7224=CARTESIAN_POINT('Origin',(0.0600000000000001,-1.62063380754618,-2.46132229418305));
#7225=CARTESIAN_POINT('',(0.0600000000000001,-1.62063380754618,-2.46132229418305));
#7226=CARTESIAN_POINT('',(0.0600000000000001,-1.62063380754618,-2.46132229418305));
#7227=CARTESIAN_POINT('',(2.,-1.62063380754618,-2.46132229418305));
#7228=CARTESIAN_POINT('',(2.,-1.62063380754618,-2.46132229418305));
#7229=CARTESIAN_POINT('',(0.0600000000000001,-1.62063380754618,-2.46132229418305));
#7230=CARTESIAN_POINT('Origin',(0.0600000000000001,-1.71763380754618,-2.62933122251723));
#7231=CARTESIAN_POINT('',(0.0600000000000001,-1.71763380754618,-2.62933122251723));
#7232=CARTESIAN_POINT('',(0.0600000000000001,-1.71763380754618,-2.62933122251723));
#7233=CARTESIAN_POINT('',(2.,-1.71763380754618,-2.62933122251723));
#7234=CARTESIAN_POINT('',(2.,-1.71763380754618,-2.62933122251723));
#7235=CARTESIAN_POINT('',(0.0600000000000001,-1.71763380754618,-2.62933122251723));
#7236=CARTESIAN_POINT('Origin',(0.0600000000000001,-0.0477355802132795,
0.101573556187152));
#7237=CARTESIAN_POINT('',(0.0600000000000001,-2.76150747373183,-1.59602566328391));
#7238=CARTESIAN_POINT('Origin',(0.0600000000000001,-0.0477355802132795,
0.101573556187152));
#7239=CARTESIAN_POINT('',(2.,-2.76150747373183,-1.59602566328391));
#7240=CARTESIAN_POINT('Origin',(2.,-0.0477355802132795,0.101573556187152));
#7241=CARTESIAN_POINT('',(0.0600000000000001,-2.76150747373183,-1.59602566328391));
#7242=CARTESIAN_POINT('Origin',(0.0600000000000001,-2.59435332783618,-1.4995191721549));
#7243=CARTESIAN_POINT('',(0.0600000000000001,-2.59435332783618,-1.4995191721549));
#7244=CARTESIAN_POINT('',(0.0600000000000001,-2.59435332783618,-1.4995191721549));
#7245=CARTESIAN_POINT('',(2.,-2.59435332783618,-1.4995191721549));
#7246=CARTESIAN_POINT('',(2.,-2.59435332783618,-1.4995191721549));
#7247=CARTESIAN_POINT('',(0.0600000000000001,-2.59435332783618,-1.4995191721549));
#7248=CARTESIAN_POINT('Origin',(0.0600000000000001,-2.69135332783618,-1.33151024382071));
#7249=CARTESIAN_POINT('',(0.0600000000000001,-2.69135332783618,-1.33151024382071));
#7250=CARTESIAN_POINT('',(0.0600000000000001,-2.69135332783618,-1.33151024382071));
#7251=CARTESIAN_POINT('',(2.,-2.69135332783618,-1.33151024382071));
#7252=CARTESIAN_POINT('',(2.,-2.69135332783618,-1.33151024382071));
#7253=CARTESIAN_POINT('',(0.0600000000000001,-2.69135332783618,-1.33151024382071));
#7254=CARTESIAN_POINT('Origin',(0.0600000000000001,-2.85936225617036,-1.42851024382071));
#7255=CARTESIAN_POINT('',(0.0600000000000001,-2.85936225617036,-1.42851024382071));
#7256=CARTESIAN_POINT('',(0.0600000000000001,-2.85936225617036,-1.42851024382071));
#7257=CARTESIAN_POINT('',(2.,-2.85936225617036,-1.42851024382071));
#7258=CARTESIAN_POINT('',(2.,-2.85936225617036,-1.42851024382071));
#7259=CARTESIAN_POINT('',(0.0600000000000001,-2.85936225617036,-1.42851024382071));
#7260=CARTESIAN_POINT('Origin',(0.0600000000000001,-0.0477355802132795,
0.101573556187152));
#7261=CARTESIAN_POINT('',(0.0600000000000001,-3.24673058981207,-0.0117045465601466));
#7262=CARTESIAN_POINT('Origin',(0.0600000000000001,-0.0477355802132795,
0.101573556187152));
#7263=CARTESIAN_POINT('',(2.,-3.24673058981207,-0.0117045465601466));
#7264=CARTESIAN_POINT('Origin',(2.,-0.0477355802132795,0.101573556187152));
#7265=CARTESIAN_POINT('',(0.0600000000000001,-3.24673058981207,-0.0117045465601466));
#7266=CARTESIAN_POINT('Origin',(0.0600000000000001,-3.05371760755405,-0.0117045465601466));
#7267=CARTESIAN_POINT('',(0.0600000000000001,-3.05371760755405,-0.0117045465601466));
#7268=CARTESIAN_POINT('',(0.0600000000000001,-3.05371760755405,-0.0117045465601466));
#7269=CARTESIAN_POINT('',(2.,-3.05371760755405,-0.0117045465601466));
#7270=CARTESIAN_POINT('',(2.,-3.05371760755405,-0.0117045465601466));
#7271=CARTESIAN_POINT('',(0.0600000000000001,-3.05371760755405,-0.0117045465601466));
#7272=CARTESIAN_POINT('Origin',(0.0600000000000001,-3.05371760755405,0.182295453439854));
#7273=CARTESIAN_POINT('',(0.0600000000000001,-3.05371760755405,0.182295453439854));
#7274=CARTESIAN_POINT('',(0.0600000000000001,-3.05371760755405,0.182295453439854));
#7275=CARTESIAN_POINT('',(2.,-3.05371760755405,0.182295453439854));
#7276=CARTESIAN_POINT('',(2.,-3.05371760755405,0.182295453439854));
#7277=CARTESIAN_POINT('',(0.0600000000000001,-3.05371760755405,0.182295453439854));
#7278=CARTESIAN_POINT('Origin',(0.0600000000000001,-3.24771760755405,0.182295453439853));
#7279=CARTESIAN_POINT('',(0.0600000000000001,-3.24771760755405,0.182295453439853));
#7280=CARTESIAN_POINT('',(0.0600000000000001,-3.24771760755405,0.182295453439853));
#7281=CARTESIAN_POINT('',(2.,-3.24771760755405,0.182295453439854));
#7282=CARTESIAN_POINT('',(2.,-3.24771760755405,0.182295453439853));
#7283=CARTESIAN_POINT('',(0.0600000000000001,-3.24771760755405,0.182295453439853));
#7284=CARTESIAN_POINT('Origin',(0.0600000000000001,-0.0477355802132795,
0.101573556187152));
#7285=CARTESIAN_POINT('',(0.0600000000000001,-2.87478557647913,1.60296934631489));
#7286=CARTESIAN_POINT('Origin',(0.0600000000000001,-0.0477355802132795,
0.101573556187152));
#7287=CARTESIAN_POINT('',(2.,-2.87478557647913,1.60296934631489));
#7288=CARTESIAN_POINT('Origin',(2.,-0.0477355802132795,0.101573556187152));
#7289=CARTESIAN_POINT('',(0.0600000000000001,-2.87478557647913,1.60296934631489));
#7290=CARTESIAN_POINT('Origin',(0.0600000000000001,-2.70763143058348,1.50646285518587));
#7291=CARTESIAN_POINT('',(0.0600000000000001,-2.70763143058348,1.50646285518587));
#7292=CARTESIAN_POINT('',(2.,-2.70763143058348,1.50646285518587));
#7293=CARTESIAN_POINT('Origin',(2.,-0.0477355802132795,0.101573556187152));
#7294=CARTESIAN_POINT('Origin',(0.0600000000000001,-0.0477355802132795,
0.101573556187152));
#7295=CARTESIAN_POINT('Origin',(0.0600000000000001,-3.24722409868306,0.00457355618714594));
#7296=CARTESIAN_POINT('',(0.0600000000000001,-3.24673058981207,-0.0117045465601466));
#7297=CARTESIAN_POINT('',(0.0600000000000001,-3.24771760755405,-0.0117045465601466));
#7298=CARTESIAN_POINT('',(0.0600000000000001,-3.05371760755405,-0.0117045465601466));
#7299=CARTESIAN_POINT('',(0.0600000000000001,-3.24771760755405,0.0208516589344384));
#7300=CARTESIAN_POINT('',(0.0600000000000001,-3.24771760755405,-0.0117045465601466));
#7301=CARTESIAN_POINT('Origin',(0.0600000000000001,-0.0477355802132795,
0.101573556187152));
#7302=CARTESIAN_POINT('Origin',(2.,-3.24722409868306,0.00457355618714594));
#7303=CARTESIAN_POINT('',(2.,-3.24771760755405,-0.0117045465601466));
#7304=CARTESIAN_POINT('',(2.,-3.24673058981207,-0.0117045465601466));
#7305=CARTESIAN_POINT('',(2.,-3.05371760755405,-0.0117045465601466));
#7306=CARTESIAN_POINT('',(2.,-3.24771760755405,0.0208516589344384));
#7307=CARTESIAN_POINT('Origin',(2.,-0.0477355802132795,0.101573556187152));
#7308=CARTESIAN_POINT('',(2.,-3.24771760755405,-0.0117045465601466));
#7309=CARTESIAN_POINT('Origin',(0.0600000000000001,-3.24771760755405,-0.0117045465601466));
#7310=CARTESIAN_POINT('',(0.0600000000000001,-3.24673058981207,-0.0117045465601466));
#7311=CARTESIAN_POINT('',(0.0600000000000001,-3.24771760755405,-0.0117045465601466));
#7312=CARTESIAN_POINT('Origin',(0.0600000000000001,-0.0477355802132795,
0.101573556187152));
#7313=CARTESIAN_POINT('',(0.0600000000000001,-3.24771760755405,0.0208516589344384));
#7314=CARTESIAN_POINT('Origin',(0.0600000000000001,-3.24771760755405,0.0208516589344384));
#7315=CARTESIAN_POINT('Origin',(2.,-0.0477355802132795,0.101573556187152));
#7316=CARTESIAN_POINT('',(0.0600000000000001,2.69662087538723,-1.5648904052005));
#7317=CARTESIAN_POINT('',(0.0600000000000001,1.64648010575746,-2.62573788539973));
#7318=CARTESIAN_POINT('Origin',(0.0600000000000001,-0.0477355802132795,
0.101573556187152));
#7319=CARTESIAN_POINT('',(2.,1.64648010575746,-2.62573788539973));
#7320=CARTESIAN_POINT('',(2.,1.64648010575746,-2.62573788539973));
#7321=CARTESIAN_POINT('',(2.,2.69662087538723,-1.5648904052005));
#7322=CARTESIAN_POINT('Origin',(2.,-0.0477355802132795,0.101573556187152));
#7323=CARTESIAN_POINT('',(2.,2.69662087538723,-1.5648904052005));
#7324=CARTESIAN_POINT('Origin',(2.,1.54980670171206,-2.45829463785246));
#7325=CARTESIAN_POINT('',(0.0600000000000001,1.54980670171206,-2.45829463785246));
#7326=CARTESIAN_POINT('',(0.0600000000000001,0.795886194876867,-1.15246601514583));
#7327=CARTESIAN_POINT('',(2.,1.54980670171206,-2.45829463785246));
#7328=CARTESIAN_POINT('',(2.,1.54980670171206,-2.45829463785246));
#7329=CARTESIAN_POINT('',(2.,1.54980670171206,-2.45829463785246));
#7330=CARTESIAN_POINT('Origin',(2.,1.39859866621129,-2.54559463785246));
#7331=CARTESIAN_POINT('',(0.0600000000000001,1.39859866621129,-2.54559463785246));
#7332=CARTESIAN_POINT('',(0.0600000000000001,1.4293520498342,-2.52783916353929));
#7333=CARTESIAN_POINT('',(2.,1.39859866621129,-2.54559463785246));
#7334=CARTESIAN_POINT('',(2.,1.39859866621129,-2.54559463785246));
#7335=CARTESIAN_POINT('',(2.,1.39859866621129,-2.54559463785246));
#7336=CARTESIAN_POINT('Origin',(2.,1.49571484668276,-2.71380479666606));
#7337=CARTESIAN_POINT('',(0.0600000000000001,1.49571484668276,-2.71380479666606));
#7338=CARTESIAN_POINT('',(0.0600000000000001,0.693236249611823,-1.32387109455264));
#7339=CARTESIAN_POINT('',(2.,1.49571484668276,-2.71380479666606));
#7340=CARTESIAN_POINT('',(2.,1.49571484668276,-2.71380479666606));
#7341=CARTESIAN_POINT('',(2.,1.49571484668276,-2.71380479666606));
#7342=CARTESIAN_POINT('Origin',(2.,-0.0477355802132795,0.101573556187152));
#7343=CARTESIAN_POINT('',(0.0600000000000001,0.0558425225340184,-3.10745527924441));
#7344=CARTESIAN_POINT('Origin',(0.0600000000000001,-0.0477355802132795,
0.101573556187152));
#7345=CARTESIAN_POINT('',(2.,0.0558425225340184,-3.10745527924441));
#7346=CARTESIAN_POINT('',(2.,0.0558425225340184,-3.10745527924441));
#7347=CARTESIAN_POINT('Origin',(2.,-0.0477355802132795,0.101573556187152));
#7348=CARTESIAN_POINT('Origin',(2.,0.0558425225340184,-2.91410847115361));
#7349=CARTESIAN_POINT('',(0.0600000000000001,0.0558425225340184,-2.91410847115361));
#7350=CARTESIAN_POINT('',(0.0600000000000001,0.0558425225340183,-1.40626745748323));
#7351=CARTESIAN_POINT('',(2.,0.0558425225340184,-2.91410847115361));
#7352=CARTESIAN_POINT('',(2.,0.0558425225340184,-2.91410847115361));
#7353=CARTESIAN_POINT('',(2.,0.0558425225340184,-2.91410847115361));
#7354=CARTESIAN_POINT('Origin',(2.,-0.118757477465982,-2.91410847115361));
#7355=CARTESIAN_POINT('',(0.0600000000000001,-0.118757477465982,-2.91410847115361));
#7356=CARTESIAN_POINT('',(0.0600000000000001,-0.0832465288396307,-2.91410847115361));
#7357=CARTESIAN_POINT('',(2.,-0.118757477465982,-2.91410847115361));
#7358=CARTESIAN_POINT('',(2.,-0.118757477465982,-2.91410847115361));
#7359=CARTESIAN_POINT('',(2.,-0.118757477465982,-2.91410847115361));
#7360=CARTESIAN_POINT('Origin',(2.,-0.118757477465983,-3.10834083209653));
#7361=CARTESIAN_POINT('',(0.0600000000000001,-0.118757477465983,-3.10834083209653));
#7362=CARTESIAN_POINT('',(0.0600000000000001,-0.118757477465971,-1.50338363795469));
#7363=CARTESIAN_POINT('',(2.,-0.118757477465983,-3.10834083209653));
#7364=CARTESIAN_POINT('',(2.,-0.118757477465983,-3.10834083209653));
#7365=CARTESIAN_POINT('',(2.,-0.118757477465983,-3.10834083209653));
#7366=CARTESIAN_POINT('Origin',(2.,-0.0477355802132795,0.101573556187152));
#7367=CARTESIAN_POINT('',(0.0600000000000001,-1.56254872967411,-2.72931598814703));
#7368=CARTESIAN_POINT('Origin',(0.0600000000000001,-0.0477355802132795,
0.101573556187152));
#7369=CARTESIAN_POINT('',(2.,-1.56254872967411,-2.72931598814703));
#7370=CARTESIAN_POINT('',(2.,-1.56254872967411,-2.72931598814703));
#7371=CARTESIAN_POINT('Origin',(2.,-0.0477355802132795,0.101573556187152));
#7372=CARTESIAN_POINT('Origin',(2.,-1.46587532562871,-2.56187274059976));
#7373=CARTESIAN_POINT('',(0.0600000000000001,-1.46587532562871,-2.56187274059976));
#7374=CARTESIAN_POINT('',(0.0600000000000001,-0.711954818793515,-1.25604411789313));
#7375=CARTESIAN_POINT('',(2.,-1.46587532562871,-2.56187274059976));
#7376=CARTESIAN_POINT('',(2.,-1.46587532562871,-2.56187274059976));
#7377=CARTESIAN_POINT('',(2.,-1.46587532562871,-2.56187274059976));
#7378=CARTESIAN_POINT('Origin',(2.,-1.61708336112947,-2.47457274059976));
#7379=CARTESIAN_POINT('',(0.0600000000000001,-1.61708336112947,-2.47457274059976));
#7380=CARTESIAN_POINT('',(0.0600000000000001,-1.58632997750657,-2.49232821491294));
#7381=CARTESIAN_POINT('',(2.,-1.61708336112947,-2.47457274059976));
#7382=CARTESIAN_POINT('',(2.,-1.61708336112947,-2.47457274059976));
#7383=CARTESIAN_POINT('',(2.,-1.61708336112947,-2.47457274059976));
#7384=CARTESIAN_POINT('Origin',(2.,-1.71419954160093,-2.64278289941335));
#7385=CARTESIAN_POINT('',(0.0600000000000001,-1.71419954160093,-2.64278289941335));
#7386=CARTESIAN_POINT('',(0.0600000000000001,-0.911720944529987,-1.25284919729994));
#7387=CARTESIAN_POINT('',(2.,-1.71419954160093,-2.64278289941335));
#7388=CARTESIAN_POINT('',(2.,-1.71419954160093,-2.64278289941335));
#7389=CARTESIAN_POINT('',(2.,-1.71419954160093,-2.64278289941335));
#7390=CARTESIAN_POINT('Origin',(2.,-0.0477355802132795,0.101573556187152));
#7391=CARTESIAN_POINT('',(0.0600000000000001,-2.77504702180016,-1.59264212978359));
#7392=CARTESIAN_POINT('Origin',(0.0600000000000001,-0.0477355802132795,
0.101573556187152));
#7393=CARTESIAN_POINT('',(2.,-2.77504702180016,-1.59264212978359));
#7394=CARTESIAN_POINT('',(2.,-2.77504702180016,-1.59264212978359));
#7395=CARTESIAN_POINT('Origin',(2.,-0.0477355802132795,0.101573556187152));
#7396=CARTESIAN_POINT('Origin',(2.,-2.60760377425289,-1.49596872573819));
#7397=CARTESIAN_POINT('',(0.0600000000000001,-2.60760377425289,-1.49596872573819));
#7398=CARTESIAN_POINT('',(0.0600000000000001,-1.30177515154626,-0.742048218902999));
#7399=CARTESIAN_POINT('',(2.,-2.60760377425289,-1.49596872573819));
#7400=CARTESIAN_POINT('',(2.,-2.60760377425289,-1.49596872573819));
#7401=CARTESIAN_POINT('',(2.,-2.60760377425289,-1.49596872573819));
#7402=CARTESIAN_POINT('Origin',(2.,-2.69490377425289,-1.34476069023742));
#7403=CARTESIAN_POINT('',(0.0600000000000001,-2.69490377425289,-1.34476069023742));
#7404=CARTESIAN_POINT('',(0.0600000000000001,-2.67714829993972,-1.37551407386033));
#7405=CARTESIAN_POINT('',(2.,-2.69490377425289,-1.34476069023742));
#7406=CARTESIAN_POINT('',(2.,-2.69490377425289,-1.34476069023742));
#7407=CARTESIAN_POINT('',(2.,-2.69490377425289,-1.34476069023742));
#7408=CARTESIAN_POINT('Origin',(2.,-2.86311393306649,-1.44187687070888));
#7409=CARTESIAN_POINT('',(0.0600000000000001,-2.86311393306649,-1.44187687070888));
#7410=CARTESIAN_POINT('',(0.0600000000000001,-1.47318023095306,-0.639398273637958));
#7411=CARTESIAN_POINT('',(2.,-2.86311393306649,-1.44187687070888));
#7412=CARTESIAN_POINT('',(2.,-2.86311393306649,-1.44187687070888));
#7413=CARTESIAN_POINT('',(2.,-2.86311393306649,-1.44187687070888));
#7414=CARTESIAN_POINT('Origin',(2.,-0.0477355802132795,0.101573556187152));
#7415=CARTESIAN_POINT('',(0.0600000000000001,-3.25676441564485,-0.00200454656014651));
#7416=CARTESIAN_POINT('Origin',(0.0600000000000001,-0.0477355802132795,
0.101573556187152));
#7417=CARTESIAN_POINT('',(2.,-3.25676441564485,-0.00200454656014651));
#7418=CARTESIAN_POINT('',(2.,-3.25676441564485,-0.00200454656014651));
#7419=CARTESIAN_POINT('Origin',(2.,-0.0477355802132795,0.101573556187152));
#7420=CARTESIAN_POINT('Origin',(2.,-3.06341760755405,-0.00200454656014652));
#7421=CARTESIAN_POINT('',(0.0600000000000001,-3.06341760755405,-0.00200454656014652));
#7422=CARTESIAN_POINT('',(0.0600000000000001,-1.55557659388366,-0.00200454656014663));
#7423=CARTESIAN_POINT('',(2.,-3.06341760755405,-0.00200454656014652));
#7424=CARTESIAN_POINT('',(2.,-3.06341760755405,-0.00200454656014652));
#7425=CARTESIAN_POINT('',(2.,-3.06341760755405,-0.00200454656014652));
#7426=CARTESIAN_POINT('Origin',(2.,-3.06341760755405,0.172595453439853));
#7427=CARTESIAN_POINT('',(0.0600000000000001,-3.06341760755405,0.172595453439853));
#7428=CARTESIAN_POINT('',(0.0600000000000001,-3.06341760755405,0.137084504813502));
#7429=CARTESIAN_POINT('',(2.,-3.06341760755405,0.172595453439853));
#7430=CARTESIAN_POINT('',(2.,-3.06341760755405,0.172595453439853));
#7431=CARTESIAN_POINT('',(2.,-3.06341760755405,0.172595453439853));
#7432=CARTESIAN_POINT('Origin',(2.,-3.25764996849697,0.172595453439855));
#7433=CARTESIAN_POINT('',(0.0600000000000001,-3.25764996849697,0.172595453439855));
#7434=CARTESIAN_POINT('',(0.0600000000000001,-1.65269277435512,0.17259545343984));
#7435=CARTESIAN_POINT('',(2.,-3.25764996849697,0.172595453439855));
#7436=CARTESIAN_POINT('',(2.,-3.25764996849697,0.172595453439855));
#7437=CARTESIAN_POINT('',(2.,-3.25764996849697,0.172595453439855));
#7438=CARTESIAN_POINT('Origin',(2.,-0.0477355802132795,0.101573556187152));
#7439=CARTESIAN_POINT('',(0.0600000000000001,-2.87862512454746,1.61638670564798));
#7440=CARTESIAN_POINT('Origin',(0.0600000000000001,-0.0477355802132795,
0.101573556187152));
#7441=CARTESIAN_POINT('',(2.,-2.87862512454746,1.61638670564798));
#7442=CARTESIAN_POINT('',(2.,-2.87862512454746,1.61638670564798));
#7443=CARTESIAN_POINT('Origin',(2.,-0.0477355802132795,0.101573556187152));
#7444=CARTESIAN_POINT('Origin',(2.,-2.71118187700019,1.51971330160258));
#7445=CARTESIAN_POINT('',(0.0600000000000001,-2.71118187700019,1.51971330160258));
#7446=CARTESIAN_POINT('',(0.0600000000000001,-1.40535325429356,0.765792794767387));
#7447=CARTESIAN_POINT('',(2.,-2.71118187700019,1.51971330160258));
#7448=CARTESIAN_POINT('',(2.,-2.71118187700019,1.51971330160258));
#7449=CARTESIAN_POINT('',(2.,-2.71118187700019,1.51971330160258));
#7450=CARTESIAN_POINT('Origin',(2.,-2.62388187700019,1.67092133710334));
#7451=CARTESIAN_POINT('',(0.0600000000000001,-2.62388187700019,1.67092133710334));
#7452=CARTESIAN_POINT('',(0.0600000000000001,-2.64163735131337,1.64016795348044));
#7453=CARTESIAN_POINT('',(2.,-2.62388187700019,1.67092133710334));
#7454=CARTESIAN_POINT('',(2.,-2.62388187700019,1.67092133710334));
#7455=CARTESIAN_POINT('',(2.,-2.62388187700019,1.67092133710334));
#7456=CARTESIAN_POINT('Origin',(2.,-2.79209203581378,1.7680375175748));
#7457=CARTESIAN_POINT('',(0.0600000000000001,-2.79209203581378,1.7680375175748));
#7458=CARTESIAN_POINT('',(0.0600000000000001,-1.40215833370037,0.965558920503855));
#7459=CARTESIAN_POINT('',(2.,-2.79209203581378,1.7680375175748));
#7460=CARTESIAN_POINT('',(2.,-2.79209203581378,1.7680375175748));
#7461=CARTESIAN_POINT('',(2.,-2.79209203581378,1.7680375175748));
#7462=CARTESIAN_POINT('Origin',(2.,3.4927836717042,0.165592707345215));
#7463=CARTESIAN_POINT('',(0.0600000000000001,3.4927836717042,0.0685927566915968));
#7464=CARTESIAN_POINT('',(0.0600000000000001,3.4927836717042,0.165592707345215));
#7465=CARTESIAN_POINT('',(0.0600000000000001,3.4927836717042,0.133583131766183));
#7466=CARTESIAN_POINT('',(2.,3.4927836717042,0.165592707345215));
#7467=CARTESIAN_POINT('',(2.,3.4927836717042,0.165592707345215));
#7468=CARTESIAN_POINT('',(2.,3.4927836717042,0.0685927566915968));
#7469=CARTESIAN_POINT('',(2.,3.4927836717042,0.0685927566915968));
#7470=CARTESIAN_POINT('',(2.,3.4927836717042,0.0685927566915968));
#7471=CARTESIAN_POINT('Origin',(2.,3.4442836717042,0.214092707345215));
#7472=CARTESIAN_POINT('',(0.0600000000000001,3.4442836717042,0.214092707345215));
#7473=CARTESIAN_POINT('',(0.0600000000000001,2.59940864651435,1.05896773253507));
#7474=CARTESIAN_POINT('',(2.,3.4442836717042,0.214092707345215));
#7475=CARTESIAN_POINT('',(2.,3.4442836717042,0.214092707345215));
#7476=CARTESIAN_POINT('',(2.,3.4927836717042,0.165592707345215));
#7477=CARTESIAN_POINT('Origin',(2.,3.44245115413528,0.214092707345215));
#7478=CARTESIAN_POINT('',(0.0600000000000001,3.44245115413528,0.214092707345215));
#7479=CARTESIAN_POINT('',(0.0600000000000001,1.697357786961,0.21409270734524));
#7480=CARTESIAN_POINT('',(2.,3.44245115413528,0.214092707345215));
#7481=CARTESIAN_POINT('',(2.,3.44245115413528,0.214092707345215));
#7482=CARTESIAN_POINT('',(2.,3.4442836717042,0.214092707345215));
#7483=CARTESIAN_POINT('Origin',(2.,-0.0477355802132795,0.101573556187152));
#7484=CARTESIAN_POINT('',(0.0600000000000001,3.34544783578057,0.926419181394863));
#7485=CARTESIAN_POINT('Origin',(0.0600000000000001,-0.0477355802132795,
0.101573556187152));
#7486=CARTESIAN_POINT('',(2.,3.34544783578057,0.926419181394863));
#7487=CARTESIAN_POINT('',(2.,3.34544783578057,0.926419181394863));
#7488=CARTESIAN_POINT('Origin',(2.,-0.0477355802132795,0.101573556187152));
#7489=CARTESIAN_POINT('Origin',(2.,3.34638478383207,0.926670235868613));
#7490=CARTESIAN_POINT('',(0.0600000000000001,3.34638478383207,0.926670235868613));
#7491=CARTESIAN_POINT('',(0.0600000000000001,1.65986899316922,0.47476969173813));
#7492=CARTESIAN_POINT('',(2.,3.34638478383207,0.926670235868613));
#7493=CARTESIAN_POINT('',(2.,3.34638478383207,0.926670235868613));
#7494=CARTESIAN_POINT('',(2.,3.34544783578057,0.926419181394864));
#7495=CARTESIAN_POINT('Origin',(2.,3.38067946271962,0.986070362131105));
#7496=CARTESIAN_POINT('',(0.0600000000000001,3.38067946271962,0.986070362131105));
#7497=CARTESIAN_POINT('',(0.0600000000000001,2.76062840647458,-0.0878895705720324));
#7498=CARTESIAN_POINT('',(2.,3.38067946271962,0.986070362131105));
#7499=CARTESIAN_POINT('',(2.,3.38067946271962,0.986070362131105));
#7500=CARTESIAN_POINT('',(2.,3.34638478383207,0.926670235868613));
#7501=CARTESIAN_POINT('Origin',(2.,3.35557402811646,1.0797651196162));
#7502=CARTESIAN_POINT('',(0.0600000000000001,3.35557402811646,1.0797651196162));
#7503=CARTESIAN_POINT('',(0.0600000000000001,3.36385871590196,1.04884624387587));
#7504=CARTESIAN_POINT('',(2.,3.35557402811646,1.0797651196162));
#7505=CARTESIAN_POINT('',(2.,3.35557402811646,1.0797651196162));
#7506=CARTESIAN_POINT('',(2.,3.38067946271962,0.986070362131105));
#7507=CARTESIAN_POINT('Origin',(2.,3.29617390185397,1.11405979850375));
#7508=CARTESIAN_POINT('',(0.0600000000000001,3.29617390185397,1.11405979850375));
#7509=CARTESIAN_POINT('',(0.0600000000000001,2.26141754778584,1.71147665807065));
#7510=CARTESIAN_POINT('',(2.,3.29617390185397,1.11405979850375));
#7511=CARTESIAN_POINT('',(2.,3.29617390185397,1.11405979850375));
#7512=CARTESIAN_POINT('',(2.,3.35557402811646,1.0797651196162));
#7513=CARTESIAN_POINT('Origin',(2.,3.29440382580702,1.11358550805643));
#7514=CARTESIAN_POINT('',(0.0600000000000001,3.29440382580702,1.11358550805643));
#7515=CARTESIAN_POINT('',(0.0600000000000001,1.60877307316761,0.66192210914974));
#7516=CARTESIAN_POINT('',(2.,3.29440382580702,1.11358550805643));
#7517=CARTESIAN_POINT('',(2.,3.29440382580702,1.11358550805643));
#7518=CARTESIAN_POINT('',(2.,3.29617390185397,1.11405979850375));
#7519=CARTESIAN_POINT('Origin',(2.,-0.0477355802132795,0.101573556187152));
#7520=CARTESIAN_POINT('',(0.0600000000000001,3.01634215755769,1.77653373986208));
#7521=CARTESIAN_POINT('Origin',(0.0600000000000001,-0.0477355802132795,
0.101573556187152));
#7522=CARTESIAN_POINT('',(2.,3.01634215755769,1.77653373986208));
#7523=CARTESIAN_POINT('',(2.,3.01634215755769,1.77653373986208));
#7524=CARTESIAN_POINT('Origin',(2.,-0.0477355802132795,0.101573556187152));
#7525=CARTESIAN_POINT('Origin',(2.,3.01718220219936,1.77701873986207));
#7526=CARTESIAN_POINT('',(0.0600000000000001,3.01718220219936,1.77701873986207));
#7527=CARTESIAN_POINT('',(0.0600000000000001,1.50509351086734,0.904013926882039));
#7528=CARTESIAN_POINT('',(2.,3.01718220219936,1.77701873986207));
#7529=CARTESIAN_POINT('',(2.,3.01718220219936,1.77701873986207));
#7530=CARTESIAN_POINT('',(2.,3.01634215755769,1.77653373986207));
#7531=CARTESIAN_POINT('Origin',(2.,3.03493443428291,1.84327097194562));
#7532=CARTESIAN_POINT('',(0.0600000000000001,3.03493443428291,1.84327097194562));
#7533=CARTESIAN_POINT('',(0.0600000000000001,2.71397238969861,0.64542431425584));
#7534=CARTESIAN_POINT('',(2.,3.03493443428291,1.84327097194562));
#7535=CARTESIAN_POINT('',(2.,3.03493443428291,1.84327097194562));
#7536=CARTESIAN_POINT('',(2.,3.01718220219936,1.77701873986207));
#7537=CARTESIAN_POINT('Origin',(2.,2.9864344589561,1.92727539337749));
#7538=CARTESIAN_POINT('',(0.0600000000000001,2.9864344589561,1.92727539337749));
#7539=CARTESIAN_POINT('',(0.0600000000000001,3.00243924674562,1.89955428776168));
#7540=CARTESIAN_POINT('',(2.,2.9864344589561,1.92727539337749));
#7541=CARTESIAN_POINT('',(2.,2.9864344589561,1.92727539337749));
#7542=CARTESIAN_POINT('',(2.,3.03493443428291,1.84327097194562));
#7543=CARTESIAN_POINT('Origin',(2.,2.92018222687256,1.94502762546103));
#7544=CARTESIAN_POINT('',(0.0600000000000001,2.92018222687256,1.94502762546103));
#7545=CARTESIAN_POINT('',(0.0600000000000001,1.76606147944019,2.25427334770354));
#7546=CARTESIAN_POINT('',(2.,2.92018222687256,1.94502762546103));
#7547=CARTESIAN_POINT('',(2.,2.92018222687256,1.94502762546103));
#7548=CARTESIAN_POINT('',(2.,2.9864344589561,1.92727539337749));
#7549=CARTESIAN_POINT('Origin',(2.,2.91859522010499,1.94411136667658));
#7550=CARTESIAN_POINT('',(0.0600000000000001,2.91859522010499,1.94411136667658));
#7551=CARTESIAN_POINT('',(0.0600000000000001,1.4073000321565,1.07156468308915));
#7552=CARTESIAN_POINT('',(2.,2.91859522010499,1.94411136667658));
#7553=CARTESIAN_POINT('',(2.,2.91859522010499,1.94411136667658));
#7554=CARTESIAN_POINT('',(2.,2.92018222687256,1.94502762546103));
#7555=CARTESIAN_POINT('Origin',(2.,-0.0477355802132795,0.101573556187152));
#7556=CARTESIAN_POINT('',(0.0600000000000001,2.4784246451336,2.51250252981442));
#7557=CARTESIAN_POINT('Origin',(0.0600000000000001,-0.0477355802132795,
0.101573556187152));
#7558=CARTESIAN_POINT('',(2.,2.4784246451336,2.51250252981442));
#7559=CARTESIAN_POINT('',(2.,2.4784246451336,2.51250252981442));
#7560=CARTESIAN_POINT('Origin',(2.,-0.0477355802132795,0.101573556187152));
#7561=CARTESIAN_POINT('Origin',(2.,2.47911053871135,2.51318842339217));
#7562=CARTESIAN_POINT('',(0.0600000000000001,2.47911053871135,2.51318842339217));
#7563=CARTESIAN_POINT('',(0.0600000000000001,1.24449529217934,1.27857317685938));
#7564=CARTESIAN_POINT('',(2.,2.47911053871135,2.51318842339217));
#7565=CARTESIAN_POINT('',(2.,2.47911053871135,2.51318842339217));
#7566=CARTESIAN_POINT('',(2.,2.4784246451336,2.51250252981441));
#7567=CARTESIAN_POINT('Origin',(2.,2.47911053871135,2.58177778116726));
#7568=CARTESIAN_POINT('',(0.0600000000000001,2.47911053871135,2.58177778116726));
#7569=CARTESIAN_POINT('',(0.0600000000000001,2.47911053871134,1.3416756686772));
#7570=CARTESIAN_POINT('',(2.,2.47911053871135,2.58177778116726));
#7571=CARTESIAN_POINT('',(2.,2.47911053871135,2.58177778116726));
#7572=CARTESIAN_POINT('',(2.,2.47911053871135,2.51318842339217));
#7573=CARTESIAN_POINT('Origin',(2.,2.41052121582942,2.65036710404919));
#7574=CARTESIAN_POINT('',(0.0600000000000001,2.41052121582942,2.65036710404919));
#7575=CARTESIAN_POINT('',(0.0600000000000001,2.43315540378426,2.62773291609435));
#7576=CARTESIAN_POINT('',(2.,2.41052121582942,2.65036710404919));
#7577=CARTESIAN_POINT('',(2.,2.41052121582942,2.65036710404919));
#7578=CARTESIAN_POINT('',(2.,2.47911053871135,2.58177778116726));
#7579=CARTESIAN_POINT('Origin',(2.,2.34193185805432,2.65036710404919));
#7580=CARTESIAN_POINT('',(0.0600000000000001,2.34193185805432,2.65036710404919));
#7581=CARTESIAN_POINT('',(0.0600000000000001,1.1470981389205,2.65036710404917));
#7582=CARTESIAN_POINT('',(2.,2.34193185805432,2.65036710404919));
#7583=CARTESIAN_POINT('',(2.,2.34193185805432,2.65036710404919));
#7584=CARTESIAN_POINT('',(2.,2.41052121582942,2.65036710404919));
#7585=CARTESIAN_POINT('Origin',(2.,2.3406360724547,2.64907131844957));
#7586=CARTESIAN_POINT('',(0.0600000000000001,2.3406360724547,2.64907131844957));
#7587=CARTESIAN_POINT('',(0.0600000000000001,1.1066687187221,1.41510396471697));
#7588=CARTESIAN_POINT('',(2.,2.3406360724547,2.64907131844957));
#7589=CARTESIAN_POINT('',(2.,2.3406360724547,2.64907131844957));
#7590=CARTESIAN_POINT('',(2.,2.34193185805432,2.65036710404919));
#7591=CARTESIAN_POINT('Origin',(2.,-0.0477355802132795,0.101573556187152));
#7592=CARTESIAN_POINT('',(0.0600000000000001,1.76835348802928,3.08417049446257));
#7593=CARTESIAN_POINT('Origin',(0.0600000000000001,-0.0477355802132795,
0.101573556187152));
#7594=CARTESIAN_POINT('',(2.,1.76835348802928,3.08417049446257));
#7595=CARTESIAN_POINT('',(2.,1.76835348802928,3.08417049446257));
#7596=CARTESIAN_POINT('Origin',(2.,-0.0477355802132795,0.101573556187152));
#7597=CARTESIAN_POINT('Origin',(2.,1.76883848802928,3.08501053910424));
#7598=CARTESIAN_POINT('',(0.0600000000000001,1.76883848802928,3.08501053910424));
#7599=CARTESIAN_POINT('',(0.0600000000000001,0.895833675049656,1.57292184777194));
#7600=CARTESIAN_POINT('',(2.,1.76883848802928,3.08501053910424));
#7601=CARTESIAN_POINT('',(2.,1.76883848802928,3.08501053910424));
#7602=CARTESIAN_POINT('',(2.,1.76835348802928,3.08417049446257));
#7603=CARTESIAN_POINT('Origin',(2.,1.75108625594573,3.15126277118779));
#7604=CARTESIAN_POINT('',(0.0600000000000001,1.75108625594573,3.15126277118779));
#7605=CARTESIAN_POINT('',(0.0600000000000001,2.07204830053003,1.95341611349802));
#7606=CARTESIAN_POINT('',(2.,1.75108625594573,3.15126277118779));
#7607=CARTESIAN_POINT('',(2.,1.75108625594573,3.15126277118779));
#7608=CARTESIAN_POINT('',(2.,1.76883848802928,3.08501053910424));
#7609=CARTESIAN_POINT('Origin',(2.,1.66708183451386,3.19976274651459));
#7610=CARTESIAN_POINT('',(0.0600000000000001,1.66708183451386,3.19976274651459));
#7611=CARTESIAN_POINT('',(0.0600000000000001,1.69480294012966,3.18375795872508));
#7612=CARTESIAN_POINT('',(2.,1.66708183451386,3.19976274651459));
#7613=CARTESIAN_POINT('',(2.,1.66708183451386,3.19976274651459));
#7614=CARTESIAN_POINT('',(2.,1.75108625594573,3.15126277118779));
#7615=CARTESIAN_POINT('Origin',(2.,1.60082960243032,3.18201051443105));
#7616=CARTESIAN_POINT('',(0.0600000000000001,1.60082960243032,3.18201051443105));
#7617=CARTESIAN_POINT('',(0.0600000000000001,0.446708854997956,2.87276479218854));
#7618=CARTESIAN_POINT('',(2.,1.60082960243032,3.18201051443105));
#7619=CARTESIAN_POINT('',(2.,1.60082960243032,3.18201051443105));
#7620=CARTESIAN_POINT('',(2.,1.66708183451386,3.19976274651459));
#7621=CARTESIAN_POINT('Origin',(2.,1.59991334364586,3.18042350766349));
#7622=CARTESIAN_POINT('',(0.0600000000000001,1.59991334364586,3.18042350766349));
#7623=CARTESIAN_POINT('',(0.0600000000000001,0.72736666005872,1.66912831971483));
#7624=CARTESIAN_POINT('',(2.,1.59991334364586,3.18042350766349));
#7625=CARTESIAN_POINT('',(2.,1.59991334364586,3.18042350766349));
#7626=CARTESIAN_POINT('',(2.,1.60082960243032,3.18201051443105));
#7627=CARTESIAN_POINT('Origin',(2.,-0.0477355802132795,0.101573556187152));
#7628=CARTESIAN_POINT('',(0.0600000000000001,0.934518862153312,3.45257940674174));
#7629=CARTESIAN_POINT('Origin',(0.0600000000000001,-0.0477355802132795,
0.101573556187152));
#7630=CARTESIAN_POINT('',(2.,0.934518862153312,3.45257940674174));
#7631=CARTESIAN_POINT('',(2.,0.934518862153312,3.45257940674174));
#7632=CARTESIAN_POINT('Origin',(2.,-0.0477355802132795,0.101573556187152));
#7633=CARTESIAN_POINT('Origin',(2.,0.934769916627061,3.45351635479324));
#7634=CARTESIAN_POINT('',(0.0600000000000001,0.934769916627061,3.45351635479324));
#7635=CARTESIAN_POINT('',(0.0600000000000001,0.482869372495654,1.76700056413062));
#7636=CARTESIAN_POINT('',(2.,0.934769916627061,3.45351635479324));
#7637=CARTESIAN_POINT('',(2.,0.934769916627061,3.45351635479324));
#7638=CARTESIAN_POINT('',(2.,0.934518862153311,3.45257940674174));
#7639=CARTESIAN_POINT('Origin',(2.,0.900475237739513,3.51291648105574));
#7640=CARTESIAN_POINT('',(0.0600000000000001,0.900475237739513,3.51291648105574));
#7641=CARTESIAN_POINT('',(0.0600000000000001,1.52052629398454,2.43895654835261));
#7642=CARTESIAN_POINT('',(2.,0.900475237739513,3.51291648105574));
#7643=CARTESIAN_POINT('',(2.,0.900475237739513,3.51291648105574));
#7644=CARTESIAN_POINT('',(2.,0.934769916627061,3.45351635479324));
#7645=CARTESIAN_POINT('Origin',(2.,0.806780480254418,3.5380219156589));
#7646=CARTESIAN_POINT('',(0.0600000000000001,0.806780480254418,3.5380219156589));
#7647=CARTESIAN_POINT('',(0.0600000000000001,0.837699355994746,3.5297372278734));
#7648=CARTESIAN_POINT('',(2.,0.806780480254418,3.5380219156589));
#7649=CARTESIAN_POINT('',(2.,0.806780480254418,3.5380219156589));
#7650=CARTESIAN_POINT('',(2.,0.900475237739513,3.51291648105574));
#7651=CARTESIAN_POINT('Origin',(2.,0.747380353991926,3.50372723677135));
#7652=CARTESIAN_POINT('',(0.0600000000000001,0.747380353991926,3.50372723677135));
#7653=CARTESIAN_POINT('',(0.0600000000000001,-0.287376000076189,2.90631037720444));
#7654=CARTESIAN_POINT('',(2.,0.747380353991926,3.50372723677135));
#7655=CARTESIAN_POINT('',(2.,0.747380353991926,3.50372723677135));
#7656=CARTESIAN_POINT('',(2.,0.806780480254418,3.5380219156589));
#7657=CARTESIAN_POINT('Origin',(2.,0.746906063544606,3.50195716072441));
#7658=CARTESIAN_POINT('',(0.0600000000000001,0.746906063544606,3.50195716072441));
#7659=CARTESIAN_POINT('',(0.0600000000000001,0.295242664637619,1.81632640808508));
#7660=CARTESIAN_POINT('',(2.,0.746906063544606,3.50195716072441));
#7661=CARTESIAN_POINT('',(2.,0.746906063544606,3.50195716072441));
#7662=CARTESIAN_POINT('',(2.,0.747380353991926,3.50372723677135));
#7663=CARTESIAN_POINT('Origin',(2.,-0.0477355802132795,0.101573556187152));
#7664=CARTESIAN_POINT('',(0.0600000000000001,0.0337452192822739,3.59262280810463));
#7665=CARTESIAN_POINT('Origin',(0.0600000000000001,-0.0477355802132795,
0.101573556187152));
#7666=CARTESIAN_POINT('',(2.,0.0337452192822739,3.59262280810463));
#7667=CARTESIAN_POINT('',(2.,0.0337452192822739,3.59262280810463));
#7668=CARTESIAN_POINT('Origin',(2.,-0.0477355802132795,0.101573556187152));
#7669=CARTESIAN_POINT('Origin',(2.,0.0337452192822755,3.59359280810463));
#7670=CARTESIAN_POINT('',(0.0600000000000001,0.0337452192822755,3.59359280810463));
#7671=CARTESIAN_POINT('',(0.0600000000000001,0.0337452192822513,1.84758318214589));
#7672=CARTESIAN_POINT('',(2.,0.0337452192822755,3.59359280810463));
#7673=CARTESIAN_POINT('',(2.,0.0337452192822755,3.59359280810463));
#7674=CARTESIAN_POINT('',(2.,0.0337452192822755,3.59262280810463));
#7675=CARTESIAN_POINT('Origin',(2.,-0.0147547807177245,3.64209280810463));
#7676=CARTESIAN_POINT('',(0.0600000000000001,-0.0147547807177245,3.64209280810463));
#7677=CARTESIAN_POINT('',(0.0600000000000001,0.862129832387756,2.76520819499915));
#7678=CARTESIAN_POINT('',(2.,-0.0147547807177245,3.64209280810463));
#7679=CARTESIAN_POINT('',(2.,-0.0147547807177245,3.64209280810463));
#7680=CARTESIAN_POINT('',(2.,0.0337452192822755,3.59359280810463));
#7681=CARTESIAN_POINT('Origin',(2.,-0.111754731371342,3.64209280810463));
#7682=CARTESIAN_POINT('',(0.0600000000000001,-0.111754731371342,3.64209280810463));
#7683=CARTESIAN_POINT('',(0.0600000000000001,-0.079745155792311,3.64209280810463));
#7684=CARTESIAN_POINT('',(2.,-0.111754731371342,3.64209280810463));
#7685=CARTESIAN_POINT('',(2.,-0.111754731371342,3.64209280810463));
#7686=CARTESIAN_POINT('',(2.,-0.0147547807177245,3.64209280810463));
#7687=CARTESIAN_POINT('Origin',(2.,-0.160254731371342,3.59359280810463));
#7688=CARTESIAN_POINT('',(0.0600000000000001,-0.160254731371342,3.59359280810463));
#7689=CARTESIAN_POINT('',(0.0600000000000001,-1.0051297565612,2.74871778291478));
#7690=CARTESIAN_POINT('',(2.,-0.160254731371342,3.59359280810463));
#7691=CARTESIAN_POINT('',(2.,-0.160254731371342,3.59359280810463));
#7692=CARTESIAN_POINT('',(2.,-0.111754731371342,3.64209280810463));
#7693=CARTESIAN_POINT('Origin',(2.,-0.160254731371342,3.59176029053571));
#7694=CARTESIAN_POINT('',(0.0600000000000001,-0.160254731371342,3.59176029053571));
#7695=CARTESIAN_POINT('',(0.0600000000000001,-0.160254731371355,1.84666692336143));
#7696=CARTESIAN_POINT('',(2.,-0.160254731371342,3.59176029053571));
#7697=CARTESIAN_POINT('',(2.,-0.160254731371342,3.59176029053571));
#7698=CARTESIAN_POINT('',(2.,-0.160254731371342,3.59359280810463));
#7699=CARTESIAN_POINT('Origin',(2.,-0.0477355802132795,0.101573556187152));
#7700=CARTESIAN_POINT('',(0.0600000000000001,-0.87258120542099,3.494756972181));
#7701=CARTESIAN_POINT('Origin',(0.0600000000000001,-0.0477355802132795,
0.101573556187152));
#7702=CARTESIAN_POINT('',(2.,-0.87258120542099,3.494756972181));
#7703=CARTESIAN_POINT('',(2.,-0.87258120542099,3.494756972181));
#7704=CARTESIAN_POINT('Origin',(2.,-0.0477355802132795,0.101573556187152));
#7705=CARTESIAN_POINT('Origin',(2.,-0.872832259894741,3.49569392023251));
#7706=CARTESIAN_POINT('',(0.0600000000000001,-0.872832259894741,3.49569392023251));
#7707=CARTESIAN_POINT('',(0.0600000000000001,-0.420931715764257,1.80917812956965));
#7708=CARTESIAN_POINT('',(2.,-0.872832259894741,3.49569392023251));
#7709=CARTESIAN_POINT('',(2.,-0.872832259894741,3.49569392023251));
#7710=CARTESIAN_POINT('',(2.,-0.872581205420991,3.494756972181));
#7711=CARTESIAN_POINT('Origin',(2.,-0.932232386157233,3.52998859912005));
#7712=CARTESIAN_POINT('',(0.0600000000000001,-0.932232386157233,3.52998859912005));
#7713=CARTESIAN_POINT('',(0.0600000000000001,0.141727546545905,2.90993754287502));
#7714=CARTESIAN_POINT('',(2.,-0.932232386157233,3.52998859912005));
#7715=CARTESIAN_POINT('',(2.,-0.932232386157233,3.52998859912005));
#7716=CARTESIAN_POINT('',(2.,-0.872832259894741,3.49569392023251));
#7717=CARTESIAN_POINT('Origin',(2.,-1.02592714364233,3.50488316451689));
#7718=CARTESIAN_POINT('',(0.0600000000000001,-1.02592714364233,3.50488316451689));
#7719=CARTESIAN_POINT('',(0.0600000000000001,-0.995008267902009,3.51316785230239));
#7720=CARTESIAN_POINT('',(2.,-1.02592714364233,3.50488316451689));
#7721=CARTESIAN_POINT('',(2.,-1.02592714364233,3.50488316451689));
#7722=CARTESIAN_POINT('',(2.,-0.932232386157233,3.52998859912005));
#7723=CARTESIAN_POINT('Origin',(2.,-1.06022182252987,3.4454830382544));
#7724=CARTESIAN_POINT('',(0.0600000000000001,-1.06022182252987,3.4454830382544));
#7725=CARTESIAN_POINT('',(0.0600000000000001,-1.65763868209677,2.41072668418627));
#7726=CARTESIAN_POINT('',(2.,-1.06022182252987,3.4454830382544));
#7727=CARTESIAN_POINT('',(2.,-1.06022182252987,3.4454830382544));
#7728=CARTESIAN_POINT('',(2.,-1.02592714364233,3.50488316451689));
#7729=CARTESIAN_POINT('Origin',(2.,-1.05974753208255,3.44371296220745));
#7730=CARTESIAN_POINT('',(0.0600000000000001,-1.05974753208255,3.44371296220745));
#7731=CARTESIAN_POINT('',(0.0600000000000001,-0.608084133175868,1.75808220956804));
#7732=CARTESIAN_POINT('',(2.,-1.05974753208255,3.44371296220745));
#7733=CARTESIAN_POINT('',(2.,-1.05974753208255,3.44371296220745));
#7734=CARTESIAN_POINT('',(2.,-1.06022182252987,3.4454830382544));
#7735=CARTESIAN_POINT('Origin',(2.,-0.0477355802132795,0.101573556187152));
#7736=CARTESIAN_POINT('',(0.0600000000000001,-1.7226957638882,3.16565129395812));
#7737=CARTESIAN_POINT('Origin',(0.0600000000000001,-0.0477355802132795,
0.101573556187152));
#7738=CARTESIAN_POINT('',(2.,-1.7226957638882,3.16565129395812));
#7739=CARTESIAN_POINT('',(2.,-1.7226957638882,3.16565129395812));
#7740=CARTESIAN_POINT('Origin',(2.,-0.0477355802132795,0.101573556187152));
#7741=CARTESIAN_POINT('Origin',(2.,-1.7231807638882,3.1664913385998));
#7742=CARTESIAN_POINT('',(0.0600000000000001,-1.7231807638882,3.1664913385998));
#7743=CARTESIAN_POINT('',(0.0600000000000001,-0.850175950908783,1.65440264726739));
#7744=CARTESIAN_POINT('',(2.,-1.7231807638882,3.1664913385998));
#7745=CARTESIAN_POINT('',(2.,-1.7231807638882,3.1664913385998));
#7746=CARTESIAN_POINT('',(2.,-1.7226957638882,3.16565129395813));
#7747=CARTESIAN_POINT('Origin',(2.,-1.78943299597174,3.18424357068334));
#7748=CARTESIAN_POINT('',(0.0600000000000001,-1.78943299597174,3.18424357068334));
#7749=CARTESIAN_POINT('',(0.0600000000000001,-0.591586338281972,2.86328152609905));
#7750=CARTESIAN_POINT('',(2.,-1.78943299597174,3.18424357068334));
#7751=CARTESIAN_POINT('',(2.,-1.78943299597174,3.18424357068334));
#7752=CARTESIAN_POINT('',(2.,-1.7231807638882,3.1664913385998));
#7753=CARTESIAN_POINT('Origin',(2.,-1.87343741740361,3.13574359535653));
#7754=CARTESIAN_POINT('',(0.0600000000000001,-1.87343741740361,3.13574359535653));
#7755=CARTESIAN_POINT('',(0.0600000000000001,-1.84571631178782,3.15174838314605));
#7756=CARTESIAN_POINT('',(2.,-1.87343741740361,3.13574359535653));
#7757=CARTESIAN_POINT('',(2.,-1.87343741740361,3.13574359535653));
#7758=CARTESIAN_POINT('',(2.,-1.78943299597174,3.18424357068334));
#7759=CARTESIAN_POINT('Origin',(2.,-1.89118964948716,3.06949136327299));
#7760=CARTESIAN_POINT('',(0.0600000000000001,-1.89118964948716,3.06949136327299));
#7761=CARTESIAN_POINT('',(0.0600000000000001,-2.20043537172966,1.91537061584063));
#7762=CARTESIAN_POINT('',(2.,-1.89118964948716,3.06949136327299));
#7763=CARTESIAN_POINT('',(2.,-1.89118964948716,3.06949136327299));
#7764=CARTESIAN_POINT('',(2.,-1.87343741740361,3.13574359535653));
#7765=CARTESIAN_POINT('Origin',(2.,-1.8902733907027,3.06790435650543));
#7766=CARTESIAN_POINT('',(0.0600000000000001,-1.8902733907027,3.06790435650543));
#7767=CARTESIAN_POINT('',(0.0600000000000001,-1.01772670711525,1.55660916855694));
#7768=CARTESIAN_POINT('',(2.,-1.8902733907027,3.06790435650543));
#7769=CARTESIAN_POINT('',(2.,-1.8902733907027,3.06790435650543));
#7770=CARTESIAN_POINT('',(2.,-1.89118964948716,3.06949136327299));
#7771=CARTESIAN_POINT('Origin',(2.,-0.0477355802132795,0.101573556187152));
#7772=CARTESIAN_POINT('',(0.0600000000000001,-2.45866455384054,2.62773378153403));
#7773=CARTESIAN_POINT('Origin',(0.0600000000000001,-0.0477355802132795,
0.101573556187152));
#7774=CARTESIAN_POINT('',(2.,-2.45866455384054,2.62773378153403));
#7775=CARTESIAN_POINT('',(2.,-2.45866455384054,2.62773378153403));
#7776=CARTESIAN_POINT('Origin',(2.,-0.0477355802132795,0.101573556187152));
#7777=CARTESIAN_POINT('Origin',(2.,-2.45935044741829,2.62841967511178));
#7778=CARTESIAN_POINT('',(0.0600000000000001,-2.45935044741829,2.62841967511178));
#7779=CARTESIAN_POINT('',(0.0600000000000001,-1.22473520088588,1.39380442857937));
#7780=CARTESIAN_POINT('',(2.,-2.45935044741829,2.62841967511178));
#7781=CARTESIAN_POINT('',(2.,-2.45935044741829,2.62841967511178));
#7782=CARTESIAN_POINT('',(2.,-2.45866455384054,2.62773378153403));
#7783=CARTESIAN_POINT('Origin',(2.,-2.52793980519339,2.62841967511178));
#7784=CARTESIAN_POINT('',(0.0600000000000001,-2.52793980519339,2.62841967511178));
#7785=CARTESIAN_POINT('',(0.0600000000000001,-1.28783769270333,2.62841967511178));
#7786=CARTESIAN_POINT('',(2.,-2.52793980519339,2.62841967511178));
#7787=CARTESIAN_POINT('',(2.,-2.52793980519339,2.62841967511178));
#7788=CARTESIAN_POINT('',(2.,-2.45935044741829,2.62841967511178));
#7789=CARTESIAN_POINT('Origin',(2.,-2.59652912807532,2.55983035222985));
#7790=CARTESIAN_POINT('',(0.0600000000000001,-2.59652912807532,2.55983035222985));
#7791=CARTESIAN_POINT('',(0.0600000000000001,-2.57389494012049,2.58246454018468));
#7792=CARTESIAN_POINT('',(2.,-2.59652912807532,2.55983035222985));
#7793=CARTESIAN_POINT('',(2.,-2.59652912807532,2.55983035222985));
#7794=CARTESIAN_POINT('',(2.,-2.52793980519339,2.62841967511178));
#7795=CARTESIAN_POINT('Origin',(2.,-2.59652912807532,2.49124099445475));
#7796=CARTESIAN_POINT('',(0.0600000000000001,-2.59652912807532,2.49124099445475));
#7797=CARTESIAN_POINT('',(0.0600000000000001,-2.59652912807531,1.29640727532094));
#7798=CARTESIAN_POINT('',(2.,-2.59652912807532,2.49124099445475));
#7799=CARTESIAN_POINT('',(2.,-2.59652912807532,2.49124099445475));
#7800=CARTESIAN_POINT('',(2.,-2.59652912807532,2.55983035222985));
#7801=CARTESIAN_POINT('Origin',(2.,-2.5952333424757,2.48994520885513));
#7802=CARTESIAN_POINT('',(0.0600000000000001,-2.5952333424757,2.48994520885513));
#7803=CARTESIAN_POINT('',(0.0600000000000001,-1.3612659887431,1.25597785512253));
#7804=CARTESIAN_POINT('',(2.,-2.5952333424757,2.48994520885513));
#7805=CARTESIAN_POINT('',(2.,-2.5952333424757,2.48994520885513));
#7806=CARTESIAN_POINT('',(2.,-2.59652912807532,2.49124099445475));
#7807=CARTESIAN_POINT('Origin',(2.,-0.0477355802132795,0.101573556187152));
#7808=CARTESIAN_POINT('',(0.0600000000000001,-3.0303325184887,1.91766262442971));
#7809=CARTESIAN_POINT('Origin',(0.0600000000000001,-0.0477355802132795,
0.101573556187152));
#7810=CARTESIAN_POINT('',(2.,-3.0303325184887,1.91766262442971));
#7811=CARTESIAN_POINT('',(2.,-3.0303325184887,1.91766262442971));
#7812=CARTESIAN_POINT('Origin',(2.,-0.0477355802132795,0.101573556187152));
#7813=CARTESIAN_POINT('Origin',(2.,-3.03117256313037,1.91814762442971));
#7814=CARTESIAN_POINT('',(0.0600000000000001,-3.03117256313037,1.91814762442971));
#7815=CARTESIAN_POINT('',(0.0600000000000001,-1.51908387179773,1.04514281145072));
#7816=CARTESIAN_POINT('',(2.,-3.03117256313037,1.91814762442971));
#7817=CARTESIAN_POINT('',(2.,-3.03117256313037,1.91814762442971));
#7818=CARTESIAN_POINT('',(2.,-3.0303325184887,1.91766262442971));
#7819=CARTESIAN_POINT('Origin',(2.,-3.09742479521391,1.90039539234616));
#7820=CARTESIAN_POINT('',(0.0600000000000001,-3.09742479521391,1.90039539234616));
#7821=CARTESIAN_POINT('',(0.0600000000000001,-1.89957813752415,2.22135743693046));
#7822=CARTESIAN_POINT('',(2.,-3.09742479521391,1.90039539234616));
#7823=CARTESIAN_POINT('',(2.,-3.09742479521391,1.90039539234616));
#7824=CARTESIAN_POINT('',(2.,-3.03117256313037,1.91814762442971));
#7825=CARTESIAN_POINT('Origin',(2.,-3.14592477054072,1.81639097091429));
#7826=CARTESIAN_POINT('',(0.0600000000000001,-3.14592477054072,1.81639097091429));
#7827=CARTESIAN_POINT('',(0.0600000000000001,-3.12991998275121,1.84411207653009));
#7828=CARTESIAN_POINT('',(2.,-3.14592477054072,1.81639097091429));
#7829=CARTESIAN_POINT('',(2.,-3.14592477054072,1.81639097091429));
#7830=CARTESIAN_POINT('',(2.,-3.09742479521391,1.90039539234616));
#7831=CARTESIAN_POINT('Origin',(2.,-3.12817253845718,1.75013873883075));
#7832=CARTESIAN_POINT('',(0.0600000000000001,-3.12817253845718,1.75013873883075));
#7833=CARTESIAN_POINT('',(0.0600000000000001,-2.81892681621467,0.596017991398388));
#7834=CARTESIAN_POINT('',(2.,-3.12817253845718,1.75013873883075));
#7835=CARTESIAN_POINT('',(2.,-3.12817253845718,1.75013873883075));
#7836=CARTESIAN_POINT('',(2.,-3.14592477054072,1.81639097091429));
#7837=CARTESIAN_POINT('Origin',(2.,-3.12658553168961,1.74922248004629));
#7838=CARTESIAN_POINT('',(0.0600000000000001,-3.12658553168961,1.74922248004629));
#7839=CARTESIAN_POINT('',(0.0600000000000001,-1.61529034374085,0.876675796459325));
#7840=CARTESIAN_POINT('',(2.,-3.12658553168961,1.74922248004629));
#7841=CARTESIAN_POINT('',(2.,-3.12658553168961,1.74922248004629));
#7842=CARTESIAN_POINT('',(2.,-3.12817253845718,1.75013873883075));
#7843=CARTESIAN_POINT('Origin',(2.,-0.0477355802132795,0.101573556187152));
#7844=CARTESIAN_POINT('',(0.0600000000000001,-3.39874143076787,1.08382799855374));
#7845=CARTESIAN_POINT('Origin',(0.0600000000000001,-0.0477355802132795,
0.101573556187152));
#7846=CARTESIAN_POINT('',(2.,-3.39874143076787,1.08382799855374));
#7847=CARTESIAN_POINT('',(2.,-3.39874143076787,1.08382799855374));
#7848=CARTESIAN_POINT('Origin',(2.,-0.0477355802132795,0.101573556187152));
#7849=CARTESIAN_POINT('Origin',(2.,-3.39967837881937,1.08407905302749));
#7850=CARTESIAN_POINT('',(0.0600000000000001,-3.39967837881937,1.08407905302749));
#7851=CARTESIAN_POINT('',(0.0600000000000001,-1.71316258815642,0.632178508897398));
#7852=CARTESIAN_POINT('',(2.,-3.39967837881937,1.08407905302749));
#7853=CARTESIAN_POINT('',(2.,-3.39967837881937,1.08407905302749));
#7854=CARTESIAN_POINT('',(2.,-3.39874143076787,1.08382799855374));
#7855=CARTESIAN_POINT('Origin',(2.,-3.45907850508186,1.04978437413994));
#7856=CARTESIAN_POINT('',(0.0600000000000001,-3.45907850508186,1.04978437413994));
#7857=CARTESIAN_POINT('',(0.0600000000000001,-2.38511857237874,1.66983543038498));
#7858=CARTESIAN_POINT('',(2.,-3.45907850508186,1.04978437413994));
#7859=CARTESIAN_POINT('',(2.,-3.45907850508186,1.04978437413994));
#7860=CARTESIAN_POINT('',(2.,-3.39967837881937,1.08407905302749));
#7861=CARTESIAN_POINT('Origin',(2.,-3.48418393968503,0.95608961665485));
#7862=CARTESIAN_POINT('',(0.0600000000000001,-3.48418393968503,0.95608961665485));
#7863=CARTESIAN_POINT('',(0.0600000000000001,-3.47589925189952,0.987008492395192));
#7864=CARTESIAN_POINT('',(2.,-3.48418393968503,0.95608961665485));
#7865=CARTESIAN_POINT('',(2.,-3.48418393968503,0.95608961665485));
#7866=CARTESIAN_POINT('',(2.,-3.45907850508186,1.04978437413994));
#7867=CARTESIAN_POINT('Origin',(2.,-3.44988926079748,0.896689490392357));
#7868=CARTESIAN_POINT('',(0.0600000000000001,-3.44988926079748,0.896689490392357));
#7869=CARTESIAN_POINT('',(0.0600000000000001,-2.85247240123057,-0.138066863675758));
#7870=CARTESIAN_POINT('',(2.,-3.44988926079748,0.896689490392357));
#7871=CARTESIAN_POINT('',(2.,-3.44988926079748,0.896689490392357));
#7872=CARTESIAN_POINT('',(2.,-3.48418393968503,0.95608961665485));
#7873=CARTESIAN_POINT('Origin',(2.,-3.44811918475053,0.896215199945037));
#7874=CARTESIAN_POINT('',(0.0600000000000001,-3.44811918475053,0.896215199945037));
#7875=CARTESIAN_POINT('',(0.0600000000000001,-1.76248843211114,0.444551801038253));
#7876=CARTESIAN_POINT('',(2.,-3.44811918475053,0.896215199945037));
#7877=CARTESIAN_POINT('',(2.,-3.44811918475053,0.896215199945037));
#7878=CARTESIAN_POINT('',(2.,-3.44988926079748,0.896689490392357));
#7879=CARTESIAN_POINT('Origin',(2.,-0.0477355802132795,0.101573556187152));
#7880=CARTESIAN_POINT('',(0.0600000000000001,-3.53878483213076,0.183054355682705));
#7881=CARTESIAN_POINT('Origin',(0.0600000000000001,-0.0477355802132795,
0.101573556187152));
#7882=CARTESIAN_POINT('',(2.,-3.53878483213076,0.183054355682705));
#7883=CARTESIAN_POINT('',(2.,-3.53878483213076,0.183054355682705));
#7884=CARTESIAN_POINT('Origin',(2.,-0.0477355802132795,0.101573556187152));
#7885=CARTESIAN_POINT('Origin',(2.,-3.53975483213076,0.183054355682706));
#7886=CARTESIAN_POINT('',(0.0600000000000001,-3.53975483213076,0.183054355682706));
#7887=CARTESIAN_POINT('',(0.0600000000000001,-1.79374520617202,0.183054355682706));
#7888=CARTESIAN_POINT('',(2.,-3.53975483213076,0.183054355682706));
#7889=CARTESIAN_POINT('',(2.,-3.53975483213076,0.183054355682706));
#7890=CARTESIAN_POINT('',(2.,-3.53975483213076,0.183054355682706));
#7891=CARTESIAN_POINT('Origin',(2.,-3.58825483213076,0.134554355682706));
#7892=CARTESIAN_POINT('',(0.0600000000000001,-3.58825483213076,0.134554355682706));
#7893=CARTESIAN_POINT('',(0.0600000000000001,-2.71137021902528,1.01143896878819));
#7894=CARTESIAN_POINT('',(2.,-3.58825483213076,0.134554355682706));
#7895=CARTESIAN_POINT('',(2.,-3.58825483213076,0.134554355682706));
#7896=CARTESIAN_POINT('',(2.,-3.53975483213076,0.183054355682706));
#7897=CARTESIAN_POINT('Origin',(2.,-0.0477355802132795,0.101573556187152));
#7898=CARTESIAN_POINT('',(0.0600000000000001,-1.74195126618402,2.82888499777403));
#7899=CARTESIAN_POINT('Origin',(0.0600000000000001,-0.0477355802132795,
0.101573556187152));
#7900=CARTESIAN_POINT('',(2.,-1.74195126618402,2.82888499777403));
#7901=CARTESIAN_POINT('',(2.,-1.74195126618402,2.82888499777403));
#7902=CARTESIAN_POINT('Origin',(2.,-0.0477355802132795,0.101573556187152));
#7903=CARTESIAN_POINT('Origin',(2.,-1.64527786213862,2.66144175022677));
#7904=CARTESIAN_POINT('',(0.0600000000000001,-1.64527786213862,2.66144175022677));
#7905=CARTESIAN_POINT('',(0.0600000000000001,-0.891357355303424,1.35561312752013));
#7906=CARTESIAN_POINT('',(2.,-1.64527786213862,2.66144175022677));
#7907=CARTESIAN_POINT('',(2.,-1.64527786213862,2.66144175022677));
#7908=CARTESIAN_POINT('',(2.,-1.64527786213862,2.66144175022677));
#7909=CARTESIAN_POINT('Origin',(2.,-1.49406982663785,2.74874175022677));
#7910=CARTESIAN_POINT('',(0.0600000000000001,-1.49406982663785,2.74874175022677));
#7911=CARTESIAN_POINT('',(0.0600000000000001,-1.52482321026076,2.73098627591359));
#7912=CARTESIAN_POINT('',(2.,-1.49406982663785,2.74874175022677));
#7913=CARTESIAN_POINT('',(2.,-1.49406982663785,2.74874175022677));
#7914=CARTESIAN_POINT('',(2.,-1.49406982663785,2.74874175022677));
#7915=CARTESIAN_POINT('Origin',(2.,-1.59118600710931,2.91695190904036));
#7916=CARTESIAN_POINT('',(0.0600000000000001,-1.59118600710931,2.91695190904036));
#7917=CARTESIAN_POINT('',(0.0600000000000001,-0.788707410038378,1.52701820692694));
#7918=CARTESIAN_POINT('',(2.,-1.59118600710931,2.91695190904036));
#7919=CARTESIAN_POINT('',(2.,-1.59118600710931,2.91695190904036));
#7920=CARTESIAN_POINT('',(2.,-1.59118600710931,2.91695190904036));
#7921=CARTESIAN_POINT('Origin',(2.,-0.0477355802132795,0.101573556187152));
#7922=CARTESIAN_POINT('',(0.0600000000000001,-0.151313682960577,3.31060239161872));
#7923=CARTESIAN_POINT('Origin',(0.0600000000000001,-0.0477355802132795,
0.101573556187152));
#7924=CARTESIAN_POINT('',(2.,-0.151313682960577,3.31060239161872));
#7925=CARTESIAN_POINT('',(2.,-0.151313682960577,3.31060239161872));
#7926=CARTESIAN_POINT('Origin',(2.,-0.0477355802132795,0.101573556187152));
#7927=CARTESIAN_POINT('Origin',(2.,-0.151313682960577,3.11725558352792));
#7928=CARTESIAN_POINT('',(0.0600000000000001,-0.151313682960577,3.11725558352792));
#7929=CARTESIAN_POINT('',(0.0600000000000001,-0.151313682960578,1.60941456985753));
#7930=CARTESIAN_POINT('',(2.,-0.151313682960577,3.11725558352792));
#7931=CARTESIAN_POINT('',(2.,-0.151313682960577,3.11725558352792));
#7932=CARTESIAN_POINT('',(2.,-0.151313682960577,3.11725558352792));
#7933=CARTESIAN_POINT('Origin',(2.,0.0232863170394208,3.11725558352792));
#7934=CARTESIAN_POINT('',(0.0600000000000001,0.0232863170394208,3.11725558352792));
#7935=CARTESIAN_POINT('',(0.0600000000000001,-0.0122246315869294,3.11725558352792));
#7936=CARTESIAN_POINT('',(2.,0.0232863170394208,3.11725558352792));
#7937=CARTESIAN_POINT('',(2.,0.0232863170394208,3.11725558352792));
#7938=CARTESIAN_POINT('',(2.,0.0232863170394208,3.11725558352792));
#7939=CARTESIAN_POINT('Origin',(2.,0.0232863170394237,3.31148794447084));
#7940=CARTESIAN_POINT('',(0.0600000000000001,0.0232863170394237,3.31148794447084));
#7941=CARTESIAN_POINT('',(0.0600000000000001,0.0232863170394,1.70653075032899));
#7942=CARTESIAN_POINT('',(2.,0.0232863170394237,3.31148794447084));
#7943=CARTESIAN_POINT('',(2.,0.0232863170394237,3.31148794447084));
#7944=CARTESIAN_POINT('',(2.,0.0232863170394237,3.31148794447084));
#7945=CARTESIAN_POINT('Origin',(2.,-0.0477355802132795,0.101573556187152));
#7946=CARTESIAN_POINT('',(0.0600000000000001,1.46707756924755,2.93246310052133));
#7947=CARTESIAN_POINT('Origin',(0.0600000000000001,-0.0477355802132795,
0.101573556187152));
#7948=CARTESIAN_POINT('',(2.,1.46707756924755,2.93246310052133));
#7949=CARTESIAN_POINT('',(2.,1.46707756924755,2.93246310052133));
#7950=CARTESIAN_POINT('Origin',(2.,-0.0477355802132795,0.101573556187152));
#7951=CARTESIAN_POINT('Origin',(2.,1.37040416520215,2.76501985297406));
#7952=CARTESIAN_POINT('',(0.0600000000000001,1.37040416520215,2.76501985297406));
#7953=CARTESIAN_POINT('',(0.0600000000000001,0.616483658366958,1.45919123026743));
#7954=CARTESIAN_POINT('',(2.,1.37040416520215,2.76501985297406));
#7955=CARTESIAN_POINT('',(2.,1.37040416520215,2.76501985297406));
#7956=CARTESIAN_POINT('',(2.,1.37040416520215,2.76501985297406));
#7957=CARTESIAN_POINT('Origin',(2.,1.52161220070291,2.67771985297406));
#7958=CARTESIAN_POINT('',(0.0600000000000001,1.52161220070291,2.67771985297406));
#7959=CARTESIAN_POINT('',(0.0600000000000001,1.49085881708001,2.69547532728724));
#7960=CARTESIAN_POINT('',(2.,1.52161220070291,2.67771985297406));
#7961=CARTESIAN_POINT('',(2.,1.52161220070291,2.67771985297406));
#7962=CARTESIAN_POINT('',(2.,1.52161220070291,2.67771985297406));
#7963=CARTESIAN_POINT('Origin',(2.,1.61872838117437,2.84593001178766));
#7964=CARTESIAN_POINT('',(0.0600000000000001,1.61872838117437,2.84593001178766));
#7965=CARTESIAN_POINT('',(0.0600000000000001,0.816249784103431,1.45599630967424));
#7966=CARTESIAN_POINT('',(2.,1.61872838117437,2.84593001178766));
#7967=CARTESIAN_POINT('',(2.,1.61872838117437,2.84593001178766));
#7968=CARTESIAN_POINT('',(2.,1.61872838117437,2.84593001178766));
#7969=CARTESIAN_POINT('Origin',(2.,-0.0477355802132795,0.101573556187152));
#7970=CARTESIAN_POINT('',(0.0600000000000001,2.6795758613736,1.79578924215789));
#7971=CARTESIAN_POINT('Origin',(0.0600000000000001,-0.0477355802132795,
0.101573556187152));
#7972=CARTESIAN_POINT('',(2.,2.6795758613736,1.79578924215789));
#7973=CARTESIAN_POINT('',(2.,2.6795758613736,1.79578924215789));
#7974=CARTESIAN_POINT('Origin',(2.,-0.0477355802132795,0.101573556187152));
#7975=CARTESIAN_POINT('Origin',(2.,2.51213261382633,1.69911583811249));
#7976=CARTESIAN_POINT('',(0.0600000000000001,2.51213261382633,1.69911583811249));
#7977=CARTESIAN_POINT('',(0.0600000000000001,1.2063039911197,0.945195331277301));
#7978=CARTESIAN_POINT('',(2.,2.51213261382633,1.69911583811249));
#7979=CARTESIAN_POINT('',(2.,2.51213261382633,1.69911583811249));
#7980=CARTESIAN_POINT('',(2.,2.51213261382633,1.69911583811249));
#7981=CARTESIAN_POINT('Origin',(2.,2.59943261382633,1.54790780261173));
#7982=CARTESIAN_POINT('',(0.0600000000000001,2.59943261382633,1.54790780261173));
#7983=CARTESIAN_POINT('',(0.0600000000000001,2.58167713951316,1.57866118623463));
#7984=CARTESIAN_POINT('',(2.,2.59943261382633,1.54790780261173));
#7985=CARTESIAN_POINT('',(2.,2.59943261382633,1.54790780261173));
#7986=CARTESIAN_POINT('',(2.,2.59943261382633,1.54790780261173));
#7987=CARTESIAN_POINT('Origin',(2.,2.76764277263993,1.64502398308319));
#7988=CARTESIAN_POINT('',(0.0600000000000001,2.76764277263993,1.64502398308319));
#7989=CARTESIAN_POINT('',(0.0600000000000001,1.37770907052651,0.842545386012257));
#7990=CARTESIAN_POINT('',(2.,2.76764277263993,1.64502398308319));
#7991=CARTESIAN_POINT('',(2.,2.76764277263993,1.64502398308319));
#7992=CARTESIAN_POINT('',(2.,2.76764277263993,1.64502398308319));
#7993=CARTESIAN_POINT('Origin',(2.,-0.0477355802132795,0.101573556187152));
#7994=CARTESIAN_POINT('',(0.0600000000000001,3.16129325521829,0.205151658934449));
#7995=CARTESIAN_POINT('Origin',(0.0600000000000001,-0.0477355802132795,
0.101573556187152));
#7996=CARTESIAN_POINT('',(2.,3.16129325521829,0.205151658934449));
#7997=CARTESIAN_POINT('',(2.,3.16129325521829,0.205151658934449));
#7998=CARTESIAN_POINT('Origin',(2.,-0.0477355802132795,0.101573556187152));
#7999=CARTESIAN_POINT('Origin',(2.,2.96794644712749,0.205151658934449));
#8000=CARTESIAN_POINT('',(0.0600000000000001,2.96794644712749,0.205151658934449));
#8001=CARTESIAN_POINT('',(0.0600000000000001,1.4601054334571,0.205151658934449));
#8002=CARTESIAN_POINT('',(2.,2.96794644712749,0.205151658934449));
#8003=CARTESIAN_POINT('',(2.,2.96794644712749,0.205151658934449));
#8004=CARTESIAN_POINT('',(2.,2.96794644712749,0.205151658934449));
#8005=CARTESIAN_POINT('Origin',(2.,2.96794644712749,0.0305516589344503));
#8006=CARTESIAN_POINT('',(0.0600000000000001,2.96794644712749,0.0305516589344503));
#8007=CARTESIAN_POINT('',(0.0600000000000001,2.96794644712749,0.066062607560801));
#8008=CARTESIAN_POINT('',(2.,2.96794644712749,0.0305516589344503));
#8009=CARTESIAN_POINT('',(2.,2.96794644712749,0.0305516589344503));
#8010=CARTESIAN_POINT('',(2.,2.96794644712749,0.0305516589344503));
#8011=CARTESIAN_POINT('Origin',(2.,3.16217880807041,0.0305516589344493));
#8012=CARTESIAN_POINT('',(0.0600000000000001,3.16217880807041,0.0305516589344493));
#8013=CARTESIAN_POINT('',(0.0600000000000001,1.55722161392856,0.0305516589344576));
#8014=CARTESIAN_POINT('',(2.,3.16217880807041,0.0305516589344493));
#8015=CARTESIAN_POINT('',(2.,3.16217880807041,0.0305516589344493));
#8016=CARTESIAN_POINT('',(2.,3.16217880807041,0.0305516589344493));
#8017=CARTESIAN_POINT('Origin',(2.,-0.0477355802132795,0.101573556187152));
#8018=CARTESIAN_POINT('',(0.0600000000000001,2.7831539641209,-1.41323959327368));
#8019=CARTESIAN_POINT('Origin',(0.0600000000000001,-0.0477355802132795,
0.101573556187152));
#8020=CARTESIAN_POINT('',(2.,2.7831539641209,-1.41323959327368));
#8021=CARTESIAN_POINT('',(2.,2.7831539641209,-1.41323959327368));
#8022=CARTESIAN_POINT('Origin',(2.,-0.0477355802132795,0.101573556187152));
#8023=CARTESIAN_POINT('Origin',(2.,2.61571071657363,-1.31656618922828));
#8024=CARTESIAN_POINT('',(0.0600000000000001,2.61571071657363,-1.31656618922828));
#8025=CARTESIAN_POINT('',(0.0600000000000001,1.309882093867,-0.562645682393082));
#8026=CARTESIAN_POINT('',(2.,2.61571071657363,-1.31656618922828));
#8027=CARTESIAN_POINT('',(2.,2.61571071657363,-1.31656618922828));
#8028=CARTESIAN_POINT('',(2.,2.61571071657363,-1.31656618922828));
#8029=CARTESIAN_POINT('Origin',(2.,2.52841071657363,-1.46777422472904));
#8030=CARTESIAN_POINT('',(0.0600000000000001,2.52841071657363,-1.46777422472904));
#8031=CARTESIAN_POINT('',(0.0600000000000001,2.5461661908868,-1.43702084110614));
#8032=CARTESIAN_POINT('',(2.,2.52841071657363,-1.46777422472904));
#8033=CARTESIAN_POINT('',(2.,2.52841071657363,-1.46777422472904));
#8034=CARTESIAN_POINT('',(2.,2.52841071657363,-1.46777422472904));
#8035=CARTESIAN_POINT('Origin',(2.,2.69662087538723,-1.5648904052005));
#8036=CARTESIAN_POINT('',(0.0600000000000001,1.3066871732738,-0.76241180812958));
#8037=CARTESIAN_POINT('',(2.,2.69662087538723,-1.5648904052005));
#8038=CARTESIAN_POINT('Origin',(2.,-3.58825483213076,0.0375544050290881));
#8039=CARTESIAN_POINT('',(0.0600000000000001,-3.58825483213076,0.0375544050290881));
#8040=CARTESIAN_POINT('',(0.0600000000000001,-3.58825483213076,0.0695639806081199));
#8041=CARTESIAN_POINT('',(2.,-3.58825483213076,0.0375544050290881));
#8042=CARTESIAN_POINT('',(2.,-3.58825483213076,0.0375544050290881));
#8043=CARTESIAN_POINT('',(2.,-3.58825483213076,0.134554355682706));
#8044=CARTESIAN_POINT('Origin',(2.,-3.53975483213076,-0.010945594970912));
#8045=CARTESIAN_POINT('',(0.0600000000000001,-3.53975483213076,-0.010945594970912));
#8046=CARTESIAN_POINT('',(0.0600000000000001,-2.69487980694091,-0.855820620160765));
#8047=CARTESIAN_POINT('',(2.,-3.53975483213076,-0.010945594970912));
#8048=CARTESIAN_POINT('',(2.,-3.53975483213076,-0.010945594970912));
#8049=CARTESIAN_POINT('',(2.,-3.58825483213076,0.0375544050290881));
#8050=CARTESIAN_POINT('Origin',(2.,-3.53792231456184,-0.0109455949709119));
#8051=CARTESIAN_POINT('',(0.0600000000000001,-3.53792231456184,-0.0109455949709119));
#8052=CARTESIAN_POINT('',(0.0600000000000001,-1.79282894738756,-0.0109455949708991));
#8053=CARTESIAN_POINT('',(2.,-3.53792231456184,-0.0109455949709119));
#8054=CARTESIAN_POINT('',(2.,-3.53792231456184,-0.0109455949709119));
#8055=CARTESIAN_POINT('',(2.,-3.53975483213076,-0.010945594970912));
#8056=CARTESIAN_POINT('Origin',(2.,-0.0477355802132795,0.101573556187152));
#8057=CARTESIAN_POINT('',(0.0600000000000001,-3.44091899620713,-0.723272069020565));
#8058=CARTESIAN_POINT('Origin',(0.0600000000000001,-0.0477355802132795,
0.101573556187152));
#8059=CARTESIAN_POINT('',(2.,-3.44091899620713,-0.723272069020565));
#8060=CARTESIAN_POINT('',(2.,-3.44091899620713,-0.723272069020565));
#8061=CARTESIAN_POINT('Origin',(2.,-0.0477355802132795,0.101573556187152));
#8062=CARTESIAN_POINT('Origin',(2.,-3.44185594425863,-0.723523123494311));
#8063=CARTESIAN_POINT('',(0.0600000000000001,-3.44185594425863,-0.723523123494311));
#8064=CARTESIAN_POINT('',(0.0600000000000001,-1.75534015359573,-0.271622579363995));
#8065=CARTESIAN_POINT('',(2.,-3.44185594425863,-0.723523123494311));
#8066=CARTESIAN_POINT('',(2.,-3.44185594425863,-0.723523123494311));
#8067=CARTESIAN_POINT('',(2.,-3.44091899620713,-0.723272069020562));
#8068=CARTESIAN_POINT('Origin',(2.,-3.47615062314618,-0.782923249756803));
#8069=CARTESIAN_POINT('',(0.0600000000000001,-3.47615062314618,-0.782923249756803));
#8070=CARTESIAN_POINT('',(0.0600000000000001,-2.85609956690113,0.291036682946337));
#8071=CARTESIAN_POINT('',(2.,-3.47615062314618,-0.782923249756803));
#8072=CARTESIAN_POINT('',(2.,-3.47615062314618,-0.782923249756803));
#8073=CARTESIAN_POINT('',(2.,-3.44185594425863,-0.723523123494311));
#8074=CARTESIAN_POINT('Origin',(2.,-3.45104518854302,-0.876618007241898));
#8075=CARTESIAN_POINT('',(0.0600000000000001,-3.45104518854302,-0.876618007241898));
#8076=CARTESIAN_POINT('',(0.0600000000000001,-3.45932987632852,-0.845699131501572));
#8077=CARTESIAN_POINT('',(2.,-3.45104518854302,-0.876618007241898));
#8078=CARTESIAN_POINT('',(2.,-3.45104518854302,-0.876618007241898));
#8079=CARTESIAN_POINT('',(2.,-3.47615062314618,-0.782923249756803));
#8080=CARTESIAN_POINT('Origin',(2.,-3.39164506228053,-0.910912686129445));
#8081=CARTESIAN_POINT('',(0.0600000000000001,-3.39164506228053,-0.910912686129445));
#8082=CARTESIAN_POINT('',(0.0600000000000001,-2.35688870821241,-1.50832954569634));
#8083=CARTESIAN_POINT('',(2.,-3.39164506228053,-0.910912686129445));
#8084=CARTESIAN_POINT('',(2.,-3.39164506228053,-0.910912686129445));
#8085=CARTESIAN_POINT('',(2.,-3.45104518854302,-0.876618007241898));
#8086=CARTESIAN_POINT('Origin',(2.,-3.38987498623358,-0.910438395682125));
#8087=CARTESIAN_POINT('',(0.0600000000000001,-3.38987498623358,-0.910438395682125));
#8088=CARTESIAN_POINT('',(0.0600000000000001,-1.70424423359414,-0.458774996775541));
#8089=CARTESIAN_POINT('',(2.,-3.38987498623358,-0.910438395682125));
#8090=CARTESIAN_POINT('',(2.,-3.38987498623358,-0.910438395682125));
#8091=CARTESIAN_POINT('',(2.,-3.39164506228053,-0.910912686129445));
#8092=CARTESIAN_POINT('Origin',(2.,-0.0477355802132795,0.101573556187152));
#8093=CARTESIAN_POINT('',(0.0600000000000001,-3.11181331798425,-1.57338662748777));
#8094=CARTESIAN_POINT('Origin',(0.0600000000000001,-0.0477355802132795,
0.101573556187152));
#8095=CARTESIAN_POINT('',(2.,-3.11181331798425,-1.57338662748777));
#8096=CARTESIAN_POINT('',(2.,-3.11181331798425,-1.57338662748777));
#8097=CARTESIAN_POINT('Origin',(2.,-0.0477355802132795,0.101573556187152));
#8098=CARTESIAN_POINT('Origin',(2.,-3.11265336262592,-1.57387162748777));
#8099=CARTESIAN_POINT('',(0.0600000000000001,-3.11265336262592,-1.57387162748777));
#8100=CARTESIAN_POINT('',(0.0600000000000001,-1.60056467129389,-0.700866814507736));
#8101=CARTESIAN_POINT('',(2.,-3.11265336262592,-1.57387162748777));
#8102=CARTESIAN_POINT('',(2.,-3.11265336262592,-1.57387162748777));
#8103=CARTESIAN_POINT('',(2.,-3.11181331798425,-1.57338662748777));
#8104=CARTESIAN_POINT('Origin',(2.,-3.13040559470947,-1.64012385957132));
#8105=CARTESIAN_POINT('',(0.0600000000000001,-3.13040559470947,-1.64012385957132));
#8106=CARTESIAN_POINT('',(0.0600000000000001,-2.80944355012517,-0.442277201881537));
#8107=CARTESIAN_POINT('',(2.,-3.13040559470947,-1.64012385957132));
#8108=CARTESIAN_POINT('',(2.,-3.13040559470947,-1.64012385957132));
#8109=CARTESIAN_POINT('',(2.,-3.11265336262592,-1.57387162748777));
#8110=CARTESIAN_POINT('Origin',(2.,-3.08190561938266,-1.72412828100319));
#8111=CARTESIAN_POINT('',(0.0600000000000001,-3.08190561938266,-1.72412828100319));
#8112=CARTESIAN_POINT('',(0.0600000000000001,-3.09791040717218,-1.69640717538738));
#8113=CARTESIAN_POINT('',(2.,-3.08190561938266,-1.72412828100319));
#8114=CARTESIAN_POINT('',(2.,-3.08190561938266,-1.72412828100319));
#8115=CARTESIAN_POINT('',(2.,-3.13040559470947,-1.64012385957132));
#8116=CARTESIAN_POINT('Origin',(2.,-3.01565338729911,-1.74188051308673));
#8117=CARTESIAN_POINT('',(0.0600000000000001,-3.01565338729911,-1.74188051308673));
#8118=CARTESIAN_POINT('',(0.0600000000000001,-1.86153263986675,-2.05112623532923));
#8119=CARTESIAN_POINT('',(2.,-3.01565338729911,-1.74188051308673));
#8120=CARTESIAN_POINT('',(2.,-3.01565338729911,-1.74188051308673));
#8121=CARTESIAN_POINT('',(2.,-3.08190561938266,-1.72412828100319));
#8122=CARTESIAN_POINT('Origin',(2.,-3.01406638053155,-1.74096425430227));
#8123=CARTESIAN_POINT('',(0.0600000000000001,-3.01406638053155,-1.74096425430227));
#8124=CARTESIAN_POINT('',(0.0600000000000001,-1.50277119258326,-0.868417570714459));
#8125=CARTESIAN_POINT('',(2.,-3.01406638053155,-1.74096425430227));
#8126=CARTESIAN_POINT('',(2.,-3.01406638053155,-1.74096425430227));
#8127=CARTESIAN_POINT('',(2.,-3.01565338729911,-1.74188051308673));
#8128=CARTESIAN_POINT('Origin',(2.,-0.0477355802132795,0.101573556187152));
#8129=CARTESIAN_POINT('',(0.0600000000000001,-2.57389580556016,-2.30935541744011));
#8130=CARTESIAN_POINT('Origin',(0.0600000000000001,-0.0477355802132795,
0.101573556187152));
#8131=CARTESIAN_POINT('',(2.,-2.57389580556016,-2.30935541744011));
#8132=CARTESIAN_POINT('',(2.,-2.57389580556016,-2.30935541744011));
#8133=CARTESIAN_POINT('Origin',(2.,-0.0477355802132795,0.101573556187152));
#8134=CARTESIAN_POINT('Origin',(2.,-2.57458169913791,-2.31004131101786));
#8135=CARTESIAN_POINT('',(0.0600000000000001,-2.57458169913791,-2.31004131101786));
#8136=CARTESIAN_POINT('',(0.0600000000000001,-1.33996645260629,-1.07542606448469));
#8137=CARTESIAN_POINT('',(2.,-2.57458169913791,-2.31004131101786));
#8138=CARTESIAN_POINT('',(2.,-2.57458169913791,-2.31004131101786));
#8139=CARTESIAN_POINT('',(2.,-2.57389580556016,-2.30935541744011));
#8140=CARTESIAN_POINT('Origin',(2.,-2.57458169913791,-2.37863066879296));
#8141=CARTESIAN_POINT('',(0.0600000000000001,-2.57458169913791,-2.37863066879296));
#8142=CARTESIAN_POINT('',(0.0600000000000001,-2.57458169913792,-1.13852855630291));
#8143=CARTESIAN_POINT('',(2.,-2.57458169913791,-2.37863066879296));
#8144=CARTESIAN_POINT('',(2.,-2.57458169913791,-2.37863066879296));
#8145=CARTESIAN_POINT('',(2.,-2.57458169913791,-2.31004131101786));
#8146=CARTESIAN_POINT('Origin',(2.,-2.50599237625598,-2.44721999167489));
#8147=CARTESIAN_POINT('',(0.0600000000000001,-2.50599237625598,-2.44721999167489));
#8148=CARTESIAN_POINT('',(0.0600000000000001,-2.52862656421082,-2.42458580372004));
#8149=CARTESIAN_POINT('',(2.,-2.50599237625598,-2.44721999167489));
#8150=CARTESIAN_POINT('',(2.,-2.50599237625598,-2.44721999167489));
#8151=CARTESIAN_POINT('',(2.,-2.57458169913791,-2.37863066879296));
#8152=CARTESIAN_POINT('Origin',(2.,-2.43740301848088,-2.44721999167489));
#8153=CARTESIAN_POINT('',(0.0600000000000001,-2.43740301848088,-2.44721999167489));
#8154=CARTESIAN_POINT('',(0.0600000000000001,-1.24256929934705,-2.44721999167486));
#8155=CARTESIAN_POINT('',(2.,-2.43740301848088,-2.44721999167489));
#8156=CARTESIAN_POINT('',(2.,-2.43740301848088,-2.44721999167489));
#8157=CARTESIAN_POINT('',(2.,-2.50599237625598,-2.44721999167489));
#8158=CARTESIAN_POINT('Origin',(2.,-2.43610723288126,-2.44592420607527));
#8159=CARTESIAN_POINT('',(0.0600000000000001,-2.43610723288126,-2.44592420607527));
#8160=CARTESIAN_POINT('',(0.0600000000000001,-1.20213987914826,-1.21195685234309));
#8161=CARTESIAN_POINT('',(2.,-2.43610723288126,-2.44592420607527));
#8162=CARTESIAN_POINT('',(2.,-2.43610723288126,-2.44592420607527));
#8163=CARTESIAN_POINT('',(2.,-2.43740301848088,-2.44721999167489));
#8164=CARTESIAN_POINT('Origin',(2.,-0.0477355802132795,0.101573556187152));
#8165=CARTESIAN_POINT('',(0.0600000000000001,-1.86382464845584,-2.88102338208826));
#8166=CARTESIAN_POINT('Origin',(0.0600000000000001,-0.0477355802132795,
0.101573556187152));
#8167=CARTESIAN_POINT('',(2.,-1.86382464845584,-2.88102338208826));
#8168=CARTESIAN_POINT('',(2.,-1.86382464845584,-2.88102338208826));
#8169=CARTESIAN_POINT('Origin',(2.,-0.0477355802132795,0.101573556187152));
#8170=CARTESIAN_POINT('Origin',(2.,-1.86430964845583,-2.88186342672994));
#8171=CARTESIAN_POINT('',(0.0600000000000001,-1.86430964845583,-2.88186342672994));
#8172=CARTESIAN_POINT('',(0.0600000000000001,-0.991304835476758,-1.36977473539734));
#8173=CARTESIAN_POINT('',(2.,-1.86430964845583,-2.88186342672994));
#8174=CARTESIAN_POINT('',(2.,-1.86430964845583,-2.88186342672994));
#8175=CARTESIAN_POINT('',(2.,-1.86382464845583,-2.88102338208827));
#8176=CARTESIAN_POINT('Origin',(2.,-1.84655741637229,-2.94811565881348));
#8177=CARTESIAN_POINT('',(0.0600000000000001,-1.84655741637229,-2.94811565881348));
#8178=CARTESIAN_POINT('',(0.0600000000000001,-2.16751946095659,-1.75026900112371));
#8179=CARTESIAN_POINT('',(2.,-1.84655741637229,-2.94811565881348));
#8180=CARTESIAN_POINT('',(2.,-1.84655741637229,-2.94811565881348));
#8181=CARTESIAN_POINT('',(2.,-1.86430964845583,-2.88186342672994));
#8182=CARTESIAN_POINT('Origin',(2.,-1.76255299494042,-2.99661563414029));
#8183=CARTESIAN_POINT('',(0.0600000000000001,-1.76255299494042,-2.99661563414029));
#8184=CARTESIAN_POINT('',(0.0600000000000001,-1.79027410055621,-2.98061084635078));
#8185=CARTESIAN_POINT('',(2.,-1.76255299494042,-2.99661563414029));
#8186=CARTESIAN_POINT('',(2.,-1.76255299494042,-2.99661563414029));
#8187=CARTESIAN_POINT('',(2.,-1.84655741637229,-2.94811565881348));
#8188=CARTESIAN_POINT('Origin',(2.,-1.69630076285687,-2.97886340205675));
#8189=CARTESIAN_POINT('',(0.0600000000000001,-1.69630076285687,-2.97886340205675));
#8190=CARTESIAN_POINT('',(0.0600000000000001,-0.542180015424514,-2.66961767981424));
#8191=CARTESIAN_POINT('',(2.,-1.69630076285687,-2.97886340205675));
#8192=CARTESIAN_POINT('',(2.,-1.69630076285687,-2.97886340205675));
#8193=CARTESIAN_POINT('',(2.,-1.76255299494042,-2.99661563414029));
#8194=CARTESIAN_POINT('Origin',(2.,-1.69538450407242,-2.97727639528918));
#8195=CARTESIAN_POINT('',(0.0600000000000001,-1.69538450407242,-2.97727639528918));
#8196=CARTESIAN_POINT('',(0.0600000000000001,-0.822837820485475,-1.46598120734041));
#8197=CARTESIAN_POINT('',(2.,-1.69538450407242,-2.97727639528918));
#8198=CARTESIAN_POINT('',(2.,-1.69538450407242,-2.97727639528918));
#8199=CARTESIAN_POINT('',(2.,-1.69630076285687,-2.97886340205675));
#8200=CARTESIAN_POINT('Origin',(2.,-0.0477355802132795,0.101573556187152));
#8201=CARTESIAN_POINT('',(0.0600000000000001,-1.02999002257987,-3.24943229436744));
#8202=CARTESIAN_POINT('Origin',(0.0600000000000001,-0.0477355802132795,
0.101573556187152));
#8203=CARTESIAN_POINT('',(2.,-1.02999002257987,-3.24943229436744));
#8204=CARTESIAN_POINT('',(2.,-1.02999002257987,-3.24943229436744));
#8205=CARTESIAN_POINT('Origin',(2.,-0.0477355802132795,0.101573556187152));
#8206=CARTESIAN_POINT('Origin',(2.,-1.03024107705362,-3.25036924241894));
#8207=CARTESIAN_POINT('',(0.0600000000000001,-1.03024107705362,-3.25036924241894));
#8208=CARTESIAN_POINT('',(0.0600000000000001,-0.578340532922939,-1.56385345175614));
#8209=CARTESIAN_POINT('',(2.,-1.03024107705362,-3.25036924241894));
#8210=CARTESIAN_POINT('',(2.,-1.03024107705362,-3.25036924241894));
#8211=CARTESIAN_POINT('',(2.,-1.02999002257987,-3.24943229436744));
#8212=CARTESIAN_POINT('Origin',(2.,-0.99594639816607,-3.30976936868143));
#8213=CARTESIAN_POINT('',(0.0600000000000001,-0.99594639816607,-3.30976936868143));
#8214=CARTESIAN_POINT('',(0.0600000000000001,-1.6159974544111,-2.2358094359783));
#8215=CARTESIAN_POINT('',(2.,-0.99594639816607,-3.30976936868143));
#8216=CARTESIAN_POINT('',(2.,-0.99594639816607,-3.30976936868143));
#8217=CARTESIAN_POINT('',(2.,-1.03024107705362,-3.25036924241894));
#8218=CARTESIAN_POINT('Origin',(2.,-0.902251640680975,-3.33487480328459));
#8219=CARTESIAN_POINT('',(0.0600000000000001,-0.902251640680975,-3.33487480328459));
#8220=CARTESIAN_POINT('',(0.0600000000000001,-0.933170516421304,-3.32659011549909));
#8221=CARTESIAN_POINT('',(2.,-0.902251640680975,-3.33487480328459));
#8222=CARTESIAN_POINT('',(2.,-0.902251640680975,-3.33487480328459));
#8223=CARTESIAN_POINT('',(2.,-0.99594639816607,-3.30976936868143));
#8224=CARTESIAN_POINT('Origin',(2.,-0.842851514418483,-3.30058012439705));
#8225=CARTESIAN_POINT('',(0.0600000000000001,-0.842851514418483,-3.30058012439705));
#8226=CARTESIAN_POINT('',(0.0600000000000001,0.191904839649631,-2.70316326483014));
#8227=CARTESIAN_POINT('',(2.,-0.842851514418483,-3.30058012439705));
#8228=CARTESIAN_POINT('',(2.,-0.842851514418483,-3.30058012439705));
#8229=CARTESIAN_POINT('',(2.,-0.902251640680975,-3.33487480328459));
#8230=CARTESIAN_POINT('Origin',(2.,-0.842377223971163,-3.2988100483501));
#8231=CARTESIAN_POINT('',(0.0600000000000001,-0.842377223971163,-3.2988100483501));
#8232=CARTESIAN_POINT('',(0.0600000000000001,-0.390713825064372,-1.61317929571071));
#8233=CARTESIAN_POINT('',(2.,-0.842377223971163,-3.2988100483501));
#8234=CARTESIAN_POINT('',(2.,-0.842377223971163,-3.2988100483501));
#8235=CARTESIAN_POINT('',(2.,-0.842851514418483,-3.30058012439705));
#8236=CARTESIAN_POINT('Origin',(2.,-0.0477355802132795,0.101573556187152));
#8237=CARTESIAN_POINT('',(0.0600000000000001,-0.129216379708831,-3.38947569573032));
#8238=CARTESIAN_POINT('Origin',(0.0600000000000001,-0.0477355802132795,
0.101573556187152));
#8239=CARTESIAN_POINT('',(2.,-0.129216379708831,-3.38947569573032));
#8240=CARTESIAN_POINT('',(2.,-0.129216379708831,-3.38947569573032));
#8241=CARTESIAN_POINT('Origin',(2.,-0.0477355802132795,0.101573556187152));
#8242=CARTESIAN_POINT('Origin',(2.,-0.129216379708834,-3.39044569573033));
#8243=CARTESIAN_POINT('',(0.0600000000000001,-0.129216379708834,-3.39044569573033));
#8244=CARTESIAN_POINT('',(0.0600000000000001,-0.129216379708858,-1.64443606977159));
#8245=CARTESIAN_POINT('',(2.,-0.129216379708834,-3.39044569573033));
#8246=CARTESIAN_POINT('',(2.,-0.129216379708834,-3.39044569573033));
#8247=CARTESIAN_POINT('',(2.,-0.129216379708834,-3.38947569573032));
#8248=CARTESIAN_POINT('Origin',(2.,-0.0807163797088342,-3.43894569573032));
#8249=CARTESIAN_POINT('',(0.0600000000000001,-0.0807163797088342,-3.43894569573032));
#8250=CARTESIAN_POINT('',(0.0600000000000001,-0.957600992814315,-2.56206108262485));
#8251=CARTESIAN_POINT('',(2.,-0.0807163797088342,-3.43894569573032));
#8252=CARTESIAN_POINT('',(2.,-0.0807163797088342,-3.43894569573032));
#8253=CARTESIAN_POINT('',(2.,-0.129216379708834,-3.39044569573033));
#8254=CARTESIAN_POINT('Origin',(2.,0.0162835709447838,-3.43894569573032));
#8255=CARTESIAN_POINT('',(0.0600000000000001,0.0162835709447838,-3.43894569573032));
#8256=CARTESIAN_POINT('',(0.0600000000000001,-0.0157260046342478,-3.43894569573032));
#8257=CARTESIAN_POINT('',(2.,0.0162835709447838,-3.43894569573032));
#8258=CARTESIAN_POINT('',(2.,0.0162835709447838,-3.43894569573032));
#8259=CARTESIAN_POINT('',(2.,-0.0807163797088342,-3.43894569573032));
#8260=CARTESIAN_POINT('Origin',(2.,0.0647835709447838,-3.39044569573033));
#8261=CARTESIAN_POINT('',(0.0600000000000001,0.0647835709447838,-3.39044569573033));
#8262=CARTESIAN_POINT('',(0.0600000000000001,0.909658596134637,-2.54557067054047));
#8263=CARTESIAN_POINT('',(2.,0.0647835709447838,-3.39044569573033));
#8264=CARTESIAN_POINT('',(2.,0.0647835709447838,-3.39044569573033));
#8265=CARTESIAN_POINT('',(2.,0.0162835709447838,-3.43894569573032));
#8266=CARTESIAN_POINT('Origin',(2.,0.0647835709447838,-3.38861317816141));
#8267=CARTESIAN_POINT('',(0.0600000000000001,0.0647835709447838,-3.38861317816141));
#8268=CARTESIAN_POINT('',(0.0600000000000001,0.0647835709447838,-1.64351981098713));
#8269=CARTESIAN_POINT('',(2.,0.0647835709447838,-3.38861317816141));
#8270=CARTESIAN_POINT('',(2.,0.0647835709447838,-3.38861317816141));
#8271=CARTESIAN_POINT('',(2.,0.0647835709447838,-3.39044569573033));
#8272=CARTESIAN_POINT('Origin',(2.,-0.0477355802132795,0.101573556187152));
#8273=CARTESIAN_POINT('',(0.0600000000000001,0.777110044994434,-3.2916098598067));
#8274=CARTESIAN_POINT('Origin',(0.0600000000000001,-0.0477355802132795,
0.101573556187152));
#8275=CARTESIAN_POINT('',(2.,0.777110044994434,-3.2916098598067));
#8276=CARTESIAN_POINT('',(2.,0.777110044994434,-3.2916098598067));
#8277=CARTESIAN_POINT('Origin',(2.,-0.0477355802132795,0.101573556187152));
#8278=CARTESIAN_POINT('Origin',(2.,0.777361099468183,-3.2925468078582));
#8279=CARTESIAN_POINT('',(0.0600000000000001,0.777361099468183,-3.2925468078582));
#8280=CARTESIAN_POINT('',(0.0600000000000001,0.3254605553377,-1.60603101719535));
#8281=CARTESIAN_POINT('',(2.,0.777361099468183,-3.2925468078582));
#8282=CARTESIAN_POINT('',(2.,0.777361099468183,-3.2925468078582));
#8283=CARTESIAN_POINT('',(2.,0.777110044994433,-3.2916098598067));
#8284=CARTESIAN_POINT('Origin',(2.,0.836761225730675,-3.32684148674575));
#8285=CARTESIAN_POINT('',(0.0600000000000001,0.836761225730675,-3.32684148674575));
#8286=CARTESIAN_POINT('',(0.0600000000000001,-0.237198706972463,-2.70679043050071));
#8287=CARTESIAN_POINT('',(2.,0.836761225730675,-3.32684148674575));
#8288=CARTESIAN_POINT('',(2.,0.836761225730675,-3.32684148674575));
#8289=CARTESIAN_POINT('',(2.,0.777361099468183,-3.2925468078582));
#8290=CARTESIAN_POINT('Origin',(2.,0.93045598321577,-3.30173605214259));
#8291=CARTESIAN_POINT('',(0.0600000000000001,0.93045598321577,-3.30173605214259));
#8292=CARTESIAN_POINT('',(0.0600000000000001,0.899537107475451,-3.31002073992808));
#8293=CARTESIAN_POINT('',(2.,0.93045598321577,-3.30173605214259));
#8294=CARTESIAN_POINT('',(2.,0.93045598321577,-3.30173605214259));
#8295=CARTESIAN_POINT('',(2.,0.836761225730675,-3.32684148674575));
#8296=CARTESIAN_POINT('Origin',(2.,0.964750662103317,-3.24233592588009));
#8297=CARTESIAN_POINT('',(0.0600000000000001,0.964750662103317,-3.24233592588009));
#8298=CARTESIAN_POINT('',(0.0600000000000001,1.56216752167022,-2.20757957181198));
#8299=CARTESIAN_POINT('',(2.,0.964750662103317,-3.24233592588009));
#8300=CARTESIAN_POINT('',(2.,0.964750662103317,-3.24233592588009));
#8301=CARTESIAN_POINT('',(2.,0.93045598321577,-3.30173605214259));
#8302=CARTESIAN_POINT('Origin',(2.,0.964276371655997,-3.24056584983315));
#8303=CARTESIAN_POINT('',(0.0600000000000001,0.964276371655997,-3.24056584983315));
#8304=CARTESIAN_POINT('',(0.0600000000000001,0.51261297274931,-1.55493509719374));
#8305=CARTESIAN_POINT('',(2.,0.964276371655997,-3.24056584983315));
#8306=CARTESIAN_POINT('',(2.,0.964276371655997,-3.24056584983315));
#8307=CARTESIAN_POINT('',(2.,0.964750662103317,-3.24233592588009));
#8308=CARTESIAN_POINT('Origin',(2.,-0.0477355802132795,0.101573556187152));
#8309=CARTESIAN_POINT('',(0.0600000000000001,1.62722460346164,-2.96250418158382));
#8310=CARTESIAN_POINT('Origin',(0.0600000000000001,-0.0477355802132795,
0.101573556187152));
#8311=CARTESIAN_POINT('',(2.,1.62722460346164,-2.96250418158382));
#8312=CARTESIAN_POINT('',(2.,1.62722460346164,-2.96250418158382));
#8313=CARTESIAN_POINT('Origin',(2.,-0.0477355802132795,0.101573556187152));
#8314=CARTESIAN_POINT('Origin',(2.,1.62770960346164,-2.96334422622549));
#8315=CARTESIAN_POINT('',(0.0600000000000001,1.62770960346164,-2.96334422622549));
#8316=CARTESIAN_POINT('',(0.0600000000000001,0.754704790482226,-1.45125553489309));
#8317=CARTESIAN_POINT('',(2.,1.62770960346164,-2.96334422622549));
#8318=CARTESIAN_POINT('',(2.,1.62770960346164,-2.96334422622549));
#8319=CARTESIAN_POINT('',(2.,1.62722460346164,-2.96250418158382));
#8320=CARTESIAN_POINT('Origin',(2.,1.69396183554519,-2.98109645830904));
#8321=CARTESIAN_POINT('',(0.0600000000000001,1.69396183554519,-2.98109645830904));
#8322=CARTESIAN_POINT('',(0.0600000000000001,0.496115177855408,-2.66013441372474));
#8323=CARTESIAN_POINT('',(2.,1.69396183554519,-2.98109645830904));
#8324=CARTESIAN_POINT('',(2.,1.69396183554519,-2.98109645830904));
#8325=CARTESIAN_POINT('',(2.,1.62770960346164,-2.96334422622549));
#8326=CARTESIAN_POINT('Origin',(2.,1.77796625697706,-2.93259648298223));
#8327=CARTESIAN_POINT('',(0.0600000000000001,1.77796625697706,-2.93259648298223));
#8328=CARTESIAN_POINT('',(0.0600000000000001,1.75024515136126,-2.94860127077174));
#8329=CARTESIAN_POINT('',(2.,1.77796625697706,-2.93259648298223));
#8330=CARTESIAN_POINT('',(2.,1.77796625697706,-2.93259648298223));
#8331=CARTESIAN_POINT('',(2.,1.69396183554519,-2.98109645830904));
#8332=CARTESIAN_POINT('Origin',(2.,1.7957184890606,-2.86634425089868));
#8333=CARTESIAN_POINT('',(0.0600000000000001,1.7957184890606,-2.86634425089868));
#8334=CARTESIAN_POINT('',(0.0600000000000001,2.1049642113031,-1.71222350346632));
#8335=CARTESIAN_POINT('',(2.,1.7957184890606,-2.86634425089868));
#8336=CARTESIAN_POINT('',(2.,1.7957184890606,-2.86634425089868));
#8337=CARTESIAN_POINT('',(2.,1.77796625697706,-2.93259648298223));
#8338=CARTESIAN_POINT('Origin',(2.,1.79480223027614,-2.86475724413112));
#8339=CARTESIAN_POINT('',(0.0600000000000001,1.79480223027614,-2.86475724413112));
#8340=CARTESIAN_POINT('',(0.0600000000000001,0.922255546688535,-1.35346205618272));
#8341=CARTESIAN_POINT('',(2.,1.79480223027614,-2.86475724413112));
#8342=CARTESIAN_POINT('',(2.,1.79480223027614,-2.86475724413112));
#8343=CARTESIAN_POINT('',(2.,1.7957184890606,-2.86634425089868));
#8344=CARTESIAN_POINT('Origin',(2.,-0.0477355802132795,0.101573556187152));
#8345=CARTESIAN_POINT('',(0.0600000000000001,2.36319339341398,-2.42458666915973));
#8346=CARTESIAN_POINT('Origin',(0.0600000000000001,-0.0477355802132795,
0.101573556187152));
#8347=CARTESIAN_POINT('',(2.,2.36319339341398,-2.42458666915973));
#8348=CARTESIAN_POINT('',(2.,2.36319339341398,-2.42458666915973));
#8349=CARTESIAN_POINT('Origin',(2.,-0.0477355802132795,0.101573556187152));
#8350=CARTESIAN_POINT('Origin',(2.,2.36387928699173,-2.42527256273748));
#8351=CARTESIAN_POINT('',(0.0600000000000001,2.36387928699173,-2.42527256273748));
#8352=CARTESIAN_POINT('',(0.0600000000000001,1.12926404045857,-1.19065731620586));
#8353=CARTESIAN_POINT('',(2.,2.36387928699173,-2.42527256273748));
#8354=CARTESIAN_POINT('',(2.,2.36387928699173,-2.42527256273748));
#8355=CARTESIAN_POINT('',(2.,2.36319339341398,-2.42458666915973));
#8356=CARTESIAN_POINT('Origin',(2.,2.43246864476683,-2.42527256273748));
#8357=CARTESIAN_POINT('',(0.0600000000000001,2.43246864476683,-2.42527256273748));
#8358=CARTESIAN_POINT('',(0.0600000000000001,1.19236653227678,-2.42527256273748));
#8359=CARTESIAN_POINT('',(2.,2.43246864476683,-2.42527256273748));
#8360=CARTESIAN_POINT('',(2.,2.43246864476683,-2.42527256273748));
#8361=CARTESIAN_POINT('',(2.,2.36387928699173,-2.42527256273748));
#8362=CARTESIAN_POINT('Origin',(2.,2.50105796764876,-2.35668323985555));
#8363=CARTESIAN_POINT('',(0.0600000000000001,2.50105796764876,-2.35668323985555));
#8364=CARTESIAN_POINT('',(0.0600000000000001,2.47842377969392,-2.37931742781039));
#8365=CARTESIAN_POINT('',(2.,2.50105796764876,-2.35668323985555));
#8366=CARTESIAN_POINT('',(2.,2.50105796764876,-2.35668323985555));
#8367=CARTESIAN_POINT('',(2.,2.43246864476683,-2.42527256273748));
#8368=CARTESIAN_POINT('Origin',(2.,2.50105796764876,-2.28809388208045));
#8369=CARTESIAN_POINT('',(0.0600000000000001,2.50105796764876,-2.28809388208045));
#8370=CARTESIAN_POINT('',(0.0600000000000001,2.50105796764874,-1.09326016294663));
#8371=CARTESIAN_POINT('',(2.,2.50105796764876,-2.28809388208045));
#8372=CARTESIAN_POINT('',(2.,2.50105796764876,-2.28809388208045));
#8373=CARTESIAN_POINT('',(2.,2.50105796764876,-2.35668323985555));
#8374=CARTESIAN_POINT('Origin',(2.,2.49976218204914,-2.28679809648083));
#8375=CARTESIAN_POINT('',(0.0600000000000001,2.49976218204914,-2.28679809648083));
#8376=CARTESIAN_POINT('',(0.0600000000000001,1.26579482831675,-1.05283074274803));
#8377=CARTESIAN_POINT('',(2.,2.49976218204914,-2.28679809648083));
#8378=CARTESIAN_POINT('',(2.,2.49976218204914,-2.28679809648083));
#8379=CARTESIAN_POINT('',(2.,2.50105796764876,-2.28809388208045));
#8380=CARTESIAN_POINT('Origin',(2.,-0.0477355802132795,0.101573556187152));
#8381=CARTESIAN_POINT('',(0.0600000000000001,2.93486135806214,-1.7145155120554));
#8382=CARTESIAN_POINT('Origin',(0.0600000000000001,-0.0477355802132795,
0.101573556187152));
#8383=CARTESIAN_POINT('',(2.,2.93486135806214,-1.7145155120554));
#8384=CARTESIAN_POINT('',(2.,2.93486135806214,-1.7145155120554));
#8385=CARTESIAN_POINT('Origin',(2.,-0.0477355802132795,0.101573556187152));
#8386=CARTESIAN_POINT('Origin',(2.,2.93570140270381,-1.7150005120554));
#8387=CARTESIAN_POINT('',(0.0600000000000001,2.93570140270381,-1.7150005120554));
#8388=CARTESIAN_POINT('',(0.0600000000000001,1.42361271137103,-0.841995699076667));
#8389=CARTESIAN_POINT('',(2.,2.93570140270381,-1.7150005120554));
#8390=CARTESIAN_POINT('',(2.,2.93570140270381,-1.7150005120554));
#8391=CARTESIAN_POINT('',(2.,2.93486135806214,-1.7145155120554));
#8392=CARTESIAN_POINT('Origin',(2.,3.00195363478735,-1.69724827997186));
#8393=CARTESIAN_POINT('',(0.0600000000000001,3.00195363478735,-1.69724827997186));
#8394=CARTESIAN_POINT('',(0.0600000000000001,1.80410697709758,-2.01821032455615));
#8395=CARTESIAN_POINT('',(2.,3.00195363478735,-1.69724827997186));
#8396=CARTESIAN_POINT('',(2.,3.00195363478735,-1.69724827997186));
#8397=CARTESIAN_POINT('',(2.,2.93570140270381,-1.7150005120554));
#8398=CARTESIAN_POINT('Origin',(2.,3.05045361011416,-1.61324385853999));
#8399=CARTESIAN_POINT('',(0.0600000000000001,3.05045361011416,-1.61324385853999));
#8400=CARTESIAN_POINT('',(0.0600000000000001,3.03444882232465,-1.64096496415579));
#8401=CARTESIAN_POINT('',(2.,3.05045361011416,-1.61324385853999));
#8402=CARTESIAN_POINT('',(2.,3.05045361011416,-1.61324385853999));
#8403=CARTESIAN_POINT('',(2.,3.00195363478735,-1.69724827997186));
#8404=CARTESIAN_POINT('Origin',(2.,3.03270137803062,-1.54699162645644));
#8405=CARTESIAN_POINT('',(0.0600000000000001,3.03270137803062,-1.54699162645644));
#8406=CARTESIAN_POINT('',(0.0600000000000001,2.72345565578811,-0.392870879024083));
#8407=CARTESIAN_POINT('',(2.,3.03270137803062,-1.54699162645644));
#8408=CARTESIAN_POINT('',(2.,3.03270137803062,-1.54699162645644));
#8409=CARTESIAN_POINT('',(2.,3.05045361011416,-1.61324385853999));
#8410=CARTESIAN_POINT('Origin',(2.,3.03111437126306,-1.54607536767199));
#8411=CARTESIAN_POINT('',(0.0600000000000001,3.03111437126306,-1.54607536767199));
#8412=CARTESIAN_POINT('',(0.0600000000000001,1.51981918331439,-0.67352868408487));
#8413=CARTESIAN_POINT('',(2.,3.03111437126306,-1.54607536767199));
#8414=CARTESIAN_POINT('',(2.,3.03111437126306,-1.54607536767199));
#8415=CARTESIAN_POINT('',(2.,3.03270137803062,-1.54699162645644));
#8416=CARTESIAN_POINT('Origin',(2.,-0.0477355802132795,0.101573556187152));
#8417=CARTESIAN_POINT('',(0.0600000000000001,3.30327027034131,-0.880680886179434));
#8418=CARTESIAN_POINT('Origin',(0.0600000000000001,-0.0477355802132795,
0.101573556187152));
#8419=CARTESIAN_POINT('',(2.,3.30327027034131,-0.880680886179434));
#8420=CARTESIAN_POINT('',(2.,3.30327027034131,-0.880680886179434));
#8421=CARTESIAN_POINT('Origin',(2.,-0.0477355802132795,0.101573556187152));
#8422=CARTESIAN_POINT('Origin',(2.,3.30420721839281,-0.880931940653187));
#8423=CARTESIAN_POINT('',(0.0600000000000001,3.30420721839281,-0.880931940653187));
#8424=CARTESIAN_POINT('',(0.0600000000000001,1.6176914277301,-0.429031396522144));
#8425=CARTESIAN_POINT('',(2.,3.30420721839281,-0.880931940653187));
#8426=CARTESIAN_POINT('',(2.,3.30420721839281,-0.880931940653187));
#8427=CARTESIAN_POINT('',(2.,3.30327027034131,-0.880680886179437));
#8428=CARTESIAN_POINT('Origin',(2.,3.36360734465531,-0.846637261765639));
#8429=CARTESIAN_POINT('',(0.0600000000000001,3.36360734465531,-0.846637261765639));
#8430=CARTESIAN_POINT('',(0.0600000000000001,2.28964741195218,-1.46668831801067));
#8431=CARTESIAN_POINT('',(2.,3.36360734465531,-0.846637261765639));
#8432=CARTESIAN_POINT('',(2.,3.36360734465531,-0.846637261765639));
#8433=CARTESIAN_POINT('',(2.,3.30420721839281,-0.880931940653187));
#8434=CARTESIAN_POINT('Origin',(2.,3.38871277925847,-0.752942504280544));
#8435=CARTESIAN_POINT('',(0.0600000000000001,3.38871277925847,-0.752942504280544));
#8436=CARTESIAN_POINT('',(0.0600000000000001,3.38042809147296,-0.783861380020887));
#8437=CARTESIAN_POINT('',(2.,3.38871277925847,-0.752942504280544));
#8438=CARTESIAN_POINT('',(2.,3.38871277925847,-0.752942504280544));
#8439=CARTESIAN_POINT('',(2.,3.36360734465531,-0.846637261765639));
#8440=CARTESIAN_POINT('Origin',(2.,3.35441810037092,-0.693542378018052));
#8441=CARTESIAN_POINT('',(0.0600000000000001,3.35441810037092,-0.693542378018052));
#8442=CARTESIAN_POINT('',(0.0600000000000001,2.75700124080399,0.341213976050068));
#8443=CARTESIAN_POINT('',(2.,3.35441810037092,-0.693542378018052));
#8444=CARTESIAN_POINT('',(2.,3.35441810037092,-0.693542378018052));
#8445=CARTESIAN_POINT('',(2.,3.38871277925847,-0.752942504280544));
#8446=CARTESIAN_POINT('Origin',(2.,3.35264802432398,-0.693068087570732));
#8447=CARTESIAN_POINT('',(0.0600000000000001,3.35264802432398,-0.693068087570732));
#8448=CARTESIAN_POINT('',(0.0600000000000001,1.66701727168465,-0.241404688663745));
#8449=CARTESIAN_POINT('',(2.,3.35264802432398,-0.693068087570732));
#8450=CARTESIAN_POINT('',(2.,3.35264802432398,-0.693068087570732));
#8451=CARTESIAN_POINT('',(2.,3.35441810037092,-0.693542378018052));
#8452=CARTESIAN_POINT('Origin',(2.,-0.0477355802132795,0.101573556187152));
#8453=CARTESIAN_POINT('',(0.0600000000000001,3.4433136717042,0.0200927566916));
#8454=CARTESIAN_POINT('Origin',(0.0600000000000001,-0.0477355802132795,
0.101573556187152));
#8455=CARTESIAN_POINT('',(2.,3.4433136717042,0.0200927566916));
#8456=CARTESIAN_POINT('',(2.,3.4433136717042,0.0200927566916));
#8457=CARTESIAN_POINT('Origin',(2.,-0.0477355802132795,0.101573556187152));
#8458=CARTESIAN_POINT('Origin',(2.,3.4442836717042,0.0200927566915968));
#8459=CARTESIAN_POINT('',(0.0600000000000001,3.4442836717042,0.0200927566915968));
#8460=CARTESIAN_POINT('',(0.0600000000000001,1.69827404574546,0.0200927566915726));
#8461=CARTESIAN_POINT('',(2.,3.4442836717042,0.0200927566915968));
#8462=CARTESIAN_POINT('',(2.,3.4442836717042,0.0200927566915968));
#8463=CARTESIAN_POINT('',(2.,3.4433136717042,0.0200927566915968));
#8464=CARTESIAN_POINT('Origin',(2.,3.4927836717042,0.0685927566915968));
#8465=CARTESIAN_POINT('',(0.0600000000000001,2.61589905859872,-0.808291856413884));
#8466=CARTESIAN_POINT('',(2.,3.4442836717042,0.0200927566915968));
#8467=CARTESIAN_POINT('Origin',(2.,-0.0477355802132795,0.101573556187152));
#8468=CARTESIAN_POINT('Origin',(0.0600000000000001,-0.0477355802132795,
0.101573556187152));
#8469=UNCERTAINTY_MEASURE_WITH_UNIT(LENGTH_MEASURE(0.001),#8473,
'DISTANCE_ACCURACY_VALUE',
'Maximum model space distance between geometric entities at asserted c
onnectivities');
#8470=UNCERTAINTY_MEASURE_WITH_UNIT(LENGTH_MEASURE(0.001),#8473,
'DISTANCE_ACCURACY_VALUE',
'Maximum model space distance between geometric entities at asserted c
onnectivities');
#8471=(
GEOMETRIC_REPRESENTATION_CONTEXT(3)
GLOBAL_UNCERTAINTY_ASSIGNED_CONTEXT((#8469))
GLOBAL_UNIT_ASSIGNED_CONTEXT((#8473,#8475,#8476))
REPRESENTATION_CONTEXT('','3D')
);
#8472=(
GEOMETRIC_REPRESENTATION_CONTEXT(3)
GLOBAL_UNCERTAINTY_ASSIGNED_CONTEXT((#8470))
GLOBAL_UNIT_ASSIGNED_CONTEXT((#8473,#8475,#8476))
REPRESENTATION_CONTEXT('','3D')
);
#8473=(
LENGTH_UNIT()
NAMED_UNIT(*)
SI_UNIT(.CENTI.,.METRE.)
);
#8474=(
LENGTH_UNIT()
NAMED_UNIT(*)
SI_UNIT($,.METRE.)
);
#8475=(
NAMED_UNIT(*)
PLANE_ANGLE_UNIT()
SI_UNIT($,.RADIAN.)
);
#8476=(
NAMED_UNIT(*)
SI_UNIT($,.STERADIAN.)
SOLID_ANGLE_UNIT()
);
#8477=SHAPE_DEFINITION_REPRESENTATION(#8478,#8479);
#8478=PRODUCT_DEFINITION_SHAPE('',$,#8481);
#8479=SHAPE_REPRESENTATION('',(#5204),#8471);
#8480=PRODUCT_DEFINITION_CONTEXT('part definition',#8485,'design');
#8481=PRODUCT_DEFINITION('Kolo_Mlynsky','Kolo_Mlynsky v14',#8482,#8480);
#8482=PRODUCT_DEFINITION_FORMATION('',$,#8487);
#8483=PRODUCT_RELATED_PRODUCT_CATEGORY('Kolo_Mlynsky v14',
'Kolo_Mlynsky v14',(#8487));
#8484=APPLICATION_PROTOCOL_DEFINITION('international standard',
'automotive_design',2009,#8485);
#8485=APPLICATION_CONTEXT(
'Core Data for Automotive Mechanical Design Process');
#8486=PRODUCT_CONTEXT('part definition',#8485,'mechanical');
#8487=PRODUCT('Kolo_Mlynsky','Kolo_Mlynsky v14',$,(#8486));
#8488=PRESENTATION_STYLE_ASSIGNMENT((#8490));
#8489=PRESENTATION_STYLE_ASSIGNMENT((#8491));
#8490=SURFACE_STYLE_USAGE(.BOTH.,#8492);
#8491=SURFACE_STYLE_USAGE(.BOTH.,#8493);
#8492=SURFACE_SIDE_STYLE('',(#8494));
#8493=SURFACE_SIDE_STYLE('',(#8495));
#8494=SURFACE_STYLE_FILL_AREA(#8496);
#8495=SURFACE_STYLE_FILL_AREA(#8497);
#8496=FILL_AREA_STYLE('Steel - Satin',(#8498));
#8497=FILL_AREA_STYLE('Powder Coat - Rough (Yellow)',(#8499));
#8498=FILL_AREA_STYLE_COLOUR('Steel - Satin',#8500);
#8499=FILL_AREA_STYLE_COLOUR('Powder Coat - Rough (Yellow)',#8501);
#8500=COLOUR_RGB('Steel - Satin',0.627450980392157,0.627450980392157,0.627450980392157);
#8501=COLOUR_RGB('Powder Coat - Rough (Yellow)',0.909803921568627,0.67843137254902,
0.137254901960784);
ENDSEC;
END-ISO-10303-21;
