ISO-10303-21;
HEADER;
/* Generated by software containing ST-Developer
 * from STEP Tools, Inc. (www.steptools.com) 
 */

FILE_DESCRIPTION(
/* description */ (''),
/* implementation_level */ '2;1');

FILE_NAME(
/* name */ '',
/* time_stamp */ '2026-02-19T18:15:45+01:00',
/* author */ (''),
/* organization */ (''),
/* preprocessor_version */ 'ST-DEVELOPER v20.1',
/* originating_system */ 'Autodesk Translation Framework v14.24.0.0',
/* authorisation */ '');

FILE_SCHEMA (('AUTOMOTIVE_DESIGN { 1 0 10303 214 3 1 1 }'));
ENDSEC;

DATA;
#10=MECHANICAL_DESIGN_GEOMETRIC_PRESENTATION_REPRESENTATION('',(#13),#1833);
#11=SHAPE_REPRESENTATION_RELATIONSHIP('SRR','None',#1840,#12);
#12=ADVANCED_BREP_SHAPE_REPRESENTATION('',(#14),#1832);
#13=STYLED_ITEM('',(#1849),#14);
#14=MANIFOLD_SOLID_BREP('Body1',#639);
#15=(
BOUNDED_SURFACE()
B_SPLINE_SURFACE(2,2,((#1705,#1706,#1707,#1708,#1709,#1710,#1711,#1712,
#1713),(#1714,#1715,#1716,#1717,#1718,#1719,#1720,#1721,#1722),(#1723,#1724,
#1725,#1726,#1727,#1728,#1729,#1730,#1731)),.UNSPECIFIED.,.F.,.T.,.F.)
B_SPLINE_SURFACE_WITH_KNOTS((3,3),(3,2,2,2,3),(0.,1.5707963267949),(-3.14159265358979,
-1.5707963267949,0.,1.5707963267949,3.14159265358979),.UNSPECIFIED.)
GEOMETRIC_REPRESENTATION_ITEM()
RATIONAL_B_SPLINE_SURFACE(((1.,0.707106781186548,1.,0.707106781186548,1.,
0.707106781186548,1.,0.707106781186548,1.),(0.707106781186548,0.5,0.707106781186548,
0.5,0.707106781186548,0.5,0.707106781186548,0.5,0.707106781186548),(1.,
0.707106781186548,1.,0.707106781186548,1.,0.707106781186548,1.,0.707106781186548,
1.)))
REPRESENTATION_ITEM('')
SURFACE()
);
#16=FACE_BOUND('',#117,.T.);
#17=FACE_BOUND('',#118,.T.);
#18=FACE_BOUND('',#130,.T.);
#19=FACE_BOUND('',#135,.T.);
#20=LINE('',#1028,#35);
#21=LINE('',#1176,#36);
#22=LINE('',#1205,#37);
#23=LINE('',#1236,#38);
#24=LINE('',#1238,#39);
#25=LINE('',#1270,#40);
#26=LINE('',#1298,#41);
#27=LINE('',#1377,#42);
#28=LINE('',#1398,#43);
#29=LINE('',#1579,#44);
#30=LINE('',#1600,#45);
#31=LINE('',#1817,#46);
#32=LINE('',#1819,#47);
#33=LINE('',#1821,#48);
#34=LINE('',#1823,#49);
#35=VECTOR('',#776,1.805);
#36=VECTOR('',#843,1.);
#37=VECTOR('',#844,1.);
#38=VECTOR('',#845,1.);
#39=VECTOR('',#846,1.);
#40=VECTOR('',#847,1.);
#41=VECTOR('',#848,1.);
#42=VECTOR('',#857,1.);
#43=VECTOR('',#858,1.);
#44=VECTOR('',#863,1.);
#45=VECTOR('',#864,1.);
#46=VECTOR('',#887,1.);
#47=VECTOR('',#890,1.);
#48=VECTOR('',#893,0.265000000000001);
#49=VECTOR('',#896,0.265000000000001);
#50=CYLINDRICAL_SURFACE('',#672,1.815);
#51=CYLINDRICAL_SURFACE('',#706,2.80500000000003);
#52=CYLINDRICAL_SURFACE('',#723,5.);
#53=CYLINDRICAL_SURFACE('',#724,5.);
#54=CYLINDRICAL_SURFACE('',#725,0.265000000000001);
#55=CYLINDRICAL_SURFACE('',#726,0.265000000000001);
#56=CYLINDRICAL_SURFACE('',#731,8.);
#57=PLANE('',#668);
#58=PLANE('',#670);
#59=PLANE('',#685);
#60=PLANE('',#688);
#61=PLANE('',#709);
#62=PLANE('',#711);
#63=PLANE('',#715);
#64=PLANE('',#730);
#65=B_SPLINE_SURFACE_WITH_KNOTS('',3,3,((#937,#938,#939,#940,#941,#942,
#943),(#944,#945,#946,#947,#948,#949,#950),(#951,#952,#953,#954,#955,#956,
#957),(#958,#959,#960,#961,#962,#963,#964),(#965,#966,#967,#968,#969,#970,
#971),(#972,#973,#974,#975,#976,#977,#978)),.UNSPECIFIED.,.F.,.F.,.F.,(4,
1,1,4),(4,1,1,1,4),(0.,0.285714285714286,0.571428571428571,1.),(-3.14159265358979,
-1.34639685153848,-0.448798950512828,1.34639685153848,3.14159265358979),
 .UNSPECIFIED.);
#66=B_SPLINE_SURFACE_WITH_KNOTS('',3,1,((#1357,#1358),(#1359,#1360),(#1361,
#1362),(#1363,#1364),(#1365,#1366),(#1367,#1368),(#1369,#1370),(#1371,#1372),
(#1373,#1374),(#1375,#1376)),.UNSPECIFIED.,.F.,.F.,.F.,(4,3,3,4),(2,2),
(-0.148290966388724,-0.0102538974360216,0.0883535891672441,0.148290966388723),
(-1.60176069241146,0.1),.UNSPECIFIED.);
#67=B_SPLINE_SURFACE_WITH_KNOTS('',3,1,((#1378,#1379),(#1380,#1381),(#1382,
#1383),(#1384,#1385),(#1386,#1387),(#1388,#1389),(#1390,#1391),(#1392,#1393),
(#1394,#1395),(#1396,#1397)),.UNSPECIFIED.,.F.,.F.,.F.,(4,3,3,4),(2,2),
(-0.148290966388724,-0.0102538974360216,0.0883535891672441,0.148290966388723),
(-1.60176069241146,0.1),.UNSPECIFIED.);
#68=B_SPLINE_SURFACE_WITH_KNOTS('',3,1,((#1399,#1400),(#1401,#1402),(#1403,
#1404),(#1405,#1406),(#1407,#1408),(#1409,#1410),(#1411,#1412),(#1413,#1414),
(#1415,#1416),(#1417,#1418),(#1419,#1420),(#1421,#1422),(#1423,#1424),(#1425,
#1426),(#1427,#1428),(#1429,#1430),(#1431,#1432),(#1433,#1434),(#1435,#1436),
(#1437,#1438),(#1439,#1440),(#1441,#1442),(#1443,#1444),(#1445,#1446),(#1447,
#1448),(#1449,#1450),(#1451,#1452),(#1453,#1454),(#1455,#1456),(#1457,#1458),
(#1459,#1460),(#1461,#1462),(#1463,#1464),(#1465,#1466),(#1467,#1468),(#1469,
#1470),(#1471,#1472),(#1473,#1474),(#1475,#1476),(#1477,#1478)),
 .UNSPECIFIED.,.F.,.F.,.F.,(4,3,3,3,3,3,3,3,3,3,3,3,3,4),(2,2),(0.148271284546515,
0.25567814606389,0.397993047477789,0.491409950616923,0.593468925281404,
0.69190921670667,0.797393224175503,0.893354482736759,0.990221859252638,
1.09240517149759,1.18924410096686,1.27629398505766,1.3841803280806,1.4553301311279),
(-1.60194986443927,0.1),.UNSPECIFIED.);
#69=B_SPLINE_SURFACE_WITH_KNOTS('',3,1,((#1559,#1560),(#1561,#1562),(#1563,
#1564),(#1565,#1566),(#1567,#1568),(#1569,#1570),(#1571,#1572),(#1573,#1574),
(#1575,#1576),(#1577,#1578)),.UNSPECIFIED.,.F.,.F.,.F.,(4,3,3,4),(2,2),
(-0.148290966388724,-0.0102538974360216,0.0883535891672441,0.148290966388723),
(-1.60176069241146,0.1),.UNSPECIFIED.);
#70=B_SPLINE_SURFACE_WITH_KNOTS('',3,1,((#1580,#1581),(#1582,#1583),(#1584,
#1585),(#1586,#1587),(#1588,#1589),(#1590,#1591),(#1592,#1593),(#1594,#1595),
(#1596,#1597),(#1598,#1599)),.UNSPECIFIED.,.F.,.F.,.F.,(4,3,3,4),(2,2),
(-0.148290966388724,-0.0102538974360216,0.0883535891672441,0.148290966388723),
(-1.60176069241146,0.1),.UNSPECIFIED.);
#71=B_SPLINE_SURFACE_WITH_KNOTS('',3,1,((#1601,#1602),(#1603,#1604),(#1605,
#1606),(#1607,#1608),(#1609,#1610),(#1611,#1612),(#1613,#1614),(#1615,#1616),
(#1617,#1618),(#1619,#1620),(#1621,#1622),(#1623,#1624),(#1625,#1626),(#1627,
#1628),(#1629,#1630),(#1631,#1632),(#1633,#1634),(#1635,#1636),(#1637,#1638),
(#1639,#1640),(#1641,#1642),(#1643,#1644),(#1645,#1646),(#1647,#1648),(#1649,
#1650),(#1651,#1652),(#1653,#1654),(#1655,#1656),(#1657,#1658),(#1659,#1660),
(#1661,#1662),(#1663,#1664),(#1665,#1666),(#1667,#1668),(#1669,#1670),(#1671,
#1672),(#1673,#1674),(#1675,#1676),(#1677,#1678),(#1679,#1680)),
 .UNSPECIFIED.,.F.,.F.,.F.,(4,3,3,3,3,3,3,3,3,3,3,3,3,4),(2,2),(0.148271284546515,
0.25567814606389,0.397993047477789,0.491409950616923,0.593468925281404,
0.69190921670667,0.797393224175503,0.893354482736759,0.990221859252638,
1.09240517149759,1.18924410096686,1.27629398505766,1.3841803280806,1.4553301311279),
(-1.60194986443927,0.1),.UNSPECIFIED.);
#72=B_SPLINE_SURFACE_WITH_KNOTS('',3,3,((#1736,#1737,#1738,#1739,#1740),
(#1741,#1742,#1743,#1744,#1745),(#1746,#1747,#1748,#1749,#1750),(#1751,
#1752,#1753,#1754,#1755),(#1756,#1757,#1758,#1759,#1760),(#1761,#1762,#1763,
#1764,#1765)),.UNSPECIFIED.,.F.,.F.,.F.,(4,1,1,4),(4,1,4),(0.,0.285714285714286,
0.571428571428571,1.),(0.,1.04632904566413,1.83107582991223),
 .UNSPECIFIED.);
#73=B_SPLINE_SURFACE_WITH_KNOTS('',3,3,((#1777,#1778,#1779,#1780,#1781),
(#1782,#1783,#1784,#1785,#1786),(#1787,#1788,#1789,#1790,#1791),(#1792,
#1793,#1794,#1795,#1796),(#1797,#1798,#1799,#1800,#1801),(#1802,#1803,#1804,
#1805,#1806)),.UNSPECIFIED.,.F.,.F.,.F.,(4,1,1,4),(4,1,4),(0.,0.285714285714286,
0.571428571428571,1.),(0.,0.784742587865145,1.831066038352),
 .UNSPECIFIED.);
#74=FACE_OUTER_BOUND('',#111,.T.);
#75=FACE_OUTER_BOUND('',#112,.T.);
#76=FACE_OUTER_BOUND('',#113,.T.);
#77=FACE_OUTER_BOUND('',#114,.T.);
#78=FACE_OUTER_BOUND('',#115,.T.);
#79=FACE_OUTER_BOUND('',#116,.T.);
#80=FACE_OUTER_BOUND('',#119,.T.);
#81=FACE_OUTER_BOUND('',#120,.T.);
#82=FACE_OUTER_BOUND('',#121,.T.);
#83=FACE_OUTER_BOUND('',#122,.T.);
#84=FACE_OUTER_BOUND('',#123,.T.);
#85=FACE_OUTER_BOUND('',#124,.T.);
#86=FACE_OUTER_BOUND('',#125,.T.);
#87=FACE_OUTER_BOUND('',#126,.T.);
#88=FACE_OUTER_BOUND('',#127,.T.);
#89=FACE_OUTER_BOUND('',#128,.T.);
#90=FACE_OUTER_BOUND('',#129,.T.);
#91=FACE_OUTER_BOUND('',#131,.T.);
#92=FACE_OUTER_BOUND('',#132,.T.);
#93=FACE_OUTER_BOUND('',#133,.T.);
#94=FACE_OUTER_BOUND('',#134,.T.);
#95=FACE_OUTER_BOUND('',#136,.T.);
#96=FACE_OUTER_BOUND('',#137,.T.);
#97=FACE_OUTER_BOUND('',#138,.T.);
#98=FACE_OUTER_BOUND('',#139,.T.);
#99=FACE_OUTER_BOUND('',#140,.T.);
#100=FACE_OUTER_BOUND('',#141,.T.);
#101=FACE_OUTER_BOUND('',#142,.T.);
#102=FACE_OUTER_BOUND('',#143,.T.);
#103=FACE_OUTER_BOUND('',#144,.T.);
#104=FACE_OUTER_BOUND('',#145,.T.);
#105=FACE_OUTER_BOUND('',#146,.T.);
#106=FACE_OUTER_BOUND('',#147,.T.);
#107=FACE_OUTER_BOUND('',#148,.T.);
#108=FACE_OUTER_BOUND('',#149,.T.);
#109=FACE_OUTER_BOUND('',#150,.T.);
#110=FACE_OUTER_BOUND('',#151,.T.);
#111=EDGE_LOOP('',(#394,#395,#396,#397,#398,#399,#400,#401,#402));
#112=EDGE_LOOP('',(#403,#404,#405,#406,#407));
#113=EDGE_LOOP('',(#408,#409,#410,#411,#412,#413,#414,#415,#416,#417,#418));
#114=EDGE_LOOP('',(#419,#420,#421));
#115=EDGE_LOOP('',(#422,#423,#424));
#116=EDGE_LOOP('',(#425,#426,#427,#428,#429,#430));
#117=EDGE_LOOP('',(#431));
#118=EDGE_LOOP('',(#432));
#119=EDGE_LOOP('',(#433,#434,#435,#436,#437,#438,#439,#440,#441,#442,#443));
#120=EDGE_LOOP('',(#444,#445,#446,#447,#448));
#121=EDGE_LOOP('',(#449,#450,#451));
#122=EDGE_LOOP('',(#452,#453,#454));
#123=EDGE_LOOP('',(#455,#456,#457,#458,#459,#460,#461,#462,#463,#464,#465));
#124=EDGE_LOOP('',(#466,#467,#468,#469));
#125=EDGE_LOOP('',(#470,#471,#472,#473,#474));
#126=EDGE_LOOP('',(#475,#476,#477,#478,#479));
#127=EDGE_LOOP('',(#480,#481,#482,#483,#484,#485,#486,#487,#488,#489,#490,
#491,#492,#493,#494,#495));
#128=EDGE_LOOP('',(#496,#497,#498,#499,#500));
#129=EDGE_LOOP('',(#501,#502,#503,#504));
#130=EDGE_LOOP('',(#505));
#131=EDGE_LOOP('',(#506,#507,#508));
#132=EDGE_LOOP('',(#509,#510,#511));
#133=EDGE_LOOP('',(#512,#513,#514,#515,#516,#517));
#134=EDGE_LOOP('',(#518,#519,#520,#521));
#135=EDGE_LOOP('',(#522));
#136=EDGE_LOOP('',(#523,#524,#525));
#137=EDGE_LOOP('',(#526,#527,#528));
#138=EDGE_LOOP('',(#529,#530,#531,#532,#533,#534));
#139=EDGE_LOOP('',(#535,#536,#537,#538,#539));
#140=EDGE_LOOP('',(#540));
#141=EDGE_LOOP('',(#541,#542,#543,#544));
#142=EDGE_LOOP('',(#545,#546,#547,#548));
#143=EDGE_LOOP('',(#549,#550,#551,#552));
#144=EDGE_LOOP('',(#553,#554,#555,#556,#557));
#145=EDGE_LOOP('',(#558,#559,#560,#561,#562,#563,#564));
#146=EDGE_LOOP('',(#565,#566,#567,#568,#569,#570,#571));
#147=EDGE_LOOP('',(#572,#573,#574,#575));
#148=EDGE_LOOP('',(#576,#577,#578,#579));
#149=EDGE_LOOP('',(#580,#581,#582,#583,#584));
#150=EDGE_LOOP('',(#585));
#151=EDGE_LOOP('',(#586,#587,#588,#589));
#152=CIRCLE('',#654,2.315);
#153=CIRCLE('',#655,0.5);
#154=CIRCLE('',#656,1.815);
#155=CIRCLE('',#657,1.815);
#156=CIRCLE('',#658,0.499999999999999);
#157=CIRCLE('',#659,2.315);
#158=CIRCLE('',#660,2.31000000000002);
#159=CIRCLE('',#662,7.06219095841794);
#160=CIRCLE('',#663,1.);
#161=CIRCLE('',#664,8.005);
#162=CIRCLE('',#665,7.66833333333333);
#163=CIRCLE('',#666,8.005);
#164=CIRCLE('',#667,7.06219095841794);
#165=CIRCLE('',#669,5.5);
#166=CIRCLE('',#671,5.5);
#167=CIRCLE('',#673,1.815);
#168=CIRCLE('',#675,0.5);
#169=CIRCLE('',#676,2.31000000000002);
#170=CIRCLE('',#677,2.315);
#171=CIRCLE('',#678,2.315);
#172=CIRCLE('',#679,2.31000000000002);
#173=CIRCLE('',#681,5.5);
#174=CIRCLE('',#682,0.5);
#175=CIRCLE('',#683,5.);
#176=CIRCLE('',#684,0.5);
#177=CIRCLE('',#686,5.5);
#178=CIRCLE('',#687,7.5);
#179=CIRCLE('',#689,7.5);
#180=CIRCLE('',#691,7.);
#181=CIRCLE('',#692,7.);
#182=CIRCLE('',#693,0.5);
#183=CIRCLE('',#694,0.499999999999999);
#184=CIRCLE('',#695,8.);
#185=CIRCLE('',#697,0.5);
#186=CIRCLE('',#698,2.80500000000003);
#187=CIRCLE('',#699,0.5);
#188=CIRCLE('',#701,0.5);
#189=CIRCLE('',#702,5.);
#190=CIRCLE('',#704,2.80500000000003);
#191=CIRCLE('',#705,0.499999999999999);
#192=CIRCLE('',#708,5.);
#193=CIRCLE('',#710,0.265000000000001);
#194=CIRCLE('',#712,0.265000000000001);
#195=CIRCLE('',#713,3.5);
#196=CIRCLE('',#714,3.5);
#197=CIRCLE('',#716,0.5);
#198=CIRCLE('',#718,0.5);
#199=CIRCLE('',#719,8.);
#200=CIRCLE('',#720,0.5);
#201=CIRCLE('',#722,5.);
#202=CIRCLE('',#728,6.5907864376269);
#203=CIRCLE('',#729,0.5);
#204=B_SPLINE_CURVE_WITH_KNOTS('',3,(#911,#912,#913,#914,#915,#916),
 .UNSPECIFIED.,.F.,.F.,(4,2,4),(0.0392284458532857,0.216208183869476,0.219765365030758),
 .UNSPECIFIED.);
#205=B_SPLINE_CURVE_WITH_KNOTS('',3,(#930,#931,#932,#933,#934,#935),
 .UNSPECIFIED.,.F.,.F.,(4,2,4),(-0.00355403213136435,0.,0.17682306511794),
 .UNSPECIFIED.);
#206=B_SPLINE_CURVE_WITH_KNOTS('',3,(#980,#981,#982,#983,#984),
 .UNSPECIFIED.,.F.,.F.,(4,1,4),(-3.14159265358979,-1.34639685153848,-0.000233203555371982),
 .UNSPECIFIED.);
#207=B_SPLINE_CURVE_WITH_KNOTS('',3,(#985,#986,#987,#988,#989,#990),
 .UNSPECIFIED.,.F.,.F.,(4,1,1,4),(-0.000233203555372011,0.448798950512828,
1.34639685153848,3.14159265358979),.UNSPECIFIED.);
#208=B_SPLINE_CURVE_WITH_KNOTS('',3,(#991,#992,#993,#994,#995,#996,#997),
 .UNSPECIFIED.,.F.,.F.,(4,1,1,1,4),(-3.14159265358979,-1.34639685153848,
-0.448798950512828,1.34639685153848,3.14159265358979),.UNSPECIFIED.);
#209=B_SPLINE_CURVE_WITH_KNOTS('',3,(#1006,#1007,#1008,#1009,#1010),
 .UNSPECIFIED.,.F.,.F.,(4,1,4),(-1.831066038352,-0.784742587865145,0.),
 .UNSPECIFIED.);
#210=B_SPLINE_CURVE_WITH_KNOTS('',3,(#1014,#1015,#1016,#1017,#1018),
 .UNSPECIFIED.,.F.,.F.,(4,1,4),(0.,1.04632904566413,1.83107582991223),
 .UNSPECIFIED.);
#211=B_SPLINE_CURVE_WITH_KNOTS('',3,(#1030,#1031,#1032,#1033,#1034,#1035,
#1036,#1037,#1038,#1039,#1040,#1041,#1042,#1043,#1044,#1045,#1046,#1047,
#1048,#1049,#1050,#1051,#1052,#1053,#1054,#1055,#1056,#1057,#1058,#1059,
#1060,#1061,#1062,#1063),.UNSPECIFIED.,.T.,.F.,(4,2,2,2,2,2,2,2,2,2,2,2,
2,2,2,2,4),(0.,0.0999764004911868,0.199952800982374,0.299927638430788,0.399902475879203,
0.499877313327618,0.599852150776032,0.699828551267219,0.799804951758406,
0.899781352249593,0.99975775274078,1.09973259018919,1.19970742763761,1.29968226508602,
1.39965710253444,1.49963350302563,1.59960990351681),.UNSPECIFIED.);
#212=B_SPLINE_CURVE_WITH_KNOTS('',3,(#1065,#1066,#1067,#1068,#1069,#1070,
#1071,#1072,#1073,#1074,#1075,#1076,#1077,#1078,#1079,#1080,#1081,#1082,
#1083,#1084,#1085,#1086,#1087,#1088,#1089,#1090,#1091,#1092,#1093,#1094,
#1095,#1096,#1097,#1098),.UNSPECIFIED.,.T.,.F.,(4,2,2,2,2,2,2,2,2,2,2,2,
2,2,2,2,4),(0.,0.0999764004911871,0.199952800982374,0.299927638430789,0.399902475879203,
0.499877313327618,0.599852150776033,0.69982855126722,0.799804951758406,
0.899781352249593,0.99975775274078,1.09973259018919,1.19970742763761,1.29968226508602,
1.39965710253444,1.49963350302563,1.59960990351681),.UNSPECIFIED.);
#213=B_SPLINE_CURVE_WITH_KNOTS('',3,(#1105,#1106,#1107,#1108,#1109,#1110),
 .UNSPECIFIED.,.F.,.F.,(4,2,4),(0.0392284486293902,0.215791858948078,0.219764883906308),
 .UNSPECIFIED.);
#214=B_SPLINE_CURVE_WITH_KNOTS('',3,(#1114,#1115,#1116,#1117,#1118,#1119),
 .UNSPECIFIED.,.F.,.F.,(4,2,4),(-0.00590316107943096,0.,0.224216302050818),
 .UNSPECIFIED.);
#215=B_SPLINE_CURVE_WITH_KNOTS('',3,(#1121,#1122,#1123,#1124,#1125,#1126),
 .UNSPECIFIED.,.F.,.F.,(4,2,4),(0.224216302050818,0.448432604101573,0.45433576518097),
 .UNSPECIFIED.);
#216=B_SPLINE_CURVE_WITH_KNOTS('',3,(#1130,#1131,#1132,#1133,#1134,#1135),
 .UNSPECIFIED.,.F.,.F.,(4,2,4),(-0.00396953926413338,0.,0.176408504031235),
 .UNSPECIFIED.);
#217=B_SPLINE_CURVE_WITH_KNOTS('',3,(#1178,#1179,#1180,#1181,#1182,#1183),
 .UNSPECIFIED.,.F.,.F.,(4,2,4),(0.000192338347121382,0.272939037886745,
0.534950720178404),.UNSPECIFIED.);
#218=B_SPLINE_CURVE_WITH_KNOTS('',3,(#1185,#1186,#1187,#1188,#1189,#1190,
#1191,#1192,#1193,#1194,#1195,#1196,#1197,#1198,#1199,#1200,#1201,#1202,
#1203),.UNSPECIFIED.,.F.,.F.,(4,3,3,3,3,3,4),(0.,0.0754086237884546,0.154233715961232,
0.183419867108209,0.258135027045042,0.329546954282174,0.365156368784204),
 .UNSPECIFIED.);
#219=B_SPLINE_CURVE_WITH_KNOTS('',3,(#1207,#1208,#1209,#1210,#1211,#1212,
#1213,#1214,#1215,#1216,#1217,#1218,#1219,#1220,#1221,#1222,#1223,#1224,
#1225,#1226,#1227,#1228),.UNSPECIFIED.,.F.,.F.,(4,3,3,3,3,3,3,4),(0.,0.0746257537330814,
0.14922452989977,0.180814042056808,0.181741350155789,0.259759428809376,
0.337369414380606,0.365244013151721),.UNSPECIFIED.);
#220=B_SPLINE_CURVE_WITH_KNOTS('',3,(#1230,#1231,#1232,#1233,#1234,#1235),
 .UNSPECIFIED.,.F.,.F.,(4,2,4),(0.,0.261849427555033,0.534539925734015),
 .UNSPECIFIED.);
#221=B_SPLINE_CURVE_WITH_KNOTS('',3,(#1240,#1241,#1242,#1243,#1244,#1245),
 .UNSPECIFIED.,.F.,.F.,(4,2,4),(0.000192338347125025,0.272939037886782,
0.534950720178425),.UNSPECIFIED.);
#222=B_SPLINE_CURVE_WITH_KNOTS('',3,(#1247,#1248,#1249,#1250,#1251,#1252,
#1253,#1254,#1255,#1256,#1257,#1258,#1259,#1260,#1261,#1262,#1263,#1264,
#1265,#1266,#1267,#1268),.UNSPECIFIED.,.F.,.F.,(4,3,3,3,3,3,3,4),(0.,0.0773692853764873,
0.155508680168854,0.18341986710818,0.184385563345507,0.258875470241263,
0.333559520456375,0.365156368784105),.UNSPECIFIED.);
#223=B_SPLINE_CURVE_WITH_KNOTS('',3,(#1272,#1273,#1274,#1275,#1276,#1277,
#1278,#1279,#1280,#1281,#1282,#1283,#1284,#1285,#1286,#1287,#1288,#1289,
#1290),.UNSPECIFIED.,.F.,.F.,(4,3,3,3,3,3,4),(0.,0.0709823807545793,0.14549645951749,
0.181741350155779,0.260735707924792,0.336505134698323,0.365244013151699),
 .UNSPECIFIED.);
#224=B_SPLINE_CURVE_WITH_KNOTS('',3,(#1292,#1293,#1294,#1295,#1296,#1297),
 .UNSPECIFIED.,.F.,.F.,(4,2,4),(0.,0.261849427555061,0.534539925733879),
 .UNSPECIFIED.);
#225=B_SPLINE_CURVE_WITH_KNOTS('',3,(#1303,#1304,#1305,#1306,#1307,#1308,
#1309),.UNSPECIFIED.,.F.,.F.,(4,3,4),(0.0289552873402635,0.0883535891672441,
0.148290966388723),.UNSPECIFIED.);
#226=B_SPLINE_CURVE_WITH_KNOTS('',3,(#1311,#1312,#1313,#1314,#1315,#1316,
#1317,#1318,#1319,#1320,#1321,#1322,#1323,#1324,#1325,#1326,#1327,#1328,
#1329,#1330,#1331,#1332,#1333,#1334,#1335,#1336,#1337,#1338,#1339,#1340,
#1341,#1342,#1343,#1344,#1345,#1346,#1347,#1348,#1349,#1350),
 .UNSPECIFIED.,.F.,.F.,(4,3,3,3,3,3,3,3,3,3,3,3,3,4),(0.148271284546515,
0.25567814606389,0.397993047477789,0.491409950616923,0.593468925281404,
0.69190921670667,0.797393224175503,0.893354482736759,0.990221859252638,
1.09240517149759,1.18924410096686,1.27629398505766,1.3841803280806,1.4553301311279),
 .UNSPECIFIED.);
#227=B_SPLINE_CURVE_WITH_KNOTS('',3,(#1351,#1352,#1353,#1354),
 .UNSPECIFIED.,.F.,.F.,(4,4),(-0.148290966388724,-0.0289552875685391),
 .UNSPECIFIED.);
#228=B_SPLINE_CURVE_WITH_KNOTS('',3,(#1479,#1480,#1481,#1482,#1483,#1484,
#1485,#1486,#1487,#1488,#1489,#1490,#1491,#1492,#1493,#1494,#1495,#1496,
#1497,#1498,#1499,#1500,#1501,#1502),.UNSPECIFIED.,.F.,.F.,(4,2,2,2,2,2,
2,2,2,2,2,4),(0.000193623289813922,0.285688427194392,0.590421925052159,
0.742536548131457,1.05265236254452,1.35040697545703,1.63774477308074,1.9240316083997,
2.21835316938186,2.52922638610142,2.70352634408069,2.8847555609761),
 .UNSPECIFIED.);
#229=B_SPLINE_CURVE_WITH_KNOTS('',3,(#1505,#1506,#1507,#1508),
 .UNSPECIFIED.,.F.,.F.,(4,4),(-0.148290966388724,-0.0289552875685338),
 .UNSPECIFIED.);
#230=B_SPLINE_CURVE_WITH_KNOTS('',3,(#1510,#1511,#1512,#1513,#1514,#1515,
#1516,#1517,#1518,#1519,#1520,#1521,#1522,#1523,#1524,#1525,#1526,#1527,
#1528,#1529,#1530,#1531,#1532,#1533,#1534,#1535,#1536,#1537,#1538,#1539,
#1540,#1541,#1542,#1543,#1544,#1545,#1546,#1547,#1548,#1549),
 .UNSPECIFIED.,.F.,.F.,(4,3,3,3,3,3,3,3,3,3,3,3,3,4),(0.148271284546515,
0.25567814606389,0.397993047477789,0.491409950616923,0.593468925281404,
0.69190921670667,0.797393224175503,0.893354482736759,0.990221859252638,
1.09240517149759,1.18924410096686,1.27629398505766,1.3841803280806,1.4553301311279),
 .UNSPECIFIED.);
#231=B_SPLINE_CURVE_WITH_KNOTS('',3,(#1550,#1551,#1552,#1553,#1554,#1555,
#1556),.UNSPECIFIED.,.F.,.F.,(4,3,4),(0.0289552873402585,0.0883535891672441,
0.148290966388723),.UNSPECIFIED.);
#232=B_SPLINE_CURVE_WITH_KNOTS('',3,(#1681,#1682,#1683,#1684,#1685,#1686,
#1687,#1688,#1689,#1690,#1691,#1692,#1693,#1694,#1695,#1696,#1697,#1698,
#1699,#1700,#1701,#1702,#1703,#1704),.UNSPECIFIED.,.F.,.F.,(4,2,2,2,2,2,
2,2,2,2,2,4),(0.000193623289821121,0.285688427194719,0.590421925052753,
0.742536548132055,1.05265236254514,1.35040697545768,1.63774477308143,1.9240316084004,
2.21835316938264,2.52922638610239,2.70352634408144,2.88475556097666),
 .UNSPECIFIED.);
#233=B_SPLINE_CURVE_WITH_KNOTS('',3,(#1768,#1769,#1770,#1771,#1772),
 .UNSPECIFIED.,.F.,.F.,(4,1,4),(-1.83107582991223,-1.04632904566413,0.),
 .UNSPECIFIED.);
#234=B_SPLINE_CURVE_WITH_KNOTS('',3,(#1809,#1810,#1811,#1812,#1813),
 .UNSPECIFIED.,.F.,.F.,(4,1,4),(0.,0.784742587865145,1.831066038352),
 .UNSPECIFIED.);
#235=VERTEX_POINT('',#909);
#236=VERTEX_POINT('',#910);
#237=VERTEX_POINT('',#917);
#238=VERTEX_POINT('',#919);
#239=VERTEX_POINT('',#921);
#240=VERTEX_POINT('',#923);
#241=VERTEX_POINT('',#925);
#242=VERTEX_POINT('',#927);
#243=VERTEX_POINT('',#929);
#244=VERTEX_POINT('',#979);
#245=VERTEX_POINT('',#999);
#246=VERTEX_POINT('',#1000);
#247=VERTEX_POINT('',#1003);
#248=VERTEX_POINT('',#1005);
#249=VERTEX_POINT('',#1011);
#250=VERTEX_POINT('',#1013);
#251=VERTEX_POINT('',#1026);
#252=VERTEX_POINT('',#1029);
#253=VERTEX_POINT('',#1064);
#254=VERTEX_POINT('',#1100);
#255=VERTEX_POINT('',#1102);
#256=VERTEX_POINT('',#1104);
#257=VERTEX_POINT('',#1111);
#258=VERTEX_POINT('',#1113);
#259=VERTEX_POINT('',#1120);
#260=VERTEX_POINT('',#1127);
#261=VERTEX_POINT('',#1129);
#262=VERTEX_POINT('',#1138);
#263=VERTEX_POINT('',#1140);
#264=VERTEX_POINT('',#1142);
#265=VERTEX_POINT('',#1146);
#266=VERTEX_POINT('',#1152);
#267=VERTEX_POINT('',#1153);
#268=VERTEX_POINT('',#1157);
#269=VERTEX_POINT('',#1161);
#270=VERTEX_POINT('',#1163);
#271=VERTEX_POINT('',#1167);
#272=VERTEX_POINT('',#1171);
#273=VERTEX_POINT('',#1175);
#274=VERTEX_POINT('',#1177);
#275=VERTEX_POINT('',#1184);
#276=VERTEX_POINT('',#1204);
#277=VERTEX_POINT('',#1206);
#278=VERTEX_POINT('',#1229);
#279=VERTEX_POINT('',#1237);
#280=VERTEX_POINT('',#1239);
#281=VERTEX_POINT('',#1246);
#282=VERTEX_POINT('',#1269);
#283=VERTEX_POINT('',#1271);
#284=VERTEX_POINT('',#1291);
#285=VERTEX_POINT('',#1302);
#286=VERTEX_POINT('',#1310);
#287=VERTEX_POINT('',#1355);
#288=VERTEX_POINT('',#1504);
#289=VERTEX_POINT('',#1509);
#290=VERTEX_POINT('',#1557);
#291=VERTEX_POINT('',#1732);
#292=VERTEX_POINT('',#1766);
#293=VERTEX_POINT('',#1774);
#294=VERTEX_POINT('',#1807);
#295=VERTEX_POINT('',#1825);
#296=EDGE_CURVE('',#235,#236,#204,.T.);
#297=EDGE_CURVE('',#236,#237,#152,.T.);
#298=EDGE_CURVE('',#237,#238,#153,.T.);
#299=EDGE_CURVE('',#238,#239,#154,.T.);
#300=EDGE_CURVE('',#239,#240,#155,.T.);
#301=EDGE_CURVE('',#240,#241,#156,.T.);
#302=EDGE_CURVE('',#241,#242,#157,.T.);
#303=EDGE_CURVE('',#242,#243,#205,.T.);
#304=EDGE_CURVE('',#243,#235,#158,.T.);
#305=EDGE_CURVE('',#237,#244,#206,.T.);
#306=EDGE_CURVE('',#244,#241,#207,.T.);
#307=EDGE_CURVE('',#240,#238,#208,.T.);
#308=EDGE_CURVE('',#245,#246,#159,.T.);
#309=EDGE_CURVE('',#245,#244,#160,.T.);
#310=EDGE_CURVE('',#237,#247,#161,.T.);
#311=EDGE_CURVE('',#248,#247,#209,.T.);
#312=EDGE_CURVE('',#249,#248,#162,.T.);
#313=EDGE_CURVE('',#250,#249,#210,.T.);
#314=EDGE_CURVE('',#250,#241,#163,.T.);
#315=EDGE_CURVE('',#246,#245,#164,.T.);
#316=EDGE_CURVE('',#247,#236,#165,.T.);
#317=EDGE_CURVE('',#242,#250,#166,.T.);
#318=EDGE_CURVE('',#251,#251,#167,.T.);
#319=EDGE_CURVE('',#251,#239,#20,.T.);
#320=EDGE_CURVE('',#252,#252,#211,.F.);
#321=EDGE_CURVE('',#253,#253,#212,.F.);
#322=EDGE_CURVE('',#251,#254,#168,.T.);
#323=EDGE_CURVE('',#254,#255,#169,.T.);
#324=EDGE_CURVE('',#255,#256,#213,.T.);
#325=EDGE_CURVE('',#256,#257,#170,.T.);
#326=EDGE_CURVE('',#257,#258,#214,.T.);
#327=EDGE_CURVE('',#258,#259,#215,.T.);
#328=EDGE_CURVE('',#259,#260,#171,.T.);
#329=EDGE_CURVE('',#260,#261,#216,.T.);
#330=EDGE_CURVE('',#261,#254,#172,.T.);
#331=EDGE_CURVE('',#260,#262,#173,.T.);
#332=EDGE_CURVE('',#263,#262,#174,.T.);
#333=EDGE_CURVE('',#263,#264,#175,.T.);
#334=EDGE_CURVE('',#261,#264,#176,.T.);
#335=EDGE_CURVE('',#265,#256,#177,.T.);
#336=EDGE_CURVE('',#257,#265,#178,.T.);
#337=EDGE_CURVE('',#262,#259,#179,.T.);
#338=EDGE_CURVE('',#266,#267,#180,.T.);
#339=EDGE_CURVE('',#267,#266,#181,.T.);
#340=EDGE_CURVE('',#266,#258,#182,.T.);
#341=EDGE_CURVE('',#268,#265,#183,.T.);
#342=EDGE_CURVE('',#268,#263,#184,.T.);
#343=EDGE_CURVE('',#243,#269,#185,.T.);
#344=EDGE_CURVE('',#269,#270,#186,.T.);
#345=EDGE_CURVE('',#270,#235,#187,.T.);
#346=EDGE_CURVE('',#250,#271,#188,.T.);
#347=EDGE_CURVE('',#271,#269,#189,.T.);
#348=EDGE_CURVE('',#264,#272,#190,.T.);
#349=EDGE_CURVE('',#272,#255,#191,.T.);
#350=EDGE_CURVE('',#269,#273,#21,.T.);
#351=EDGE_CURVE('',#273,#274,#217,.T.);
#352=EDGE_CURVE('',#274,#275,#218,.T.);
#353=EDGE_CURVE('',#275,#276,#22,.T.);
#354=EDGE_CURVE('',#276,#277,#219,.T.);
#355=EDGE_CURVE('',#277,#278,#220,.T.);
#356=EDGE_CURVE('',#278,#272,#23,.T.);
#357=EDGE_CURVE('',#279,#264,#24,.T.);
#358=EDGE_CURVE('',#279,#280,#221,.T.);
#359=EDGE_CURVE('',#280,#281,#222,.T.);
#360=EDGE_CURVE('',#281,#282,#25,.T.);
#361=EDGE_CURVE('',#282,#283,#223,.T.);
#362=EDGE_CURVE('',#283,#284,#224,.T.);
#363=EDGE_CURVE('',#270,#284,#26,.T.);
#364=EDGE_CURVE('',#272,#268,#192,.T.);
#365=EDGE_CURVE('',#281,#285,#225,.T.);
#366=EDGE_CURVE('',#285,#286,#226,.T.);
#367=EDGE_CURVE('',#286,#282,#227,.T.);
#368=EDGE_CURVE('',#287,#287,#193,.T.);
#369=EDGE_CURVE('',#286,#283,#27,.T.);
#370=EDGE_CURVE('',#280,#285,#28,.T.);
#371=EDGE_CURVE('',#284,#279,#228,.T.);
#372=EDGE_CURVE('',#288,#275,#229,.T.);
#373=EDGE_CURVE('',#289,#288,#230,.T.);
#374=EDGE_CURVE('',#276,#289,#231,.T.);
#375=EDGE_CURVE('',#290,#290,#194,.T.);
#376=EDGE_CURVE('',#277,#289,#29,.T.);
#377=EDGE_CURVE('',#288,#274,#30,.T.);
#378=EDGE_CURVE('',#278,#273,#232,.T.);
#379=EDGE_CURVE('',#291,#291,#195,.T.);
#380=EDGE_CURVE('',#291,#267,#196,.T.);
#381=EDGE_CURVE('',#249,#292,#197,.T.);
#382=EDGE_CURVE('',#292,#271,#233,.T.);
#383=EDGE_CURVE('',#248,#293,#198,.T.);
#384=EDGE_CURVE('',#293,#292,#199,.T.);
#385=EDGE_CURVE('',#247,#294,#200,.T.);
#386=EDGE_CURVE('',#294,#293,#234,.T.);
#387=EDGE_CURVE('',#270,#294,#201,.T.);
#388=EDGE_CURVE('',#293,#263,#31,.T.);
#389=EDGE_CURVE('',#292,#268,#32,.T.);
#390=EDGE_CURVE('',#290,#252,#33,.T.);
#391=EDGE_CURVE('',#253,#287,#34,.T.);
#392=EDGE_CURVE('',#295,#295,#202,.T.);
#393=EDGE_CURVE('',#295,#246,#203,.T.);
#394=ORIENTED_EDGE('',*,*,#296,.T.);
#395=ORIENTED_EDGE('',*,*,#297,.T.);
#396=ORIENTED_EDGE('',*,*,#298,.T.);
#397=ORIENTED_EDGE('',*,*,#299,.T.);
#398=ORIENTED_EDGE('',*,*,#300,.T.);
#399=ORIENTED_EDGE('',*,*,#301,.T.);
#400=ORIENTED_EDGE('',*,*,#302,.T.);
#401=ORIENTED_EDGE('',*,*,#303,.T.);
#402=ORIENTED_EDGE('',*,*,#304,.T.);
#403=ORIENTED_EDGE('',*,*,#298,.F.);
#404=ORIENTED_EDGE('',*,*,#305,.T.);
#405=ORIENTED_EDGE('',*,*,#306,.T.);
#406=ORIENTED_EDGE('',*,*,#301,.F.);
#407=ORIENTED_EDGE('',*,*,#307,.T.);
#408=ORIENTED_EDGE('',*,*,#308,.F.);
#409=ORIENTED_EDGE('',*,*,#309,.T.);
#410=ORIENTED_EDGE('',*,*,#305,.F.);
#411=ORIENTED_EDGE('',*,*,#310,.T.);
#412=ORIENTED_EDGE('',*,*,#311,.F.);
#413=ORIENTED_EDGE('',*,*,#312,.F.);
#414=ORIENTED_EDGE('',*,*,#313,.F.);
#415=ORIENTED_EDGE('',*,*,#314,.T.);
#416=ORIENTED_EDGE('',*,*,#306,.F.);
#417=ORIENTED_EDGE('',*,*,#309,.F.);
#418=ORIENTED_EDGE('',*,*,#315,.F.);
#419=ORIENTED_EDGE('',*,*,#297,.F.);
#420=ORIENTED_EDGE('',*,*,#316,.F.);
#421=ORIENTED_EDGE('',*,*,#310,.F.);
#422=ORIENTED_EDGE('',*,*,#302,.F.);
#423=ORIENTED_EDGE('',*,*,#314,.F.);
#424=ORIENTED_EDGE('',*,*,#317,.F.);
#425=ORIENTED_EDGE('',*,*,#318,.F.);
#426=ORIENTED_EDGE('',*,*,#319,.T.);
#427=ORIENTED_EDGE('',*,*,#299,.F.);
#428=ORIENTED_EDGE('',*,*,#307,.F.);
#429=ORIENTED_EDGE('',*,*,#300,.F.);
#430=ORIENTED_EDGE('',*,*,#319,.F.);
#431=ORIENTED_EDGE('',*,*,#320,.T.);
#432=ORIENTED_EDGE('',*,*,#321,.T.);
#433=ORIENTED_EDGE('',*,*,#318,.T.);
#434=ORIENTED_EDGE('',*,*,#322,.T.);
#435=ORIENTED_EDGE('',*,*,#323,.T.);
#436=ORIENTED_EDGE('',*,*,#324,.T.);
#437=ORIENTED_EDGE('',*,*,#325,.T.);
#438=ORIENTED_EDGE('',*,*,#326,.T.);
#439=ORIENTED_EDGE('',*,*,#327,.T.);
#440=ORIENTED_EDGE('',*,*,#328,.T.);
#441=ORIENTED_EDGE('',*,*,#329,.T.);
#442=ORIENTED_EDGE('',*,*,#330,.T.);
#443=ORIENTED_EDGE('',*,*,#322,.F.);
#444=ORIENTED_EDGE('',*,*,#329,.F.);
#445=ORIENTED_EDGE('',*,*,#331,.T.);
#446=ORIENTED_EDGE('',*,*,#332,.F.);
#447=ORIENTED_EDGE('',*,*,#333,.T.);
#448=ORIENTED_EDGE('',*,*,#334,.F.);
#449=ORIENTED_EDGE('',*,*,#325,.F.);
#450=ORIENTED_EDGE('',*,*,#335,.F.);
#451=ORIENTED_EDGE('',*,*,#336,.F.);
#452=ORIENTED_EDGE('',*,*,#328,.F.);
#453=ORIENTED_EDGE('',*,*,#337,.F.);
#454=ORIENTED_EDGE('',*,*,#331,.F.);
#455=ORIENTED_EDGE('',*,*,#338,.T.);
#456=ORIENTED_EDGE('',*,*,#339,.T.);
#457=ORIENTED_EDGE('',*,*,#340,.T.);
#458=ORIENTED_EDGE('',*,*,#326,.F.);
#459=ORIENTED_EDGE('',*,*,#336,.T.);
#460=ORIENTED_EDGE('',*,*,#341,.F.);
#461=ORIENTED_EDGE('',*,*,#342,.T.);
#462=ORIENTED_EDGE('',*,*,#332,.T.);
#463=ORIENTED_EDGE('',*,*,#337,.T.);
#464=ORIENTED_EDGE('',*,*,#327,.F.);
#465=ORIENTED_EDGE('',*,*,#340,.F.);
#466=ORIENTED_EDGE('',*,*,#304,.F.);
#467=ORIENTED_EDGE('',*,*,#343,.T.);
#468=ORIENTED_EDGE('',*,*,#344,.T.);
#469=ORIENTED_EDGE('',*,*,#345,.T.);
#470=ORIENTED_EDGE('',*,*,#303,.F.);
#471=ORIENTED_EDGE('',*,*,#317,.T.);
#472=ORIENTED_EDGE('',*,*,#346,.T.);
#473=ORIENTED_EDGE('',*,*,#347,.T.);
#474=ORIENTED_EDGE('',*,*,#343,.F.);
#475=ORIENTED_EDGE('',*,*,#330,.F.);
#476=ORIENTED_EDGE('',*,*,#334,.T.);
#477=ORIENTED_EDGE('',*,*,#348,.T.);
#478=ORIENTED_EDGE('',*,*,#349,.T.);
#479=ORIENTED_EDGE('',*,*,#323,.F.);
#480=ORIENTED_EDGE('',*,*,#344,.F.);
#481=ORIENTED_EDGE('',*,*,#350,.T.);
#482=ORIENTED_EDGE('',*,*,#351,.T.);
#483=ORIENTED_EDGE('',*,*,#352,.T.);
#484=ORIENTED_EDGE('',*,*,#353,.T.);
#485=ORIENTED_EDGE('',*,*,#354,.T.);
#486=ORIENTED_EDGE('',*,*,#355,.T.);
#487=ORIENTED_EDGE('',*,*,#356,.T.);
#488=ORIENTED_EDGE('',*,*,#348,.F.);
#489=ORIENTED_EDGE('',*,*,#357,.F.);
#490=ORIENTED_EDGE('',*,*,#358,.T.);
#491=ORIENTED_EDGE('',*,*,#359,.T.);
#492=ORIENTED_EDGE('',*,*,#360,.T.);
#493=ORIENTED_EDGE('',*,*,#361,.T.);
#494=ORIENTED_EDGE('',*,*,#362,.T.);
#495=ORIENTED_EDGE('',*,*,#363,.F.);
#496=ORIENTED_EDGE('',*,*,#324,.F.);
#497=ORIENTED_EDGE('',*,*,#349,.F.);
#498=ORIENTED_EDGE('',*,*,#364,.T.);
#499=ORIENTED_EDGE('',*,*,#341,.T.);
#500=ORIENTED_EDGE('',*,*,#335,.T.);
#501=ORIENTED_EDGE('',*,*,#360,.F.);
#502=ORIENTED_EDGE('',*,*,#365,.T.);
#503=ORIENTED_EDGE('',*,*,#366,.T.);
#504=ORIENTED_EDGE('',*,*,#367,.T.);
#505=ORIENTED_EDGE('',*,*,#368,.F.);
#506=ORIENTED_EDGE('',*,*,#361,.F.);
#507=ORIENTED_EDGE('',*,*,#367,.F.);
#508=ORIENTED_EDGE('',*,*,#369,.T.);
#509=ORIENTED_EDGE('',*,*,#359,.F.);
#510=ORIENTED_EDGE('',*,*,#370,.T.);
#511=ORIENTED_EDGE('',*,*,#365,.F.);
#512=ORIENTED_EDGE('',*,*,#358,.F.);
#513=ORIENTED_EDGE('',*,*,#371,.F.);
#514=ORIENTED_EDGE('',*,*,#362,.F.);
#515=ORIENTED_EDGE('',*,*,#369,.F.);
#516=ORIENTED_EDGE('',*,*,#366,.F.);
#517=ORIENTED_EDGE('',*,*,#370,.F.);
#518=ORIENTED_EDGE('',*,*,#353,.F.);
#519=ORIENTED_EDGE('',*,*,#372,.F.);
#520=ORIENTED_EDGE('',*,*,#373,.F.);
#521=ORIENTED_EDGE('',*,*,#374,.F.);
#522=ORIENTED_EDGE('',*,*,#375,.F.);
#523=ORIENTED_EDGE('',*,*,#354,.F.);
#524=ORIENTED_EDGE('',*,*,#374,.T.);
#525=ORIENTED_EDGE('',*,*,#376,.F.);
#526=ORIENTED_EDGE('',*,*,#352,.F.);
#527=ORIENTED_EDGE('',*,*,#377,.F.);
#528=ORIENTED_EDGE('',*,*,#372,.T.);
#529=ORIENTED_EDGE('',*,*,#351,.F.);
#530=ORIENTED_EDGE('',*,*,#378,.F.);
#531=ORIENTED_EDGE('',*,*,#355,.F.);
#532=ORIENTED_EDGE('',*,*,#376,.T.);
#533=ORIENTED_EDGE('',*,*,#373,.T.);
#534=ORIENTED_EDGE('',*,*,#377,.T.);
#535=ORIENTED_EDGE('',*,*,#379,.T.);
#536=ORIENTED_EDGE('',*,*,#380,.T.);
#537=ORIENTED_EDGE('',*,*,#338,.F.);
#538=ORIENTED_EDGE('',*,*,#339,.F.);
#539=ORIENTED_EDGE('',*,*,#380,.F.);
#540=ORIENTED_EDGE('',*,*,#379,.F.);
#541=ORIENTED_EDGE('',*,*,#381,.T.);
#542=ORIENTED_EDGE('',*,*,#382,.T.);
#543=ORIENTED_EDGE('',*,*,#346,.F.);
#544=ORIENTED_EDGE('',*,*,#313,.T.);
#545=ORIENTED_EDGE('',*,*,#383,.T.);
#546=ORIENTED_EDGE('',*,*,#384,.T.);
#547=ORIENTED_EDGE('',*,*,#381,.F.);
#548=ORIENTED_EDGE('',*,*,#312,.T.);
#549=ORIENTED_EDGE('',*,*,#383,.F.);
#550=ORIENTED_EDGE('',*,*,#311,.T.);
#551=ORIENTED_EDGE('',*,*,#385,.T.);
#552=ORIENTED_EDGE('',*,*,#386,.T.);
#553=ORIENTED_EDGE('',*,*,#296,.F.);
#554=ORIENTED_EDGE('',*,*,#345,.F.);
#555=ORIENTED_EDGE('',*,*,#387,.T.);
#556=ORIENTED_EDGE('',*,*,#385,.F.);
#557=ORIENTED_EDGE('',*,*,#316,.T.);
#558=ORIENTED_EDGE('',*,*,#371,.T.);
#559=ORIENTED_EDGE('',*,*,#357,.T.);
#560=ORIENTED_EDGE('',*,*,#333,.F.);
#561=ORIENTED_EDGE('',*,*,#388,.F.);
#562=ORIENTED_EDGE('',*,*,#386,.F.);
#563=ORIENTED_EDGE('',*,*,#387,.F.);
#564=ORIENTED_EDGE('',*,*,#363,.T.);
#565=ORIENTED_EDGE('',*,*,#378,.T.);
#566=ORIENTED_EDGE('',*,*,#350,.F.);
#567=ORIENTED_EDGE('',*,*,#347,.F.);
#568=ORIENTED_EDGE('',*,*,#382,.F.);
#569=ORIENTED_EDGE('',*,*,#389,.T.);
#570=ORIENTED_EDGE('',*,*,#364,.F.);
#571=ORIENTED_EDGE('',*,*,#356,.F.);
#572=ORIENTED_EDGE('',*,*,#375,.T.);
#573=ORIENTED_EDGE('',*,*,#390,.T.);
#574=ORIENTED_EDGE('',*,*,#320,.F.);
#575=ORIENTED_EDGE('',*,*,#390,.F.);
#576=ORIENTED_EDGE('',*,*,#321,.F.);
#577=ORIENTED_EDGE('',*,*,#391,.T.);
#578=ORIENTED_EDGE('',*,*,#368,.T.);
#579=ORIENTED_EDGE('',*,*,#391,.F.);
#580=ORIENTED_EDGE('',*,*,#392,.T.);
#581=ORIENTED_EDGE('',*,*,#393,.T.);
#582=ORIENTED_EDGE('',*,*,#315,.T.);
#583=ORIENTED_EDGE('',*,*,#308,.T.);
#584=ORIENTED_EDGE('',*,*,#393,.F.);
#585=ORIENTED_EDGE('',*,*,#392,.F.);
#586=ORIENTED_EDGE('',*,*,#384,.F.);
#587=ORIENTED_EDGE('',*,*,#388,.T.);
#588=ORIENTED_EDGE('',*,*,#342,.F.);
#589=ORIENTED_EDGE('',*,*,#389,.F.);
#590=TOROIDAL_SURFACE('',#653,2.315,0.5);
#591=TOROIDAL_SURFACE('',#661,8.005,1.);
#592=TOROIDAL_SURFACE('',#674,2.315,0.5);
#593=TOROIDAL_SURFACE('',#680,5.5,0.5);
#594=TOROIDAL_SURFACE('',#690,7.5,0.5);
#595=TOROIDAL_SURFACE('',#696,2.30500000000003,0.5);
#596=TOROIDAL_SURFACE('',#700,5.5,0.5);
#597=TOROIDAL_SURFACE('',#703,2.30500000000003,0.5);
#598=TOROIDAL_SURFACE('',#707,5.5,0.5);
#599=TOROIDAL_SURFACE('',#717,7.5,0.5);
#600=TOROIDAL_SURFACE('',#721,5.5,0.5);
#601=TOROIDAL_SURFACE('',#727,6.5907864376269,0.5);
#602=ADVANCED_FACE('',(#74),#590,.T.);
#603=ADVANCED_FACE('',(#75),#65,.F.);
#604=ADVANCED_FACE('',(#76),#591,.F.);
#605=ADVANCED_FACE('',(#77),#57,.F.);
#606=ADVANCED_FACE('',(#78),#58,.F.);
#607=ADVANCED_FACE('',(#79,#16,#17),#50,.F.);
#608=ADVANCED_FACE('',(#80),#592,.T.);
#609=ADVANCED_FACE('',(#81),#593,.T.);
#610=ADVANCED_FACE('',(#82),#59,.T.);
#611=ADVANCED_FACE('',(#83),#60,.T.);
#612=ADVANCED_FACE('',(#84),#594,.T.);
#613=ADVANCED_FACE('',(#85),#595,.T.);
#614=ADVANCED_FACE('',(#86),#596,.T.);
#615=ADVANCED_FACE('',(#87),#597,.T.);
#616=ADVANCED_FACE('',(#88),#51,.T.);
#617=ADVANCED_FACE('',(#89),#598,.T.);
#618=ADVANCED_FACE('',(#90,#18),#61,.T.);
#619=ADVANCED_FACE('',(#91),#66,.T.);
#620=ADVANCED_FACE('',(#92),#67,.T.);
#621=ADVANCED_FACE('',(#93),#68,.T.);
#622=ADVANCED_FACE('',(#94,#19),#62,.F.);
#623=ADVANCED_FACE('',(#95),#69,.F.);
#624=ADVANCED_FACE('',(#96),#70,.F.);
#625=ADVANCED_FACE('',(#97),#71,.F.);
#626=ADVANCED_FACE('',(#98),#15,.T.);
#627=ADVANCED_FACE('',(#99),#63,.F.);
#628=ADVANCED_FACE('',(#100),#72,.F.);
#629=ADVANCED_FACE('',(#101),#599,.T.);
#630=ADVANCED_FACE('',(#102),#73,.F.);
#631=ADVANCED_FACE('',(#103),#600,.T.);
#632=ADVANCED_FACE('',(#104),#52,.F.);
#633=ADVANCED_FACE('',(#105),#53,.F.);
#634=ADVANCED_FACE('',(#106),#54,.F.);
#635=ADVANCED_FACE('',(#107),#55,.F.);
#636=ADVANCED_FACE('',(#108),#601,.T.);
#637=ADVANCED_FACE('',(#109),#64,.T.);
#638=ADVANCED_FACE('',(#110),#56,.T.);
#639=CLOSED_SHELL('',(#602,#603,#604,#605,#606,#607,#608,#609,#610,#611,
#612,#613,#614,#615,#616,#617,#618,#619,#620,#621,#622,#623,#624,#625,#626,
#627,#628,#629,#630,#631,#632,#633,#634,#635,#636,#637,#638));
#640=DERIVED_UNIT_ELEMENT(#642,1.);
#641=DERIVED_UNIT_ELEMENT(#1835,-3.);
#642=(
MASS_UNIT()
NAMED_UNIT(*)
SI_UNIT(.KILO.,.GRAM.)
);
#643=DERIVED_UNIT((#640,#641));
#644=MEASURE_REPRESENTATION_ITEM('density measure',
POSITIVE_RATIO_MEASURE(7850.),#643);
#645=PROPERTY_DEFINITION_REPRESENTATION(#650,#647);
#646=PROPERTY_DEFINITION_REPRESENTATION(#651,#648);
#647=REPRESENTATION('material name',(#649),#1832);
#648=REPRESENTATION('density',(#644),#1832);
#649=DESCRIPTIVE_REPRESENTATION_ITEM('Steel','Steel');
#650=PROPERTY_DEFINITION('material property','material name',#1842);
#651=PROPERTY_DEFINITION('material property','density of part',#1842);
#652=AXIS2_PLACEMENT_3D('',#907,#732,#733);
#653=AXIS2_PLACEMENT_3D('',#908,#734,#735);
#654=AXIS2_PLACEMENT_3D('',#918,#736,#737);
#655=AXIS2_PLACEMENT_3D('',#920,#738,#739);
#656=AXIS2_PLACEMENT_3D('',#922,#740,#741);
#657=AXIS2_PLACEMENT_3D('',#924,#742,#743);
#658=AXIS2_PLACEMENT_3D('',#926,#744,#745);
#659=AXIS2_PLACEMENT_3D('',#928,#746,#747);
#660=AXIS2_PLACEMENT_3D('',#936,#748,#749);
#661=AXIS2_PLACEMENT_3D('',#998,#750,#751);
#662=AXIS2_PLACEMENT_3D('',#1001,#752,#753);
#663=AXIS2_PLACEMENT_3D('',#1002,#754,#755);
#664=AXIS2_PLACEMENT_3D('',#1004,#756,#757);
#665=AXIS2_PLACEMENT_3D('',#1012,#758,#759);
#666=AXIS2_PLACEMENT_3D('',#1019,#760,#761);
#667=AXIS2_PLACEMENT_3D('',#1020,#762,#763);
#668=AXIS2_PLACEMENT_3D('',#1021,#764,#765);
#669=AXIS2_PLACEMENT_3D('',#1022,#766,#767);
#670=AXIS2_PLACEMENT_3D('',#1023,#768,#769);
#671=AXIS2_PLACEMENT_3D('',#1024,#770,#771);
#672=AXIS2_PLACEMENT_3D('',#1025,#772,#773);
#673=AXIS2_PLACEMENT_3D('',#1027,#774,#775);
#674=AXIS2_PLACEMENT_3D('',#1099,#777,#778);
#675=AXIS2_PLACEMENT_3D('',#1101,#779,#780);
#676=AXIS2_PLACEMENT_3D('',#1103,#781,#782);
#677=AXIS2_PLACEMENT_3D('',#1112,#783,#784);
#678=AXIS2_PLACEMENT_3D('',#1128,#785,#786);
#679=AXIS2_PLACEMENT_3D('',#1136,#787,#788);
#680=AXIS2_PLACEMENT_3D('',#1137,#789,#790);
#681=AXIS2_PLACEMENT_3D('',#1139,#791,#792);
#682=AXIS2_PLACEMENT_3D('',#1141,#793,#794);
#683=AXIS2_PLACEMENT_3D('',#1143,#795,#796);
#684=AXIS2_PLACEMENT_3D('',#1144,#797,#798);
#685=AXIS2_PLACEMENT_3D('',#1145,#799,#800);
#686=AXIS2_PLACEMENT_3D('',#1147,#801,#802);
#687=AXIS2_PLACEMENT_3D('',#1148,#803,#804);
#688=AXIS2_PLACEMENT_3D('',#1149,#805,#806);
#689=AXIS2_PLACEMENT_3D('',#1150,#807,#808);
#690=AXIS2_PLACEMENT_3D('',#1151,#809,#810);
#691=AXIS2_PLACEMENT_3D('',#1154,#811,#812);
#692=AXIS2_PLACEMENT_3D('',#1155,#813,#814);
#693=AXIS2_PLACEMENT_3D('',#1156,#815,#816);
#694=AXIS2_PLACEMENT_3D('',#1158,#817,#818);
#695=AXIS2_PLACEMENT_3D('',#1159,#819,#820);
#696=AXIS2_PLACEMENT_3D('',#1160,#821,#822);
#697=AXIS2_PLACEMENT_3D('',#1162,#823,#824);
#698=AXIS2_PLACEMENT_3D('',#1164,#825,#826);
#699=AXIS2_PLACEMENT_3D('',#1165,#827,#828);
#700=AXIS2_PLACEMENT_3D('',#1166,#829,#830);
#701=AXIS2_PLACEMENT_3D('',#1168,#831,#832);
#702=AXIS2_PLACEMENT_3D('',#1169,#833,#834);
#703=AXIS2_PLACEMENT_3D('',#1170,#835,#836);
#704=AXIS2_PLACEMENT_3D('',#1172,#837,#838);
#705=AXIS2_PLACEMENT_3D('',#1173,#839,#840);
#706=AXIS2_PLACEMENT_3D('',#1174,#841,#842);
#707=AXIS2_PLACEMENT_3D('',#1299,#849,#850);
#708=AXIS2_PLACEMENT_3D('',#1300,#851,#852);
#709=AXIS2_PLACEMENT_3D('',#1301,#853,#854);
#710=AXIS2_PLACEMENT_3D('',#1356,#855,#856);
#711=AXIS2_PLACEMENT_3D('',#1503,#859,#860);
#712=AXIS2_PLACEMENT_3D('',#1558,#861,#862);
#713=AXIS2_PLACEMENT_3D('',#1733,#865,#866);
#714=AXIS2_PLACEMENT_3D('',#1734,#867,#868);
#715=AXIS2_PLACEMENT_3D('',#1735,#869,#870);
#716=AXIS2_PLACEMENT_3D('',#1767,#871,#872);
#717=AXIS2_PLACEMENT_3D('',#1773,#873,#874);
#718=AXIS2_PLACEMENT_3D('',#1775,#875,#876);
#719=AXIS2_PLACEMENT_3D('',#1776,#877,#878);
#720=AXIS2_PLACEMENT_3D('',#1808,#879,#880);
#721=AXIS2_PLACEMENT_3D('',#1814,#881,#882);
#722=AXIS2_PLACEMENT_3D('',#1815,#883,#884);
#723=AXIS2_PLACEMENT_3D('',#1816,#885,#886);
#724=AXIS2_PLACEMENT_3D('',#1818,#888,#889);
#725=AXIS2_PLACEMENT_3D('',#1820,#891,#892);
#726=AXIS2_PLACEMENT_3D('',#1822,#894,#895);
#727=AXIS2_PLACEMENT_3D('',#1824,#897,#898);
#728=AXIS2_PLACEMENT_3D('',#1826,#899,#900);
#729=AXIS2_PLACEMENT_3D('',#1827,#901,#902);
#730=AXIS2_PLACEMENT_3D('',#1828,#903,#904);
#731=AXIS2_PLACEMENT_3D('',#1829,#905,#906);
#732=DIRECTION('axis',(0.,0.,1.));
#733=DIRECTION('refdir',(1.,0.,0.));
#734=DIRECTION('center_axis',(0.,0.,1.));
#735=DIRECTION('ref_axis',(-1.,1.22464679914735E-16,0.));
#736=DIRECTION('center_axis',(0.,0.,-1.));
#737=DIRECTION('ref_axis',(1.,0.,0.));
#738=DIRECTION('center_axis',(-0.568794270562957,0.82247983426632,-7.30508839433881E-16));
#739=DIRECTION('ref_axis',(0.,-8.88178419700125E-16,-1.));
#740=DIRECTION('center_axis',(0.,0.,1.));
#741=DIRECTION('ref_axis',(1.,0.,0.));
#742=DIRECTION('center_axis',(0.,0.,1.));
#743=DIRECTION('ref_axis',(1.,0.,0.));
#744=DIRECTION('center_axis',(-0.568794270562956,-0.822479834266321,2.79872753292303E-16));
#745=DIRECTION('ref_axis',(-0.822479834266321,0.568794270562956,0.));
#746=DIRECTION('center_axis',(0.,0.,-1.));
#747=DIRECTION('ref_axis',(1.,0.,0.));
#748=DIRECTION('center_axis',(0.,0.,-1.));
#749=DIRECTION('ref_axis',(1.,0.,-7.07254176910858E-18));
#750=DIRECTION('center_axis',(0.,0.,1.));
#751=DIRECTION('ref_axis',(1.,0.,0.));
#752=DIRECTION('center_axis',(0.,0.,-1.));
#753=DIRECTION('ref_axis',(1.,0.,0.));
#754=DIRECTION('center_axis',(1.22464679914735E-16,-1.,0.));
#755=DIRECTION('ref_axis',(-1.,-1.22464679914735E-16,0.));
#756=DIRECTION('center_axis',(0.,0.,-1.));
#757=DIRECTION('ref_axis',(1.,0.,0.));
#758=DIRECTION('center_axis',(0.,0.,1.));
#759=DIRECTION('ref_axis',(1.,0.,0.));
#760=DIRECTION('center_axis',(0.,0.,-1.));
#761=DIRECTION('ref_axis',(1.,0.,0.));
#762=DIRECTION('center_axis',(0.,0.,-1.));
#763=DIRECTION('ref_axis',(1.,0.,0.));
#764=DIRECTION('center_axis',(0.,0.,1.));
#765=DIRECTION('ref_axis',(1.,0.,0.));
#766=DIRECTION('center_axis',(0.,0.,-1.));
#767=DIRECTION('ref_axis',(0.467468931796635,-0.884009500969821,0.));
#768=DIRECTION('center_axis',(0.,0.,1.));
#769=DIRECTION('ref_axis',(1.,0.,0.));
#770=DIRECTION('center_axis',(0.,0.,-1.));
#771=DIRECTION('ref_axis',(0.467468931796637,0.884009500969821,0.));
#772=DIRECTION('center_axis',(0.,0.,1.));
#773=DIRECTION('ref_axis',(1.,0.,0.));
#774=DIRECTION('center_axis',(0.,0.,-1.));
#775=DIRECTION('ref_axis',(1.,0.,0.));
#776=DIRECTION('',(0.,0.,-1.));
#777=DIRECTION('center_axis',(0.,0.,1.));
#778=DIRECTION('ref_axis',(1.,0.,0.));
#779=DIRECTION('center_axis',(1.22464679914735E-16,-1.,0.));
#780=DIRECTION('ref_axis',(-1.,-1.22464679914735E-16,0.));
#781=DIRECTION('center_axis',(0.,0.,1.));
#782=DIRECTION('ref_axis',(1.,0.,0.));
#783=DIRECTION('center_axis',(0.,0.,1.));
#784=DIRECTION('ref_axis',(1.,0.,0.));
#785=DIRECTION('center_axis',(0.,0.,1.));
#786=DIRECTION('ref_axis',(1.,0.,0.));
#787=DIRECTION('center_axis',(0.,0.,1.));
#788=DIRECTION('ref_axis',(1.,0.,0.));
#789=DIRECTION('center_axis',(0.,0.,-1.));
#790=DIRECTION('ref_axis',(-1.,0.,0.));
#791=DIRECTION('center_axis',(0.,0.,1.));
#792=DIRECTION('ref_axis',(0.48290596063742,-0.875672217887978,0.));
#793=DIRECTION('center_axis',(0.5985216217303,0.801106652276295,0.));
#794=DIRECTION('ref_axis',(-0.801106652276295,0.5985216217303,0.));
#795=DIRECTION('center_axis',(0.,0.,-1.));
#796=DIRECTION('ref_axis',(0.48290596063742,-0.875672217887978,0.));
#797=DIRECTION('center_axis',(-0.99689699967891,-0.0787170377439814,-1.39829548373849E-16));
#798=DIRECTION('ref_axis',(0.,-1.77635683940025E-15,1.));
#799=DIRECTION('center_axis',(0.,0.,1.));
#800=DIRECTION('ref_axis',(1.,0.,0.));
#801=DIRECTION('center_axis',(0.,0.,1.));
#802=DIRECTION('ref_axis',(0.48290596063742,0.875672217887978,0.));
#803=DIRECTION('center_axis',(0.,0.,1.));
#804=DIRECTION('ref_axis',(1.,0.,0.));
#805=DIRECTION('center_axis',(0.,0.,1.));
#806=DIRECTION('ref_axis',(1.,0.,0.));
#807=DIRECTION('center_axis',(0.,0.,1.));
#808=DIRECTION('ref_axis',(1.,0.,0.));
#809=DIRECTION('center_axis',(0.,0.,1.));
#810=DIRECTION('ref_axis',(1.,0.,0.));
#811=DIRECTION('center_axis',(0.,0.,-1.));
#812=DIRECTION('ref_axis',(1.,0.,0.));
#813=DIRECTION('center_axis',(0.,0.,-1.));
#814=DIRECTION('ref_axis',(1.,0.,0.));
#815=DIRECTION('center_axis',(1.22464679914735E-16,-1.,0.));
#816=DIRECTION('ref_axis',(-1.,-1.22464679914735E-16,0.));
#817=DIRECTION('center_axis',(-0.598521621730302,0.801106652276293,0.));
#818=DIRECTION('ref_axis',(-0.801106652276293,-0.598521621730302,0.));
#819=DIRECTION('center_axis',(0.,0.,1.));
#820=DIRECTION('ref_axis',(1.,0.,0.));
#821=DIRECTION('center_axis',(0.,0.,-1.));
#822=DIRECTION('ref_axis',(-1.,0.,0.));
#823=DIRECTION('center_axis',(-0.99689699967891,0.0787170377439852,5.59318193495423E-16));
#824=DIRECTION('ref_axis',(0.,7.105427357601E-15,-1.));
#825=DIRECTION('center_axis',(0.,0.,-1.));
#826=DIRECTION('ref_axis',(-1.,1.11221191965874E-16,0.));
#827=DIRECTION('center_axis',(-0.99689699967891,-0.078717037743985,3.6815191554883E-15));
#828=DIRECTION('ref_axis',(-0.078717037743985,0.99689699967891,0.));
#829=DIRECTION('center_axis',(0.,0.,1.));
#830=DIRECTION('ref_axis',(1.,0.,0.));
#831=DIRECTION('center_axis',(-0.827200736659263,0.561906523605459,1.46940368612161E-15));
#832=DIRECTION('ref_axis',(-1.77635683940025E-15,0.,-1.));
#833=DIRECTION('center_axis',(0.,0.,1.));
#834=DIRECTION('ref_axis',(0.467468931796637,0.884009500969821,0.));
#835=DIRECTION('center_axis',(0.,0.,-1.));
#836=DIRECTION('ref_axis',(-1.,0.,0.));
#837=DIRECTION('center_axis',(0.,0.,1.));
#838=DIRECTION('ref_axis',(-1.,1.11221191965874E-16,0.));
#839=DIRECTION('center_axis',(-0.99689699967891,0.0787170377439852,-2.79659096747711E-16));
#840=DIRECTION('ref_axis',(-0.0787170377439852,-0.99689699967891,0.));
#841=DIRECTION('center_axis',(0.,0.,1.));
#842=DIRECTION('ref_axis',(-0.0787170377439852,0.99689699967891,0.));
#843=DIRECTION('',(0.,0.,1.));
#844=DIRECTION('',(0.,0.,1.));
#845=DIRECTION('',(0.,0.,1.));
#846=DIRECTION('',(0.,0.,1.));
#847=DIRECTION('',(0.,0.,-1.));
#848=DIRECTION('',(0.,0.,1.));
#849=DIRECTION('center_axis',(0.,0.,-1.));
#850=DIRECTION('ref_axis',(-1.,0.,0.));
#851=DIRECTION('center_axis',(0.,0.,-1.));
#852=DIRECTION('ref_axis',(0.48290596063742,0.875672217887978,0.));
#853=DIRECTION('center_axis',(0.,1.,0.));
#854=DIRECTION('ref_axis',(1.,0.,0.));
#855=DIRECTION('center_axis',(0.,1.,0.));
#856=DIRECTION('ref_axis',(1.,0.,0.));
#857=DIRECTION('',(0.,1.,0.));
#858=DIRECTION('',(0.,-1.,0.));
#859=DIRECTION('center_axis',(0.,1.,0.));
#860=DIRECTION('ref_axis',(1.,0.,0.));
#861=DIRECTION('center_axis',(0.,-1.,0.));
#862=DIRECTION('ref_axis',(1.,0.,0.));
#863=DIRECTION('',(0.,1.,0.));
#864=DIRECTION('',(0.,-1.,0.));
#865=DIRECTION('center_axis',(0.,0.,-1.));
#866=DIRECTION('ref_axis',(1.,0.,0.));
#867=DIRECTION('center_axis',(-1.22464679914735E-16,-1.,0.));
#868=DIRECTION('ref_axis',(1.,-1.22464679914735E-16,0.));
#869=DIRECTION('center_axis',(0.,0.,-1.));
#870=DIRECTION('ref_axis',(1.,0.,0.));
#871=DIRECTION('center_axis',(-0.598521621730301,0.801106652276294,-8.25336021262946E-16));
#872=DIRECTION('ref_axis',(-0.269705906266351,-0.201502279315868,-0.941623892833841));
#873=DIRECTION('center_axis',(0.,0.,1.));
#874=DIRECTION('ref_axis',(1.,0.,0.));
#875=DIRECTION('center_axis',(0.5985216217303,0.801106652276295,2.44653177731516E-15));
#876=DIRECTION('ref_axis',(-0.269705906266349,0.201502279315868,-0.941623892833841));
#877=DIRECTION('center_axis',(0.,0.,-1.));
#878=DIRECTION('ref_axis',(1.,0.,0.));
#879=DIRECTION('center_axis',(0.827200736659265,0.561906523605457,1.46940368612161E-15));
#880=DIRECTION('ref_axis',(1.77635683940025E-15,0.,-1.));
#881=DIRECTION('center_axis',(0.,0.,1.));
#882=DIRECTION('ref_axis',(1.,0.,0.));
#883=DIRECTION('center_axis',(0.,0.,1.));
#884=DIRECTION('ref_axis',(0.467468931796635,-0.884009500969821,0.));
#885=DIRECTION('center_axis',(0.,0.,1.));
#886=DIRECTION('ref_axis',(0.0787170377439864,-0.99689699967891,0.));
#887=DIRECTION('',(0.,0.,1.));
#888=DIRECTION('center_axis',(0.,0.,1.));
#889=DIRECTION('ref_axis',(0.801106652276293,0.598521621730302,0.));
#890=DIRECTION('',(0.,0.,1.));
#891=DIRECTION('center_axis',(0.,1.,0.));
#892=DIRECTION('ref_axis',(1.,0.,0.));
#893=DIRECTION('',(0.,1.,0.));
#894=DIRECTION('center_axis',(0.,1.,0.));
#895=DIRECTION('ref_axis',(1.,0.,0.));
#896=DIRECTION('',(0.,1.,0.));
#897=DIRECTION('center_axis',(0.,0.,-1.));
#898=DIRECTION('ref_axis',(-1.,0.,0.));
#899=DIRECTION('center_axis',(0.,0.,1.));
#900=DIRECTION('ref_axis',(1.,0.,0.));
#901=DIRECTION('center_axis',(-1.22464679914735E-16,-1.,0.));
#902=DIRECTION('ref_axis',(1.,-1.22464679914735E-16,0.));
#903=DIRECTION('center_axis',(0.,0.,-1.));
#904=DIRECTION('ref_axis',(1.,0.,0.));
#905=DIRECTION('center_axis',(0.,0.,1.));
#906=DIRECTION('ref_axis',(1.,0.,0.));
#907=CARTESIAN_POINT('',(0.,0.,0.));
#908=CARTESIAN_POINT('Origin',(-9.8,-1.20015386316441E-15,0.5));
#909=CARTESIAN_POINT('',(-9.98183635718861,2.3028320692583,2.50006250310356E-5));
#910=CARTESIAN_POINT('',(-9.80182686743328,2.31499927916952,0.));
#911=CARTESIAN_POINT('Ctrl Pts',(-9.98183635718861,2.3028320692583,2.50006250310356E-5));
#912=CARTESIAN_POINT('Ctrl Pts',(-9.92304017409211,2.30747473682125,2.50006250310357E-5));
#913=CARTESIAN_POINT('Ctrl Pts',(-9.86422174239978,2.31146214828861,1.28530446760265E-6));
#914=CARTESIAN_POINT('Ctrl Pts',(-9.80419246681229,2.31486593475878,1.29118170308283E-8));
#915=CARTESIAN_POINT('Ctrl Pts',(-9.80300967459871,2.31493273820131,-4.01730336347636E-21));
#916=CARTESIAN_POINT('Ctrl Pts',(-9.80182686743329,2.31499927916951,0.));
#917=CARTESIAN_POINT('',(-7.89595918367347,1.31675873635324,0.));
#918=CARTESIAN_POINT('Origin',(-9.8,-1.20015386316441E-15,0.));
#919=CARTESIAN_POINT('',(-8.30719910080663,1.03236160107176,0.5));
#920=CARTESIAN_POINT('Origin',(-7.89595918367347,1.31675873635324,0.5));
#921=CARTESIAN_POINT('',(-11.615,-1.42242725720965E-15,0.5));
#922=CARTESIAN_POINT('Origin',(-9.8,-1.20015386316441E-15,0.5));
#923=CARTESIAN_POINT('',(-8.30719910080663,-1.03236160107177,0.5));
#924=CARTESIAN_POINT('Origin',(-9.8,-1.20015386316441E-15,0.5));
#925=CARTESIAN_POINT('',(-7.89595918367347,-1.31675873635324,0.));
#926=CARTESIAN_POINT('Origin',(-7.89595918367347,-1.31675873635324,0.5));
#927=CARTESIAN_POINT('',(-9.80182686743328,-2.31499927916952,0.));
#928=CARTESIAN_POINT('Origin',(-9.8,-1.20015386316441E-15,0.));
#929=CARTESIAN_POINT('',(-9.98183635718861,-2.30283206925831,2.5000625031126E-5));
#930=CARTESIAN_POINT('Ctrl Pts',(-9.80182686743327,-2.31499927916952,0.));
#931=CARTESIAN_POINT('Ctrl Pts',(-9.80300967459736,-2.31493273820139,-4.01730335895975E-21));
#932=CARTESIAN_POINT('Ctrl Pts',(-9.8041924668136,-2.31486593475871,1.2911817058992E-8));
#933=CARTESIAN_POINT('Ctrl Pts',(-9.86422174239045,-2.31146214828915,1.28530446740666E-6));
#934=CARTESIAN_POINT('Ctrl Pts',(-9.9230401740882,-2.30747473682156,2.50006250311261E-5));
#935=CARTESIAN_POINT('Ctrl Pts',(-9.98183635718861,-2.30283206925831,2.5000625031126E-5));
#936=CARTESIAN_POINT('Origin',(-9.8,-1.20015386316441E-15,2.50006250310797E-5));
#937=CARTESIAN_POINT('Ctrl Pts',(-8.30719910080663,-1.03236160107177,0.5));
#938=CARTESIAN_POINT('Ctrl Pts',(-8.18790502843401,-0.859861676315357,0.5));
#939=CARTESIAN_POINT('Ctrl Pts',(-8.05522859192981,-0.571651762446595,0.449837558224624));
#940=CARTESIAN_POINT('Ctrl Pts',(-7.96452249242978,-0.0544347243764574,
0.393146907273938));
#941=CARTESIAN_POINT('Ctrl Pts',(-8.01061726817321,0.475886535497238,0.429284764225199));
#942=CARTESIAN_POINT('Ctrl Pts',(-8.18790502843401,0.859861676315355,0.5));
#943=CARTESIAN_POINT('Ctrl Pts',(-8.30719910080663,1.03236160107176,0.5));
#944=CARTESIAN_POINT('Ctrl Pts',(-8.30719910080663,-1.03236160107177,0.425200174914529));
#945=CARTESIAN_POINT('Ctrl Pts',(-8.1915791142757,-0.865200537117556,0.429453080681074));
#946=CARTESIAN_POINT('Ctrl Pts',(-8.05733872701285,-0.579408528627637,0.387381856995181));
#947=CARTESIAN_POINT('Ctrl Pts',(-7.9638040981907,-0.0557462844537778,0.336510861541754));
#948=CARTESIAN_POINT('Ctrl Pts',(-8.01190852331212,0.4844077004426,0.369601922698506));
#949=CARTESIAN_POINT('Ctrl Pts',(-8.1915791142757,0.865200537117558,0.429453080681074));
#950=CARTESIAN_POINT('Ctrl Pts',(-8.30719910080663,1.03236160107176,0.425200174914529));
#951=CARTESIAN_POINT('Ctrl Pts',(-8.27904357521736,-1.05183284033218,0.275914877104162));
#952=CARTESIAN_POINT('Ctrl Pts',(-8.1717733529112,-0.889800077749797,0.288616650491001));
#953=CARTESIAN_POINT('Ctrl Pts',(-8.03829610113302,-0.601937575337993,0.262600274291192));
#954=CARTESIAN_POINT('Ctrl Pts',(-7.9428749855365,-0.0587207110130303,0.223343232679744));
#955=CARTESIAN_POINT('Ctrl Pts',(-7.99272240359772,0.506172106404718,0.250335162964121));
#956=CARTESIAN_POINT('Ctrl Pts',(-8.17177335291121,0.889800077749809,0.288616650491001));
#957=CARTESIAN_POINT('Ctrl Pts',(-8.27904357521736,1.05183284033218,0.275914877104162));
#958=CARTESIAN_POINT('Ctrl Pts',(-8.14147048479371,-1.14697290621162,0.0656155359641597));
#959=CARTESIAN_POINT('Ctrl Pts',(-8.04833823503865,-0.97374837098215,0.0844879793329333));
#960=CARTESIAN_POINT('Ctrl Pts',(-7.92886443897723,-0.66068643763016,0.0741461141382192));
#961=CARTESIAN_POINT('Ctrl Pts',(-7.84238643693652,-0.0647163425515056,
0.0476078970478355));
#962=CARTESIAN_POINT('Ctrl Pts',(-7.88789563057302,0.556521168218754,0.0674827886096437));
#963=CARTESIAN_POINT('Ctrl Pts',(-8.04833823503867,0.973748370982174,0.0844879793329337));
#964=CARTESIAN_POINT('Ctrl Pts',(-8.14147048479371,1.14697290621162,0.06561553596416));
#965=CARTESIAN_POINT('Ctrl Pts',(-7.98824120528264,-1.25294016843165,4.31730574315856E-16));
#966=CARTESIAN_POINT('Ctrl Pts',(-7.89951423978992,-1.05747045231868,0.0101468949063077));
#967=CARTESIAN_POINT('Ctrl Pts',(-7.79585372445251,-0.713087483634154,-0.00957578067526352));
#968=CARTESIAN_POINT('Ctrl Pts',(-7.72342841304367,-0.069303078856195,-0.0393446369294347));
#969=CARTESIAN_POINT('Ctrl Pts',(-7.76073967492831,0.598612399424915,-0.0188648802455058));
#970=CARTESIAN_POINT('Ctrl Pts',(-7.89951423978995,1.05747045231871,0.0101468949063079));
#971=CARTESIAN_POINT('Ctrl Pts',(-7.98824120528264,1.25294016843165,7.03601872069582E-16));
#972=CARTESIAN_POINT('Ctrl Pts',(-7.89595918367347,-1.31675873635324,4.9960036108132E-16));
#973=CARTESIAN_POINT('Ctrl Pts',(-7.80504808918699,-1.10695183565371,3.08630413129245E-16));
#974=CARTESIAN_POINT('Ctrl Pts',(-7.7082004458948,-0.74382732290376,-0.0334416278502504));
#975=CARTESIAN_POINT('Ctrl Pts',(-7.64391238145227,-0.0719522516035814,
-0.0712353951507082));
#976=CARTESIAN_POINT('Ctrl Pts',(-7.67595257147017,0.623169510161233,-0.0471434905165324));
#977=CARTESIAN_POINT('Ctrl Pts',(-7.80504808918701,1.10695183565374,4.88182230579352E-16));
#978=CARTESIAN_POINT('Ctrl Pts',(-7.89595918367347,1.31675873635324,7.21644966006352E-16));
#979=CARTESIAN_POINT('',(-7.65835747770723,-7.43693821081415E-7,-0.0617548911908733));
#980=CARTESIAN_POINT('Ctrl Pts',(-7.89595918367347,1.31675873635324,7.21644966006352E-16));
#981=CARTESIAN_POINT('Ctrl Pts',(-7.80504808918701,1.10695183565374,4.88182230579352E-16));
#982=CARTESIAN_POINT('Ctrl Pts',(-7.69209789621266,0.683673723536676,-0.0412474921321937));
#983=CARTESIAN_POINT('Ctrl Pts',(-7.65835008275168,0.205037594770616,-0.0611602086821458));
#984=CARTESIAN_POINT('Ctrl Pts',(-7.65835747770723,-7.43693821081415E-7,
-0.0617548911908733));
#985=CARTESIAN_POINT('Ctrl Pts',(-7.65835747770723,-7.43693821081415E-7,
-0.0617548911908733));
#986=CARTESIAN_POINT('Ctrl Pts',(-7.6583599444005,-0.0683942164526443,-0.0619532560540759));
#987=CARTESIAN_POINT('Ctrl Pts',(-7.66319546026804,-0.273479861224074,-0.0598992287888943));
#988=CARTESIAN_POINT('Ctrl Pts',(-7.7082004458948,-0.74382732290376,-0.0334416278502504));
#989=CARTESIAN_POINT('Ctrl Pts',(-7.80504808918699,-1.10695183565371,3.08630413129245E-16));
#990=CARTESIAN_POINT('Ctrl Pts',(-7.89595918367347,-1.31675873635324,4.9960036108132E-16));
#991=CARTESIAN_POINT('Ctrl Pts',(-8.30719910080663,-1.03236160107177,0.5));
#992=CARTESIAN_POINT('Ctrl Pts',(-8.18790502843401,-0.859861676315357,0.5));
#993=CARTESIAN_POINT('Ctrl Pts',(-8.05522859192981,-0.571651762446595,0.449837558224624));
#994=CARTESIAN_POINT('Ctrl Pts',(-7.96452249242978,-0.0544347243764574,
0.393146907273938));
#995=CARTESIAN_POINT('Ctrl Pts',(-8.01061726817321,0.475886535497238,0.429284764225199));
#996=CARTESIAN_POINT('Ctrl Pts',(-8.18790502843401,0.859861676315355,0.5));
#997=CARTESIAN_POINT('Ctrl Pts',(-8.30719910080663,1.03236160107176,0.5));
#998=CARTESIAN_POINT('Origin',(0.,0.,-1.));
#999=CARTESIAN_POINT('',(-7.06219095841794,8.6486895521939E-16,-0.666666666666667));
#1000=CARTESIAN_POINT('',(7.06219095841794,-8.6486895521939E-16,-0.666666666666667));
#1001=CARTESIAN_POINT('Origin',(0.,0.,-0.666666666666667));
#1002=CARTESIAN_POINT('Origin',(-8.005,-9.80329762717456E-16,-1.));
#1003=CARTESIAN_POINT('',(-7.3239005997618,3.23117703086797,5.3776427755281E-17));
#1004=CARTESIAN_POINT('Origin',(0.,0.,0.));
#1005=CARTESIAN_POINT('',(-6.14315284520538,4.5896633026352,-0.0583761071661589));
#1006=CARTESIAN_POINT('Ctrl Pts',(-6.14315284520538,4.5896633026352,-0.0583761071661593));
#1007=CARTESIAN_POINT('Ctrl Pts',(-6.35658717157809,4.30398664121905,-0.0583761071661593));
#1008=CARTESIAN_POINT('Ctrl Pts',(-6.74748107154337,3.81902276638386,-0.0299387195401407));
#1009=CARTESIAN_POINT('Ctrl Pts',(-7.14980203355716,3.39681480221388,1.97609358593109E-16));
#1010=CARTESIAN_POINT('Ctrl Pts',(-7.3239005997618,3.23117703086797,1.11022302462516E-16));
#1011=CARTESIAN_POINT('',(-6.14315284520538,-4.5896633026352,-0.058376107166159));
#1012=CARTESIAN_POINT('Origin',(0.,0.,-0.0583761071661589));
#1013=CARTESIAN_POINT('',(-7.3239005997618,-3.23117703086797,0.));
#1014=CARTESIAN_POINT('Ctrl Pts',(-7.3239005997618,-3.23117703086797,-5.55111512312578E-17));
#1015=CARTESIAN_POINT('Ctrl Pts',(-7.09176793684113,-3.45202857365195,-3.61501746007514E-17));
#1016=CARTESIAN_POINT('Ctrl Pts',(-6.69025530233483,-3.88641305115493,-0.0383615656591015));
#1017=CARTESIAN_POINT('Ctrl Pts',(-6.30322944598424,-4.37540466083878,-0.0583761071661589));
#1018=CARTESIAN_POINT('Ctrl Pts',(-6.14315284520538,-4.5896633026352,-0.0583761071661589));
#1019=CARTESIAN_POINT('Origin',(0.,0.,0.));
#1020=CARTESIAN_POINT('Origin',(0.,0.,-0.666666666666667));
#1021=CARTESIAN_POINT('Origin',(-2.30250000000001,0.,0.));
#1022=CARTESIAN_POINT('Origin',(-10.4143864795918,7.78078108249392,0.));
#1023=CARTESIAN_POINT('Origin',(-2.30250000000001,0.,0.));
#1024=CARTESIAN_POINT('Origin',(-10.4143864795918,-7.78078108249392,0.));
#1025=CARTESIAN_POINT('Origin',(-9.8,-1.20015386316441E-15,0.));
#1026=CARTESIAN_POINT('',(-11.615,-9.77880469119162E-16,3.5));
#1027=CARTESIAN_POINT('Origin',(-9.8,-1.20015386316441E-15,3.5));
#1028=CARTESIAN_POINT('',(-11.615,-1.42242725720965E-15,0.));
#1029=CARTESIAN_POINT('',(-10.065,-1.79555005499708,2.));
#1030=CARTESIAN_POINT('Ctrl Pts',(-10.065,-1.79555005499708,2.));
#1031=CARTESIAN_POINT('Ctrl Pts',(-10.065,-1.79555005499708,2.0333254668304));
#1032=CARTESIAN_POINT('Ctrl Pts',(-10.0583301293886,-1.79657367866513,2.06883917746746));
#1033=CARTESIAN_POINT('Ctrl Pts',(-10.0312712196234,-1.80025694273556,2.13411529783587));
#1034=CARTESIAN_POINT('Ctrl Pts',(-10.0108847465821,-1.80286186167069,2.16388184744681));
#1035=CARTESIAN_POINT('Ctrl Pts',(-9.96388221487123,-1.80774054299854,2.21088437915764));
#1036=CARTESIAN_POINT('Ctrl Pts',(-9.93411550653196,-1.81033329306469,2.23127114038807));
#1037=CARTESIAN_POINT('Ctrl Pts',(-9.86883884467427,-1.81398864784046,2.25833026006587));
#1038=CARTESIAN_POINT('Ctrl Pts',(-9.83332494581614,-1.815,2.265));
#1039=CARTESIAN_POINT('Ctrl Pts',(-9.76667505418386,-1.815,2.265));
#1040=CARTESIAN_POINT('Ctrl Pts',(-9.73116115532573,-1.81398864784046,2.25833026006587));
#1041=CARTESIAN_POINT('Ctrl Pts',(-9.66588449346804,-1.81033329306469,2.23127114038807));
#1042=CARTESIAN_POINT('Ctrl Pts',(-9.63611778512877,-1.80774054299854,2.21088437915764));
#1043=CARTESIAN_POINT('Ctrl Pts',(-9.58911525341794,-1.80286186167069,2.16388184744681));
#1044=CARTESIAN_POINT('Ctrl Pts',(-9.56872878037662,-1.80025694273556,2.13411529783587));
#1045=CARTESIAN_POINT('Ctrl Pts',(-9.5416698706114,-1.79657367866513,2.06883917746746));
#1046=CARTESIAN_POINT('Ctrl Pts',(-9.535,-1.79555005499708,2.0333254668304));
#1047=CARTESIAN_POINT('Ctrl Pts',(-9.535,-1.79555005499708,1.9666745331696));
#1048=CARTESIAN_POINT('Ctrl Pts',(-9.5416698706114,-1.79657367866513,1.93116082253254));
#1049=CARTESIAN_POINT('Ctrl Pts',(-9.56872878037662,-1.80025694273556,1.86588470216413));
#1050=CARTESIAN_POINT('Ctrl Pts',(-9.58911525341794,-1.80286186167069,1.83611815255319));
#1051=CARTESIAN_POINT('Ctrl Pts',(-9.63611778512877,-1.80774054299854,1.78911562084236));
#1052=CARTESIAN_POINT('Ctrl Pts',(-9.66588449346804,-1.81033329306469,1.76872885961193));
#1053=CARTESIAN_POINT('Ctrl Pts',(-9.73116115532573,-1.81398864784046,1.74166973993413));
#1054=CARTESIAN_POINT('Ctrl Pts',(-9.76667505418386,-1.815,1.735));
#1055=CARTESIAN_POINT('Ctrl Pts',(-9.83332494581614,-1.815,1.735));
#1056=CARTESIAN_POINT('Ctrl Pts',(-9.86883884467427,-1.81398864784046,1.74166973993413));
#1057=CARTESIAN_POINT('Ctrl Pts',(-9.93411550653196,-1.81033329306469,1.76872885961193));
#1058=CARTESIAN_POINT('Ctrl Pts',(-9.96388221487123,-1.80774054299854,1.78911562084236));
#1059=CARTESIAN_POINT('Ctrl Pts',(-10.0108847465821,-1.80286186167069,1.83611815255319));
#1060=CARTESIAN_POINT('Ctrl Pts',(-10.0312712196234,-1.80025694273556,1.86588470216413));
#1061=CARTESIAN_POINT('Ctrl Pts',(-10.0583301293886,-1.79657367866513,1.93116082253254));
#1062=CARTESIAN_POINT('Ctrl Pts',(-10.065,-1.79555005499708,1.9666745331696));
#1063=CARTESIAN_POINT('Ctrl Pts',(-10.065,-1.79555005499708,2.));
#1064=CARTESIAN_POINT('',(-10.065,1.79555005499707,2.));
#1065=CARTESIAN_POINT('Ctrl Pts',(-10.065,1.79555005499707,2.));
#1066=CARTESIAN_POINT('Ctrl Pts',(-10.065,1.79555005499707,1.9666745331696));
#1067=CARTESIAN_POINT('Ctrl Pts',(-10.0583301293886,1.79657367866513,1.93116082253254));
#1068=CARTESIAN_POINT('Ctrl Pts',(-10.0312712196234,1.80025694273556,1.86588470216413));
#1069=CARTESIAN_POINT('Ctrl Pts',(-10.0108847465821,1.80286186167069,1.83611815255319));
#1070=CARTESIAN_POINT('Ctrl Pts',(-9.96388221487123,1.80774054299854,1.78911562084236));
#1071=CARTESIAN_POINT('Ctrl Pts',(-9.93411550653196,1.81033329306469,1.76872885961193));
#1072=CARTESIAN_POINT('Ctrl Pts',(-9.86883884467427,1.81398864784045,1.74166973993413));
#1073=CARTESIAN_POINT('Ctrl Pts',(-9.83332494581614,1.815,1.735));
#1074=CARTESIAN_POINT('Ctrl Pts',(-9.76667505418386,1.815,1.735));
#1075=CARTESIAN_POINT('Ctrl Pts',(-9.73116115532573,1.81398864784045,1.74166973993413));
#1076=CARTESIAN_POINT('Ctrl Pts',(-9.66588449346804,1.81033329306469,1.76872885961193));
#1077=CARTESIAN_POINT('Ctrl Pts',(-9.63611778512877,1.80774054299854,1.78911562084236));
#1078=CARTESIAN_POINT('Ctrl Pts',(-9.58911525341794,1.80286186167069,1.83611815255319));
#1079=CARTESIAN_POINT('Ctrl Pts',(-9.56872878037662,1.80025694273556,1.86588470216413));
#1080=CARTESIAN_POINT('Ctrl Pts',(-9.5416698706114,1.79657367866513,1.93116082253254));
#1081=CARTESIAN_POINT('Ctrl Pts',(-9.535,1.79555005499707,1.9666745331696));
#1082=CARTESIAN_POINT('Ctrl Pts',(-9.535,1.79555005499707,2.0333254668304));
#1083=CARTESIAN_POINT('Ctrl Pts',(-9.5416698706114,1.79657367866513,2.06883917746746));
#1084=CARTESIAN_POINT('Ctrl Pts',(-9.56872878037662,1.80025694273556,2.13411529783587));
#1085=CARTESIAN_POINT('Ctrl Pts',(-9.58911525341794,1.80286186167069,2.16388184744681));
#1086=CARTESIAN_POINT('Ctrl Pts',(-9.63611778512877,1.80774054299854,2.21088437915764));
#1087=CARTESIAN_POINT('Ctrl Pts',(-9.66588449346804,1.81033329306469,2.23127114038807));
#1088=CARTESIAN_POINT('Ctrl Pts',(-9.73116115532573,1.81398864784045,2.25833026006587));
#1089=CARTESIAN_POINT('Ctrl Pts',(-9.76667505418386,1.815,2.265));
#1090=CARTESIAN_POINT('Ctrl Pts',(-9.83332494581614,1.815,2.265));
#1091=CARTESIAN_POINT('Ctrl Pts',(-9.86883884467427,1.81398864784045,2.25833026006587));
#1092=CARTESIAN_POINT('Ctrl Pts',(-9.93411550653196,1.81033329306469,2.23127114038807));
#1093=CARTESIAN_POINT('Ctrl Pts',(-9.96388221487123,1.80774054299854,2.21088437915764));
#1094=CARTESIAN_POINT('Ctrl Pts',(-10.0108847465821,1.80286186167069,2.16388184744681));
#1095=CARTESIAN_POINT('Ctrl Pts',(-10.0312712196234,1.80025694273556,2.13411529783587));
#1096=CARTESIAN_POINT('Ctrl Pts',(-10.0583301293886,1.79657367866513,2.06883917746746));
#1097=CARTESIAN_POINT('Ctrl Pts',(-10.065,1.79555005499707,2.0333254668304));
#1098=CARTESIAN_POINT('Ctrl Pts',(-10.065,1.79555005499707,2.));
#1099=CARTESIAN_POINT('Origin',(-9.8,-1.20015386316441E-15,3.5));
#1100=CARTESIAN_POINT('',(-12.11,-1.48304727376745E-15,3.99997499937497));
#1101=CARTESIAN_POINT('Origin',(-12.115,-1.48365959716702E-15,3.5));
#1102=CARTESIAN_POINT('',(-9.9818363571886,-2.30283206925823,3.99997499937497));
#1103=CARTESIAN_POINT('Origin',(-9.8,-1.20015386316441E-15,3.99997499937497));
#1104=CARTESIAN_POINT('',(-9.80182686743327,-2.31499927916952,4.));
#1105=CARTESIAN_POINT('Ctrl Pts',(-9.98183635718861,-2.3028320692583,3.99997499937497));
#1106=CARTESIAN_POINT('Ctrl Pts',(-9.92317848884763,-2.30746381520363,3.99997499937497));
#1107=CARTESIAN_POINT('Ctrl Pts',(-9.86449844260251,-2.31144339129798,3.99999856770811));
#1108=CARTESIAN_POINT('Ctrl Pts',(-9.80446902892158,-2.31485031108698,3.99999998389303));
#1109=CARTESIAN_POINT('Ctrl Pts',(-9.80314795832465,-2.31492495879882,4.));
#1110=CARTESIAN_POINT('Ctrl Pts',(-9.80182686743329,-2.31499927916952,4.));
#1111=CARTESIAN_POINT('',(-7.4964681122449,-0.230143090479419,4.));
#1112=CARTESIAN_POINT('Origin',(-9.8,-1.20015386316441E-15,4.));
#1113=CARTESIAN_POINT('',(-7.49250000000001,-9.13280857836501E-16,3.99994374683558));
#1114=CARTESIAN_POINT('Ctrl Pts',(-7.4964681122449,-0.230143090479429,4.));
#1115=CARTESIAN_POINT('Ctrl Pts',(-7.49640034969736,-0.228176537237952,
4.));
#1116=CARTESIAN_POINT('Ctrl Pts',(-7.4963334520128,-0.226209954312064,3.99999995079766));
#1117=CARTESIAN_POINT('Ctrl Pts',(-7.49375934483221,-0.149546669648436,
3.99999625980589));
#1118=CARTESIAN_POINT('Ctrl Pts',(-7.49250000000001,-0.0747995356305531,
3.99994374683558));
#1119=CARTESIAN_POINT('Ctrl Pts',(-7.49250000000001,-9.08995101411847E-16,
3.99994374683558));
#1120=CARTESIAN_POINT('',(-7.4964681122449,0.230143090479418,4.));
#1121=CARTESIAN_POINT('Ctrl Pts',(-7.49250000000001,-9.08995101411847E-16,
3.99994374683558));
#1122=CARTESIAN_POINT('Ctrl Pts',(-7.49250000000001,0.0747995356305303,
3.99994374683558));
#1123=CARTESIAN_POINT('Ctrl Pts',(-7.4937593448322,0.149546669648394,3.99999625980589));
#1124=CARTESIAN_POINT('Ctrl Pts',(-7.4963334520128,0.226209954312052,3.99999995079766));
#1125=CARTESIAN_POINT('Ctrl Pts',(-7.49640034969736,0.22817653723796,4.));
#1126=CARTESIAN_POINT('Ctrl Pts',(-7.4964681122449,0.230143090479427,4.));
#1127=CARTESIAN_POINT('',(-9.80182686743328,2.31499927916952,4.));
#1128=CARTESIAN_POINT('Origin',(-9.8,-1.20015386316441E-15,4.));
#1129=CARTESIAN_POINT('',(-9.98183635718861,2.30283206925831,3.99997499937497));
#1130=CARTESIAN_POINT('Ctrl Pts',(-9.80182686743329,2.31499927916951,4.));
#1131=CARTESIAN_POINT('Ctrl Pts',(-9.80314795832561,2.31492495879876,4.));
#1132=CARTESIAN_POINT('Ctrl Pts',(-9.80446902892063,2.31485031108703,3.99999998389303));
#1133=CARTESIAN_POINT('Ctrl Pts',(-9.86449844260256,2.31144339129797,3.99999856770811));
#1134=CARTESIAN_POINT('Ctrl Pts',(-9.92317848884761,2.30746381520364,3.99997499937497));
#1135=CARTESIAN_POINT('Ctrl Pts',(-9.98183635718861,2.30283206925831,3.99997499937497));
#1136=CARTESIAN_POINT('Origin',(-9.8,-1.20015386316441E-15,3.99997499937497));
#1137=CARTESIAN_POINT('Origin',(-10.4143864795918,7.78078108249392,3.5));
#1138=CARTESIAN_POINT('',(-6.0082998920722,4.48891216297726,4.));
#1139=CARTESIAN_POINT('Origin',(-10.4143864795918,7.78078108249392,4.));
#1140=CARTESIAN_POINT('',(-6.40885321821035,4.78817297384241,3.5));
#1141=CARTESIAN_POINT('Origin',(-6.0082998920722,4.48891216297726,3.5));
#1142=CARTESIAN_POINT('',(-10.0208012908719,2.79629608409937,3.5));
#1143=CARTESIAN_POINT('Origin',(-10.4143864795918,7.78078108249392,3.5));
#1144=CARTESIAN_POINT('Origin',(-9.98144277199989,2.29784758425992,3.5));
#1145=CARTESIAN_POINT('Origin',(-2.30250000000001,0.,4.));
#1146=CARTESIAN_POINT('',(-6.0082998920722,-4.48891216297726,4.));
#1147=CARTESIAN_POINT('Origin',(-10.4143864795918,-7.78078108249392,4.));
#1148=CARTESIAN_POINT('Origin',(0.,0.,4.));
#1149=CARTESIAN_POINT('Origin',(-2.30250000000001,0.,4.));
#1150=CARTESIAN_POINT('Origin',(0.,0.,4.));
#1151=CARTESIAN_POINT('Origin',(0.,0.,3.5));
#1152=CARTESIAN_POINT('',(-7.,8.57252759403147E-16,3.5));
#1153=CARTESIAN_POINT('',(7.,-8.57252759403147E-16,3.5));
#1154=CARTESIAN_POINT('Origin',(0.,0.,3.5));
#1155=CARTESIAN_POINT('Origin',(0.,0.,3.5));
#1156=CARTESIAN_POINT('Origin',(-7.5,-9.18485099360515E-16,3.5));
#1157=CARTESIAN_POINT('',(-6.40885321821035,-4.78817297384241,3.5));
#1158=CARTESIAN_POINT('Origin',(-6.0082998920722,-4.48891216297726,3.5));
#1159=CARTESIAN_POINT('Origin',(0.,0.,3.5));
#1160=CARTESIAN_POINT('Origin',(-9.8,-1.20015386316441E-15,0.5));
#1161=CARTESIAN_POINT('',(-10.0208012908719,-2.79629608409937,0.5));
#1162=CARTESIAN_POINT('Origin',(-9.98144277199989,-2.29784758425992,0.5));
#1163=CARTESIAN_POINT('',(-10.0208012908719,2.79629608409937,0.5));
#1164=CARTESIAN_POINT('Origin',(-9.8,-1.20015386316441E-15,0.5));
#1165=CARTESIAN_POINT('Origin',(-9.98144277199989,2.29784758425992,0.5));
#1166=CARTESIAN_POINT('Origin',(-10.4143864795918,-7.78078108249392,0.5));
#1167=CARTESIAN_POINT('',(-7.60485386156453,-3.6447773991976,0.5));
#1168=CARTESIAN_POINT('Origin',(-7.3239005997618,-3.23117703086797,0.5));
#1169=CARTESIAN_POINT('Origin',(-10.4143864795918,-7.78078108249392,0.5));
#1170=CARTESIAN_POINT('Origin',(-9.8,-1.20015386316441E-15,3.5));
#1171=CARTESIAN_POINT('',(-10.0208012908719,-2.79629608409937,3.5));
#1172=CARTESIAN_POINT('Origin',(-9.8,-1.20015386316441E-15,3.5));
#1173=CARTESIAN_POINT('Origin',(-9.98144277199989,-2.29784758425992,3.5));
#1174=CARTESIAN_POINT('Origin',(-9.8,-1.20015386316441E-15,0.));
#1175=CARTESIAN_POINT('',(-10.0208012908719,-2.79629608409937,1.26755765418068));
#1176=CARTESIAN_POINT('',(-10.0208012908719,-2.79629608409937,0.));
#1177=CARTESIAN_POINT('',(-10.4374075000641,-2.73161795990256,1.57699092342833));
#1178=CARTESIAN_POINT('Ctrl Pts',(-10.0208012908719,-2.79629608409938,1.26755765418068));
#1179=CARTESIAN_POINT('Ctrl Pts',(-10.1075988526986,-2.78944237007215,1.2937235548898));
#1180=CARTESIAN_POINT('Ctrl Pts',(-10.1887481614666,-2.77888761397783,1.33500663521064));
#1181=CARTESIAN_POINT('Ctrl Pts',(-10.3297659067424,-2.75540910217616,1.44137394696419));
#1182=CARTESIAN_POINT('Ctrl Pts',(-10.3895307395188,-2.74278972941729,1.50484824862413));
#1183=CARTESIAN_POINT('Ctrl Pts',(-10.4374075000641,-2.73161795990256,1.57699092342833));
#1184=CARTESIAN_POINT('',(-10.5602795537757,-2.70000000000987,1.91514718558083));
#1185=CARTESIAN_POINT('Ctrl Pts',(-10.4374075000641,-2.73161795990256,1.57699092342833));
#1186=CARTESIAN_POINT('Ctrl Pts',(-10.4511923687528,-2.72840133927019,1.5977625313588));
#1187=CARTESIAN_POINT('Ctrl Pts',(-10.463849943725,-2.72531590426725,1.61924197103478));
#1188=CARTESIAN_POINT('Ctrl Pts',(-10.4754271216018,-2.72241478527644,1.64130697455623));
#1189=CARTESIAN_POINT('Ctrl Pts',(-10.4875288159092,-2.7193822279857,1.66437165667071));
#1190=CARTESIAN_POINT('Ctrl Pts',(-10.4984505754897,-2.71655106630978,1.68807735245144));
#1191=CARTESIAN_POINT('Ctrl Pts',(-10.5082019208011,-2.71398198413149,1.71231917493699));
#1192=CARTESIAN_POINT('Ctrl Pts',(-10.5118124999999,-2.71303074362295,1.72129506669479));
#1193=CARTESIAN_POINT('Ctrl Pts',(-10.515262155339,-2.71211543315662,1.73034469683472));
#1194=CARTESIAN_POINT('Ctrl Pts',(-10.5185496782693,-2.71123913315569,1.73946334691412));
#1195=CARTESIAN_POINT('Ctrl Pts',(-10.5269655807395,-2.70899584679728,1.76280665777617));
#1196=CARTESIAN_POINT('Ctrl Pts',(-10.5342861025921,-2.70701716847333,1.78650017780964));
#1197=CARTESIAN_POINT('Ctrl Pts',(-10.5404955360113,-2.70533324382881,1.81048735150148));
#1198=CARTESIAN_POINT('Ctrl Pts',(-10.5464304441061,-2.70372376719397,1.83341402801203));
#1199=CARTESIAN_POINT('Ctrl Pts',(-10.55135031854,-2.70238355765218,1.85661018526326));
#1200=CARTESIAN_POINT('Ctrl Pts',(-10.5551952058049,-2.70133893670438,1.88002278062339));
#1201=CARTESIAN_POINT('Ctrl Pts',(-10.5571124511394,-2.7008180385608,1.89169742441194));
#1202=CARTESIAN_POINT('Ctrl Pts',(-10.558761667835,-2.70037063846945,1.90342571839212));
#1203=CARTESIAN_POINT('Ctrl Pts',(-10.5601307995424,-2.7,1.91519931381903));
#1204=CARTESIAN_POINT('',(-10.5602795538484,-2.70000000000002,2.08485281374272));
#1205=CARTESIAN_POINT('',(-10.5602795538486,-2.7,0.));
#1206=CARTESIAN_POINT('',(-10.4374075000641,-2.73161795990256,2.42300907657167));
#1207=CARTESIAN_POINT('Ctrl Pts',(-10.5601504309178,-2.7,2.08571456765453));
#1208=CARTESIAN_POINT('Ctrl Pts',(-10.5573636329702,-2.70077655122904,2.11039276162986));
#1209=CARTESIAN_POINT('Ctrl Pts',(-10.5534049326041,-2.70189006498928,2.13475717463646));
#1210=CARTESIAN_POINT('Ctrl Pts',(-10.5483022225668,-2.70331052814318,2.15882941914981));
#1211=CARTESIAN_POINT('Ctrl Pts',(-10.5432013571835,-2.70473047779286,2.1828929614318));
#1212=CARTESIAN_POINT('Ctrl Pts',(-10.5369573510773,-2.70645715494898,2.20666538783616));
#1213=CARTESIAN_POINT('Ctrl Pts',(-10.5295468287182,-2.70846057901188,2.23017358577401));
#1214=CARTESIAN_POINT('Ctrl Pts',(-10.5264087774233,-2.70930894666672,2.24012834029825));
#1215=CARTESIAN_POINT('Ctrl Pts',(-10.5230609169375,-2.71020693985729,2.25003570607532));
#1216=CARTESIAN_POINT('Ctrl Pts',(-10.5194986521445,-2.71115228205052,2.25989745970715));
#1217=CARTESIAN_POINT('Ctrl Pts',(-10.5193940820905,-2.71118003250985,2.26018695085116));
#1218=CARTESIAN_POINT('Ctrl Pts',(-10.5192893319609,-2.71120782377038,2.26047638409218));
#1219=CARTESIAN_POINT('Ctrl Pts',(-10.5191844018586,-2.71123565577455,2.26076575935907));
#1220=CARTESIAN_POINT('Ctrl Pts',(-10.5103562195273,-2.71357727178387,2.28511203904487));
#1221=CARTESIAN_POINT('Ctrl Pts',(-10.5002984212439,-2.71619753277244,2.30893867435477));
#1222=CARTESIAN_POINT('Ctrl Pts',(-10.4890908427367,-2.7190376440337,2.3321792090451));
#1223=CARTESIAN_POINT('Ctrl Pts',(-10.4779418882732,-2.72186289938235,2.35529817830341));
#1224=CARTESIAN_POINT('Ctrl Pts',(-10.4656543676643,-2.72490571105524,2.3778383665369));
#1225=CARTESIAN_POINT('Ctrl Pts',(-10.4522634966095,-2.7281082021495,2.39970912013886));
#1226=CARTESIAN_POINT('Ctrl Pts',(-10.4474539974826,-2.72925841695322,2.40756427533557));
#1227=CARTESIAN_POINT('Ctrl Pts',(-10.442501817036,-2.7304292300387,2.41533274992662));
#1228=CARTESIAN_POINT('Ctrl Pts',(-10.4374075000641,-2.73161795990256,2.42300907657167));
#1229=CARTESIAN_POINT('',(-10.0208012908719,-2.79629608409937,2.73244234581932));
#1230=CARTESIAN_POINT('Ctrl Pts',(-10.4374075000641,-2.73161795990256,2.42300907657167));
#1231=CARTESIAN_POINT('Ctrl Pts',(-10.3895408265496,-2.74278737566607,2.49513655182236));
#1232=CARTESIAN_POINT('Ctrl Pts',(-10.3297910364418,-2.75540380307245,2.55859938470687));
#1233=CARTESIAN_POINT('Ctrl Pts',(-10.1887809551201,-2.77888331468521,2.66497665690773));
#1234=CARTESIAN_POINT('Ctrl Pts',(-10.1076164573837,-2.78944097997,2.70627113802053));
#1235=CARTESIAN_POINT('Ctrl Pts',(-10.0208012908719,-2.79629608409938,2.73244234581932));
#1236=CARTESIAN_POINT('',(-10.0208012908719,-2.79629608409937,0.));
#1237=CARTESIAN_POINT('',(-10.0208012908719,2.79629608409937,2.73244234581932));
#1238=CARTESIAN_POINT('',(-10.0208012908719,2.79629608409937,0.));
#1239=CARTESIAN_POINT('',(-10.4374075000641,2.73161795990256,2.42300907657167));
#1240=CARTESIAN_POINT('Ctrl Pts',(-10.0208012908719,2.79629608409937,2.73244234581932));
#1241=CARTESIAN_POINT('Ctrl Pts',(-10.1075988526986,2.78944237007215,2.7062764451102));
#1242=CARTESIAN_POINT('Ctrl Pts',(-10.1887481614666,2.77888761397783,2.66499336478936));
#1243=CARTESIAN_POINT('Ctrl Pts',(-10.3297659067424,2.75540910217616,2.55862605303582));
#1244=CARTESIAN_POINT('Ctrl Pts',(-10.3895307395188,2.74278972941729,2.49515175137588));
#1245=CARTESIAN_POINT('Ctrl Pts',(-10.4374075000641,2.73161795990256,2.42300907657167));
#1246=CARTESIAN_POINT('',(-10.5602795538484,2.70000000000002,2.08485281374273));
#1247=CARTESIAN_POINT('Ctrl Pts',(-10.4374075000641,2.73161795990256,2.42300907657167));
#1248=CARTESIAN_POINT('Ctrl Pts',(-10.45155078217,2.72831770553971,2.40169739654142));
#1249=CARTESIAN_POINT('Ctrl Pts',(-10.4646008987262,2.72515554727392,2.37967850232249));
#1250=CARTESIAN_POINT('Ctrl Pts',(-10.4765357595872,2.72218886842311,2.35705577843085));
#1251=CARTESIAN_POINT('Ctrl Pts',(-10.4885894162814,2.71919266018857,2.33420787509498));
#1252=CARTESIAN_POINT('Ctrl Pts',(-10.4995063048301,2.71639584221694,2.31074284975309));
#1253=CARTESIAN_POINT('Ctrl Pts',(-10.5092234281125,2.71385752846486,2.2867346409841));
#1254=CARTESIAN_POINT('Ctrl Pts',(-10.5126943590708,2.71295084944805,2.27815897176104));
#1255=CARTESIAN_POINT('Ctrl Pts',(-10.5160117828728,2.71207715297604,2.26951378588434));
#1256=CARTESIAN_POINT('Ctrl Pts',(-10.5191712915377,2.71123913315569,2.26080191199688));
#1257=CARTESIAN_POINT('Ctrl Pts',(-10.5192806070475,2.71121013859558,2.26050049078353));
#1258=CARTESIAN_POINT('Ctrl Pts',(-10.5193897272885,2.71118118823999,2.26019900666015));
#1259=CARTESIAN_POINT('Ctrl Pts',(-10.5194986521445,2.71115228215401,2.25989745970715));
#1260=CARTESIAN_POINT('Ctrl Pts',(-10.527900675542,2.7089225834452,2.23663734582768));
#1261=CARTESIAN_POINT('Ctrl Pts',(-10.535113523736,2.70695628697049,2.21312392127462));
#1262=CARTESIAN_POINT('Ctrl Pts',(-10.5411824443758,2.70528326654461,2.18933188612821));
#1263=CARTESIAN_POINT('Ctrl Pts',(-10.547267182466,2.70360588571942,2.16547784171277));
#1264=CARTESIAN_POINT('Ctrl Pts',(-10.5522019640368,2.70222331166813,2.14134291172313));
#1265=CARTESIAN_POINT('Ctrl Pts',(-10.5559805471443,2.70116565239548,2.11690161913679));
#1266=CARTESIAN_POINT('Ctrl Pts',(-10.5575791658184,2.70071818470293,2.10656115403668));
#1267=CARTESIAN_POINT('Ctrl Pts',(-10.5589702059528,2.70032887391347,2.09616592479172));
#1268=CARTESIAN_POINT('Ctrl Pts',(-10.5601504309178,2.7,2.08571456765455));
#1269=CARTESIAN_POINT('',(-10.5602795537757,2.70000000000987,1.91514718558082));
#1270=CARTESIAN_POINT('',(-10.5602795538486,2.7,0.));
#1271=CARTESIAN_POINT('',(-10.4374075000641,2.73161795990256,1.57699092342833));
#1272=CARTESIAN_POINT('Ctrl Pts',(-10.5601307995424,2.7,1.91519931381901));
#1273=CARTESIAN_POINT('Ctrl Pts',(-10.5574022824618,2.70073863850289,1.89173593476719));
#1274=CARTESIAN_POINT('Ctrl Pts',(-10.5535644783061,2.70178214039519,1.86845383950206));
#1275=CARTESIAN_POINT('Ctrl Pts',(-10.5487004309882,2.70310467731329,1.84541355684085));
#1276=CARTESIAN_POINT('Ctrl Pts',(-10.5435943750755,2.70449301649034,1.82122691476593));
#1277=CARTESIAN_POINT('Ctrl Pts',(-10.5373574351062,2.70618884798613,1.7973054771507));
#1278=CARTESIAN_POINT('Ctrl Pts',(-10.5300304603162,2.70816229320256,1.77370478202065));
#1279=CARTESIAN_POINT('Ctrl Pts',(-10.5264664975808,2.70912220986848,1.76222501030264));
#1280=CARTESIAN_POINT('Ctrl Pts',(-10.5226438211578,2.71014781026951,1.75082103785484));
#1281=CARTESIAN_POINT('Ctrl Pts',(-10.5185627239196,2.71123565577455,1.73949953454806));
#1282=CARTESIAN_POINT('Ctrl Pts',(-10.5096681280291,2.71360657359245,1.71482474957976));
#1283=CARTESIAN_POINT('Ctrl Pts',(-10.4995899493319,2.71626315366905,1.69065419452413));
#1284=CARTESIAN_POINT('Ctrl Pts',(-10.4883364692456,2.7191443663806,1.66708583742733));
#1285=CARTESIAN_POINT('Ctrl Pts',(-10.4775424105378,2.72190795408145,1.64447965443335));
#1286=CARTESIAN_POINT('Ctrl Pts',(-10.4656665019749,2.72487820762798,1.62242635317782));
#1287=CARTESIAN_POINT('Ctrl Pts',(-10.4526754455477,2.72800127097239,1.60103600555127));
#1288=CARTESIAN_POINT('Ctrl Pts',(-10.4477480175923,2.72918582972753,1.59292277800433));
#1289=CARTESIAN_POINT('Ctrl Pts',(-10.4426597714048,2.73039237228597,1.58490526222229));
#1290=CARTESIAN_POINT('Ctrl Pts',(-10.4374075000641,2.73161795990256,1.57699092342833));
#1291=CARTESIAN_POINT('',(-10.0208012908719,2.79629608409937,1.26755765418068));
#1292=CARTESIAN_POINT('Ctrl Pts',(-10.4374075000641,2.73161795990256,1.57699092342833));
#1293=CARTESIAN_POINT('Ctrl Pts',(-10.3895408265496,2.74278737566607,1.50486344817763));
#1294=CARTESIAN_POINT('Ctrl Pts',(-10.3297910364418,2.75540380307246,1.44140061529311));
#1295=CARTESIAN_POINT('Ctrl Pts',(-10.18878095512,2.77888331468521,1.33502334309223));
#1296=CARTESIAN_POINT('Ctrl Pts',(-10.1076164573837,2.78944097997,1.29372886197945));
#1297=CARTESIAN_POINT('Ctrl Pts',(-10.0208012908719,2.79629608409937,1.26755765418068));
#1298=CARTESIAN_POINT('',(-10.0208012908719,2.79629608409937,0.));
#1299=CARTESIAN_POINT('Origin',(-10.4143864795918,-7.78078108249392,3.5));
#1300=CARTESIAN_POINT('Origin',(-10.4143864795918,-7.78078108249392,3.5));
#1301=CARTESIAN_POINT('Origin',(-9.80081255997553,2.7,1.99867569714502));
#1302=CARTESIAN_POINT('',(-10.4374075000641,2.7,2.42300907657167));
#1303=CARTESIAN_POINT('Ctrl Pts',(-10.5601504309176,2.7,2.08571456765597));
#1304=CARTESIAN_POINT('Ctrl Pts',(-10.5535363669925,2.7,2.14428471001124));
#1305=CARTESIAN_POINT('Ctrl Pts',(-10.5400959229924,2.7,2.20287609201245));
#1306=CARTESIAN_POINT('Ctrl Pts',(-10.5194986521445,2.7,2.25989745970715));
#1307=CARTESIAN_POINT('Ctrl Pts',(-10.4987144486476,2.7,2.31743633068628));
#1308=CARTESIAN_POINT('Ctrl Pts',(-10.4708326090426,2.7,2.37264274560296));
#1309=CARTESIAN_POINT('Ctrl Pts',(-10.4374075000641,2.7,2.42300907657167));
#1310=CARTESIAN_POINT('',(-10.4374075000641,2.7,1.57699092342833));
#1311=CARTESIAN_POINT('Ctrl Pts',(-10.4374075000641,2.7,2.42300907657167));
#1312=CARTESIAN_POINT('Ctrl Pts',(-10.3775178626339,2.7,2.51325324906923));
#1313=CARTESIAN_POINT('Ctrl Pts',(-10.3032819296368,2.7,2.58623307092307));
#1314=CARTESIAN_POINT('Ctrl Pts',(-10.2119985438977,2.7,2.64457908733233));
#1315=CARTESIAN_POINT('Ctrl Pts',(-10.0910473694694,2.7,2.72188799903379));
#1316=CARTESIAN_POINT('Ctrl Pts',(-9.94303498504028,2.7,2.76377576479594));
#1317=CARTESIAN_POINT('Ctrl Pts',(-9.8067045109854,2.7,2.76497062004527));
#1318=CARTESIAN_POINT('Ctrl Pts',(-9.71721584491341,2.7,2.76575493480067));
#1319=CARTESIAN_POINT('Ctrl Pts',(-9.62306511569371,2.7,2.75024689373925));
#1320=CARTESIAN_POINT('Ctrl Pts',(-9.53434151071566,2.7,2.71739150195076));
#1321=CARTESIAN_POINT('Ctrl Pts',(-9.43741001493368,2.7,2.68149663190631));
#1322=CARTESIAN_POINT('Ctrl Pts',(-9.3476521983454,2.7,2.62476321376165));
#1323=CARTESIAN_POINT('Ctrl Pts',(-9.27583271039223,2.7,2.55720162643808));
#1324=CARTESIAN_POINT('Ctrl Pts',(-9.20655971066471,2.7,2.4920355558681));
#1325=CARTESIAN_POINT('Ctrl Pts',(-9.14743882786054,2.7,2.41163087865433));
#1326=CARTESIAN_POINT('Ctrl Pts',(-9.10542281781383,2.7,2.32060495627223));
#1327=CARTESIAN_POINT('Ctrl Pts',(-9.0604004285725,2.7,2.22306583954073));
#1328=CARTESIAN_POINT('Ctrl Pts',(-9.03680889707061,2.7,2.11482136577427));
#1329=CARTESIAN_POINT('Ctrl Pts',(-9.03510640903407,2.7,2.01275909476613));
#1330=CARTESIAN_POINT('Ctrl Pts',(-9.03355761601235,2.7,1.91991066956333));
#1331=CARTESIAN_POINT('Ctrl Pts',(-9.04943679707569,2.7,1.8226719994487));
#1332=CARTESIAN_POINT('Ctrl Pts',(-9.08381343125412,2.7,1.73111006201792));
#1333=CARTESIAN_POINT('Ctrl Pts',(-9.11851466815156,2.7,1.63868354739515));
#1334=CARTESIAN_POINT('Ctrl Pts',(-9.17206826593243,2.7,1.55305865214186));
#1335=CARTESIAN_POINT('Ctrl Pts',(-9.23548473910527,2.7,1.48371759644846));
#1336=CARTESIAN_POINT('Ctrl Pts',(-9.30238141281287,2.7,1.41057120805472));
#1337=CARTESIAN_POINT('Ctrl Pts',(-9.38489514488426,2.7,1.34913575860435));
#1338=CARTESIAN_POINT('Ctrl Pts',(-9.47882772620347,2.7,1.30568496304317));
#1339=CARTESIAN_POINT('Ctrl Pts',(-9.5678474537636,2.7,1.26450672724037));
#1340=CARTESIAN_POINT('Ctrl Pts',(-9.66557405611096,2.7,1.24105452033857));
#1341=CARTESIAN_POINT('Ctrl Pts',(-9.75948234853819,2.7,1.23607374706715));
#1342=CARTESIAN_POINT('Ctrl Pts',(-9.84389784151975,2.7,1.23159645948936));
#1343=CARTESIAN_POINT('Ctrl Pts',(-9.92936926209468,2.7,1.2408786537507));
#1344=CARTESIAN_POINT('Ctrl Pts',(-10.0140326500512,2.7,1.2655512102862));
#1345=CARTESIAN_POINT('Ctrl Pts',(-10.1189612597783,2.7,1.29612944626483));
#1346=CARTESIAN_POINT('Ctrl Pts',(-10.2185907454386,2.7,1.35096560419219));
#1347=CARTESIAN_POINT('Ctrl Pts',(-10.2989517123551,2.7,1.4201101925901));
#1348=CARTESIAN_POINT('Ctrl Pts',(-10.3519488462702,2.7,1.46571025380686));
#1349=CARTESIAN_POINT('Ctrl Pts',(-10.3977346537716,2.7,1.51721024453445));
#1350=CARTESIAN_POINT('Ctrl Pts',(-10.4374075000641,2.7,1.57699092342833));
#1351=CARTESIAN_POINT('Ctrl Pts',(-10.4374075000641,2.7,1.57699092342833));
#1352=CARTESIAN_POINT('Ctrl Pts',(-10.5039570932312,2.7,1.67727059154965));
#1353=CARTESIAN_POINT('Ctrl Pts',(-10.546452754267,2.7,1.79757748886855));
#1354=CARTESIAN_POINT('Ctrl Pts',(-10.5601307994637,2.7,1.91519931314259));
#1355=CARTESIAN_POINT('',(-10.065,2.7,2.));
#1356=CARTESIAN_POINT('Origin',(-9.8,2.7,2.));
#1357=CARTESIAN_POINT('Ctrl Pts',(-10.4374075000641,4.40176069241146,1.57699092342833));
#1358=CARTESIAN_POINT('Ctrl Pts',(-10.4374075000641,2.7,1.57699092342833));
#1359=CARTESIAN_POINT('Ctrl Pts',(-10.5143862449927,4.40176069241146,1.69298566699428));
#1360=CARTESIAN_POINT('Ctrl Pts',(-10.5143862449927,2.7,1.69298566699428));
#1361=CARTESIAN_POINT('Ctrl Pts',(-10.5591812193544,4.40176069241146,1.83577651799361));
#1362=CARTESIAN_POINT('Ctrl Pts',(-10.5591812193544,2.7,1.83577651799361));
#1363=CARTESIAN_POINT('Ctrl Pts',(-10.5644198484499,4.40176069241146,1.97021249765666));
#1364=CARTESIAN_POINT('Ctrl Pts',(-10.5644198484499,2.7,1.97021249765666));
#1365=CARTESIAN_POINT('Ctrl Pts',(-10.5681620899526,4.40176069241146,2.06624752769749));
#1366=CARTESIAN_POINT('Ctrl Pts',(-10.5681620899526,2.7,2.06624752769749));
#1367=CARTESIAN_POINT('Ctrl Pts',(-10.5536923083051,4.40176069241146,2.16523593609267));
#1368=CARTESIAN_POINT('Ctrl Pts',(-10.5536923083051,2.7,2.16523593609267));
#1369=CARTESIAN_POINT('Ctrl Pts',(-10.5194986521445,4.40176069241146,2.25989745970715));
#1370=CARTESIAN_POINT('Ctrl Pts',(-10.5194986521445,2.7,2.25989745970715));
#1371=CARTESIAN_POINT('Ctrl Pts',(-10.4987144486476,4.40176069241146,2.31743633068628));
#1372=CARTESIAN_POINT('Ctrl Pts',(-10.4987144486476,2.7,2.31743633068628));
#1373=CARTESIAN_POINT('Ctrl Pts',(-10.4708326090426,4.40176069241146,2.37264274560296));
#1374=CARTESIAN_POINT('Ctrl Pts',(-10.4708326090426,2.7,2.37264274560296));
#1375=CARTESIAN_POINT('Ctrl Pts',(-10.4374075000641,4.40176069241146,2.42300907657167));
#1376=CARTESIAN_POINT('Ctrl Pts',(-10.4374075000641,2.7,2.42300907657167));
#1377=CARTESIAN_POINT('',(-10.4374075000641,2.8,1.57699092342833));
#1378=CARTESIAN_POINT('Ctrl Pts',(-10.4374075000641,4.40176069241146,1.57699092342833));
#1379=CARTESIAN_POINT('Ctrl Pts',(-10.4374075000641,2.7,1.57699092342833));
#1380=CARTESIAN_POINT('Ctrl Pts',(-10.5143862449927,4.40176069241146,1.69298566699428));
#1381=CARTESIAN_POINT('Ctrl Pts',(-10.5143862449927,2.7,1.69298566699428));
#1382=CARTESIAN_POINT('Ctrl Pts',(-10.5591812193544,4.40176069241146,1.83577651799361));
#1383=CARTESIAN_POINT('Ctrl Pts',(-10.5591812193544,2.7,1.83577651799361));
#1384=CARTESIAN_POINT('Ctrl Pts',(-10.5644198484499,4.40176069241146,1.97021249765666));
#1385=CARTESIAN_POINT('Ctrl Pts',(-10.5644198484499,2.7,1.97021249765666));
#1386=CARTESIAN_POINT('Ctrl Pts',(-10.5681620899526,4.40176069241146,2.06624752769749));
#1387=CARTESIAN_POINT('Ctrl Pts',(-10.5681620899526,2.7,2.06624752769749));
#1388=CARTESIAN_POINT('Ctrl Pts',(-10.5536923083051,4.40176069241146,2.16523593609267));
#1389=CARTESIAN_POINT('Ctrl Pts',(-10.5536923083051,2.7,2.16523593609267));
#1390=CARTESIAN_POINT('Ctrl Pts',(-10.5194986521445,4.40176069241146,2.25989745970715));
#1391=CARTESIAN_POINT('Ctrl Pts',(-10.5194986521445,2.7,2.25989745970715));
#1392=CARTESIAN_POINT('Ctrl Pts',(-10.4987144486476,4.40176069241146,2.31743633068628));
#1393=CARTESIAN_POINT('Ctrl Pts',(-10.4987144486476,2.7,2.31743633068628));
#1394=CARTESIAN_POINT('Ctrl Pts',(-10.4708326090426,4.40176069241146,2.37264274560296));
#1395=CARTESIAN_POINT('Ctrl Pts',(-10.4708326090426,2.7,2.37264274560296));
#1396=CARTESIAN_POINT('Ctrl Pts',(-10.4374075000641,4.40176069241146,2.42300907657167));
#1397=CARTESIAN_POINT('Ctrl Pts',(-10.4374075000641,2.7,2.42300907657167));
#1398=CARTESIAN_POINT('',(-10.4374075000641,2.8,2.42300907657167));
#1399=CARTESIAN_POINT('Ctrl Pts',(-10.4374075000641,4.40194986443927,2.42300907657167));
#1400=CARTESIAN_POINT('Ctrl Pts',(-10.4374075000641,2.7,2.42300907657167));
#1401=CARTESIAN_POINT('Ctrl Pts',(-10.3775178626339,4.40194986443927,2.51325324906923));
#1402=CARTESIAN_POINT('Ctrl Pts',(-10.3775178626339,2.7,2.51325324906923));
#1403=CARTESIAN_POINT('Ctrl Pts',(-10.3032819296368,4.40194986443927,2.58623307092307));
#1404=CARTESIAN_POINT('Ctrl Pts',(-10.3032819296368,2.7,2.58623307092307));
#1405=CARTESIAN_POINT('Ctrl Pts',(-10.2119985438977,4.40194986443927,2.64457908733233));
#1406=CARTESIAN_POINT('Ctrl Pts',(-10.2119985438977,2.7,2.64457908733233));
#1407=CARTESIAN_POINT('Ctrl Pts',(-10.0910473694694,4.40194986443927,2.72188799903379));
#1408=CARTESIAN_POINT('Ctrl Pts',(-10.0910473694694,2.7,2.72188799903379));
#1409=CARTESIAN_POINT('Ctrl Pts',(-9.94303498504028,4.40194986443927,2.76377576479594));
#1410=CARTESIAN_POINT('Ctrl Pts',(-9.94303498504028,2.7,2.76377576479594));
#1411=CARTESIAN_POINT('Ctrl Pts',(-9.8067045109854,4.40194986443927,2.76497062004527));
#1412=CARTESIAN_POINT('Ctrl Pts',(-9.8067045109854,2.7,2.76497062004527));
#1413=CARTESIAN_POINT('Ctrl Pts',(-9.71721584491341,4.40194986443927,2.76575493480067));
#1414=CARTESIAN_POINT('Ctrl Pts',(-9.71721584491341,2.7,2.76575493480067));
#1415=CARTESIAN_POINT('Ctrl Pts',(-9.62306511569371,4.40194986443927,2.75024689373925));
#1416=CARTESIAN_POINT('Ctrl Pts',(-9.62306511569371,2.7,2.75024689373925));
#1417=CARTESIAN_POINT('Ctrl Pts',(-9.53434151071566,4.40194986443927,2.71739150195076));
#1418=CARTESIAN_POINT('Ctrl Pts',(-9.53434151071566,2.7,2.71739150195076));
#1419=CARTESIAN_POINT('Ctrl Pts',(-9.43741001493368,4.40194986443927,2.68149663190631));
#1420=CARTESIAN_POINT('Ctrl Pts',(-9.43741001493368,2.7,2.68149663190631));
#1421=CARTESIAN_POINT('Ctrl Pts',(-9.3476521983454,4.40194986443927,2.62476321376165));
#1422=CARTESIAN_POINT('Ctrl Pts',(-9.3476521983454,2.7,2.62476321376165));
#1423=CARTESIAN_POINT('Ctrl Pts',(-9.27583271039223,4.40194986443927,2.55720162643808));
#1424=CARTESIAN_POINT('Ctrl Pts',(-9.27583271039223,2.7,2.55720162643808));
#1425=CARTESIAN_POINT('Ctrl Pts',(-9.20655971066471,4.40194986443927,2.4920355558681));
#1426=CARTESIAN_POINT('Ctrl Pts',(-9.20655971066471,2.7,2.4920355558681));
#1427=CARTESIAN_POINT('Ctrl Pts',(-9.14743882786054,4.40194986443927,2.41163087865433));
#1428=CARTESIAN_POINT('Ctrl Pts',(-9.14743882786054,2.7,2.41163087865433));
#1429=CARTESIAN_POINT('Ctrl Pts',(-9.10542281781383,4.40194986443927,2.32060495627223));
#1430=CARTESIAN_POINT('Ctrl Pts',(-9.10542281781383,2.7,2.32060495627223));
#1431=CARTESIAN_POINT('Ctrl Pts',(-9.0604004285725,4.40194986443927,2.22306583954073));
#1432=CARTESIAN_POINT('Ctrl Pts',(-9.0604004285725,2.7,2.22306583954073));
#1433=CARTESIAN_POINT('Ctrl Pts',(-9.03680889707061,4.40194986443927,2.11482136577427));
#1434=CARTESIAN_POINT('Ctrl Pts',(-9.03680889707061,2.7,2.11482136577427));
#1435=CARTESIAN_POINT('Ctrl Pts',(-9.03510640903407,4.40194986443927,2.01275909476613));
#1436=CARTESIAN_POINT('Ctrl Pts',(-9.03510640903407,2.7,2.01275909476613));
#1437=CARTESIAN_POINT('Ctrl Pts',(-9.03355761601235,4.40194986443927,1.91991066956333));
#1438=CARTESIAN_POINT('Ctrl Pts',(-9.03355761601235,2.7,1.91991066956333));
#1439=CARTESIAN_POINT('Ctrl Pts',(-9.04943679707569,4.40194986443927,1.8226719994487));
#1440=CARTESIAN_POINT('Ctrl Pts',(-9.04943679707569,2.7,1.8226719994487));
#1441=CARTESIAN_POINT('Ctrl Pts',(-9.08381343125412,4.40194986443927,1.73111006201792));
#1442=CARTESIAN_POINT('Ctrl Pts',(-9.08381343125412,2.7,1.73111006201792));
#1443=CARTESIAN_POINT('Ctrl Pts',(-9.11851466815156,4.40194986443927,1.63868354739515));
#1444=CARTESIAN_POINT('Ctrl Pts',(-9.11851466815156,2.7,1.63868354739515));
#1445=CARTESIAN_POINT('Ctrl Pts',(-9.17206826593243,4.40194986443927,1.55305865214186));
#1446=CARTESIAN_POINT('Ctrl Pts',(-9.17206826593243,2.7,1.55305865214186));
#1447=CARTESIAN_POINT('Ctrl Pts',(-9.23548473910527,4.40194986443927,1.48371759644846));
#1448=CARTESIAN_POINT('Ctrl Pts',(-9.23548473910527,2.7,1.48371759644846));
#1449=CARTESIAN_POINT('Ctrl Pts',(-9.30238141281287,4.40194986443927,1.41057120805472));
#1450=CARTESIAN_POINT('Ctrl Pts',(-9.30238141281287,2.7,1.41057120805472));
#1451=CARTESIAN_POINT('Ctrl Pts',(-9.38489514488426,4.40194986443927,1.34913575860435));
#1452=CARTESIAN_POINT('Ctrl Pts',(-9.38489514488426,2.7,1.34913575860435));
#1453=CARTESIAN_POINT('Ctrl Pts',(-9.47882772620347,4.40194986443927,1.30568496304317));
#1454=CARTESIAN_POINT('Ctrl Pts',(-9.47882772620347,2.7,1.30568496304317));
#1455=CARTESIAN_POINT('Ctrl Pts',(-9.5678474537636,4.40194986443927,1.26450672724037));
#1456=CARTESIAN_POINT('Ctrl Pts',(-9.5678474537636,2.7,1.26450672724037));
#1457=CARTESIAN_POINT('Ctrl Pts',(-9.66557405611096,4.40194986443927,1.24105452033857));
#1458=CARTESIAN_POINT('Ctrl Pts',(-9.66557405611096,2.7,1.24105452033857));
#1459=CARTESIAN_POINT('Ctrl Pts',(-9.75948234853819,4.40194986443927,1.23607374706715));
#1460=CARTESIAN_POINT('Ctrl Pts',(-9.75948234853819,2.7,1.23607374706715));
#1461=CARTESIAN_POINT('Ctrl Pts',(-9.84389784151975,4.40194986443927,1.23159645948936));
#1462=CARTESIAN_POINT('Ctrl Pts',(-9.84389784151975,2.7,1.23159645948936));
#1463=CARTESIAN_POINT('Ctrl Pts',(-9.92936926209468,4.40194986443927,1.2408786537507));
#1464=CARTESIAN_POINT('Ctrl Pts',(-9.92936926209468,2.7,1.2408786537507));
#1465=CARTESIAN_POINT('Ctrl Pts',(-10.0140326500512,4.40194986443927,1.2655512102862));
#1466=CARTESIAN_POINT('Ctrl Pts',(-10.0140326500512,2.7,1.2655512102862));
#1467=CARTESIAN_POINT('Ctrl Pts',(-10.1189612597783,4.40194986443927,1.29612944626483));
#1468=CARTESIAN_POINT('Ctrl Pts',(-10.1189612597783,2.7,1.29612944626483));
#1469=CARTESIAN_POINT('Ctrl Pts',(-10.2185907454386,4.40194986443927,1.35096560419219));
#1470=CARTESIAN_POINT('Ctrl Pts',(-10.2185907454386,2.7,1.35096560419219));
#1471=CARTESIAN_POINT('Ctrl Pts',(-10.2989517123551,4.40194986443927,1.4201101925901));
#1472=CARTESIAN_POINT('Ctrl Pts',(-10.2989517123551,2.7,1.4201101925901));
#1473=CARTESIAN_POINT('Ctrl Pts',(-10.3519488462702,4.40194986443927,1.46571025380686));
#1474=CARTESIAN_POINT('Ctrl Pts',(-10.3519488462702,2.7,1.46571025380686));
#1475=CARTESIAN_POINT('Ctrl Pts',(-10.3977346537716,4.40194986443927,1.51721024453445));
#1476=CARTESIAN_POINT('Ctrl Pts',(-10.3977346537716,2.7,1.51721024453445));
#1477=CARTESIAN_POINT('Ctrl Pts',(-10.4374075000641,4.40194986443927,1.57699092342833));
#1478=CARTESIAN_POINT('Ctrl Pts',(-10.4374075000641,2.7,1.57699092342833));
#1479=CARTESIAN_POINT('Ctrl Pts',(-10.0208012908719,2.79629608409937,1.26755765418068));
#1480=CARTESIAN_POINT('Ctrl Pts',(-9.9299470028114,2.80347012557484,1.24016881709404));
#1481=CARTESIAN_POINT('Ctrl Pts',(-9.83513264794908,2.81354122330579,1.23000847625966));
#1482=CARTESIAN_POINT('Ctrl Pts',(-9.64071579670261,2.83996178974642,1.24502372425191));
#1483=CARTESIAN_POINT('Ctrl Pts',(-9.54319268742346,2.85642417708694,1.27247788936659));
#1484=CARTESIAN_POINT('Ctrl Pts',(-9.40940105364449,2.88261154212595,1.34033907230896));
#1485=CARTESIAN_POINT('Ctrl Pts',(-9.36717550722456,2.89151017257851,1.36724228858541));
#1486=CARTESIAN_POINT('Ctrl Pts',(-9.2477614507639,2.91809429733632,1.4609036434876));
#1487=CARTESIAN_POINT('Ctrl Pts',(-9.18072082246014,2.93509073167581,1.53932135075607));
#1488=CARTESIAN_POINT('Ctrl Pts',(-9.08327191824461,2.96097058572042,1.71502370489544));
#1489=CARTESIAN_POINT('Ctrl Pts',(-9.05242134901184,2.96983480533197,1.80977167583285));
#1490=CARTESIAN_POINT('Ctrl Pts',(-9.02904346841809,2.97651554911138,2.00324453516771));
#1491=CARTESIAN_POINT('Ctrl Pts',(-9.03549093937856,2.97461146523971,2.09937454433477));
#1492=CARTESIAN_POINT('Ctrl Pts',(-9.08331251017504,2.96114864146955,2.2839750363501));
#1493=CARTESIAN_POINT('Ctrl Pts',(-9.12403394240704,2.94981551552439,2.37040560275409));
#1494=CARTESIAN_POINT('Ctrl Pts',(-9.23586046659789,2.92130593425871,2.5257222551078));
#1495=CARTESIAN_POINT('Ctrl Pts',(-9.30688013718954,2.90427082925066,2.59278339199822));
#1496=CARTESIAN_POINT('Ctrl Pts',(-9.47432166785306,2.86916208333648,2.69969447488008));
#1497=CARTESIAN_POINT('Ctrl Pts',(-9.57066402278354,2.85142198357961,2.73698284515205));
#1498=CARTESIAN_POINT('Ctrl Pts',(-9.72842545117532,2.82772726397994,2.76381095646072));
#1499=CARTESIAN_POINT('Ctrl Pts',(-9.78612003742281,2.82007066663685,2.7670501685107));
#1500=CARTESIAN_POINT('Ctrl Pts',(-9.90369743557151,2.80656393338373,2.76031294814969));
#1501=CARTESIAN_POINT('Ctrl Pts',(-9.96311510241147,2.80085110420256,2.74983236286331));
#1502=CARTESIAN_POINT('Ctrl Pts',(-10.0208012908719,2.79629608409937,2.73244234581932));
#1503=CARTESIAN_POINT('Origin',(-9.80081255997553,-2.7,1.99867569714502));
#1504=CARTESIAN_POINT('',(-10.4374075000641,-2.7,1.57699092342833));
#1505=CARTESIAN_POINT('Ctrl Pts',(-10.4374075000641,-2.7,1.57699092342833));
#1506=CARTESIAN_POINT('Ctrl Pts',(-10.5039570932312,-2.7,1.67727059154965));
#1507=CARTESIAN_POINT('Ctrl Pts',(-10.546452754267,-2.7,1.79757748886856));
#1508=CARTESIAN_POINT('Ctrl Pts',(-10.5601307994637,-2.7,1.91519931314261));
#1509=CARTESIAN_POINT('',(-10.4374075000641,-2.7,2.42300907657167));
#1510=CARTESIAN_POINT('Ctrl Pts',(-10.4374075000641,-2.7,2.42300907657167));
#1511=CARTESIAN_POINT('Ctrl Pts',(-10.3775178626339,-2.7,2.51325324906923));
#1512=CARTESIAN_POINT('Ctrl Pts',(-10.3032819296368,-2.7,2.58623307092307));
#1513=CARTESIAN_POINT('Ctrl Pts',(-10.2119985438977,-2.7,2.64457908733233));
#1514=CARTESIAN_POINT('Ctrl Pts',(-10.0910473694694,-2.7,2.72188799903379));
#1515=CARTESIAN_POINT('Ctrl Pts',(-9.94303498504028,-2.7,2.76377576479594));
#1516=CARTESIAN_POINT('Ctrl Pts',(-9.8067045109854,-2.7,2.76497062004527));
#1517=CARTESIAN_POINT('Ctrl Pts',(-9.71721584491341,-2.7,2.76575493480067));
#1518=CARTESIAN_POINT('Ctrl Pts',(-9.62306511569371,-2.7,2.75024689373925));
#1519=CARTESIAN_POINT('Ctrl Pts',(-9.53434151071566,-2.7,2.71739150195076));
#1520=CARTESIAN_POINT('Ctrl Pts',(-9.43741001493368,-2.7,2.68149663190631));
#1521=CARTESIAN_POINT('Ctrl Pts',(-9.3476521983454,-2.7,2.62476321376165));
#1522=CARTESIAN_POINT('Ctrl Pts',(-9.27583271039223,-2.7,2.55720162643808));
#1523=CARTESIAN_POINT('Ctrl Pts',(-9.20655971066471,-2.7,2.4920355558681));
#1524=CARTESIAN_POINT('Ctrl Pts',(-9.14743882786054,-2.7,2.41163087865433));
#1525=CARTESIAN_POINT('Ctrl Pts',(-9.10542281781383,-2.7,2.32060495627223));
#1526=CARTESIAN_POINT('Ctrl Pts',(-9.0604004285725,-2.7,2.22306583954073));
#1527=CARTESIAN_POINT('Ctrl Pts',(-9.03680889707061,-2.7,2.11482136577427));
#1528=CARTESIAN_POINT('Ctrl Pts',(-9.03510640903407,-2.7,2.01275909476613));
#1529=CARTESIAN_POINT('Ctrl Pts',(-9.03355761601235,-2.7,1.91991066956333));
#1530=CARTESIAN_POINT('Ctrl Pts',(-9.04943679707569,-2.7,1.8226719994487));
#1531=CARTESIAN_POINT('Ctrl Pts',(-9.08381343125412,-2.7,1.73111006201792));
#1532=CARTESIAN_POINT('Ctrl Pts',(-9.11851466815156,-2.7,1.63868354739515));
#1533=CARTESIAN_POINT('Ctrl Pts',(-9.17206826593243,-2.7,1.55305865214186));
#1534=CARTESIAN_POINT('Ctrl Pts',(-9.23548473910527,-2.7,1.48371759644846));
#1535=CARTESIAN_POINT('Ctrl Pts',(-9.30238141281287,-2.7,1.41057120805472));
#1536=CARTESIAN_POINT('Ctrl Pts',(-9.38489514488426,-2.7,1.34913575860435));
#1537=CARTESIAN_POINT('Ctrl Pts',(-9.47882772620347,-2.7,1.30568496304317));
#1538=CARTESIAN_POINT('Ctrl Pts',(-9.5678474537636,-2.7,1.26450672724037));
#1539=CARTESIAN_POINT('Ctrl Pts',(-9.66557405611096,-2.7,1.24105452033857));
#1540=CARTESIAN_POINT('Ctrl Pts',(-9.75948234853819,-2.7,1.23607374706715));
#1541=CARTESIAN_POINT('Ctrl Pts',(-9.84389784151975,-2.7,1.23159645948936));
#1542=CARTESIAN_POINT('Ctrl Pts',(-9.92936926209468,-2.7,1.2408786537507));
#1543=CARTESIAN_POINT('Ctrl Pts',(-10.0140326500512,-2.7,1.2655512102862));
#1544=CARTESIAN_POINT('Ctrl Pts',(-10.1189612597783,-2.7,1.29612944626483));
#1545=CARTESIAN_POINT('Ctrl Pts',(-10.2185907454386,-2.7,1.35096560419219));
#1546=CARTESIAN_POINT('Ctrl Pts',(-10.2989517123551,-2.7,1.4201101925901));
#1547=CARTESIAN_POINT('Ctrl Pts',(-10.3519488462702,-2.7,1.46571025380686));
#1548=CARTESIAN_POINT('Ctrl Pts',(-10.3977346537716,-2.7,1.51721024453445));
#1549=CARTESIAN_POINT('Ctrl Pts',(-10.4374075000641,-2.7,1.57699092342833));
#1550=CARTESIAN_POINT('Ctrl Pts',(-10.5601504309176,-2.7,2.08571456765595));
#1551=CARTESIAN_POINT('Ctrl Pts',(-10.5535363669925,-2.7,2.14428471001123));
#1552=CARTESIAN_POINT('Ctrl Pts',(-10.5400959229924,-2.7,2.20287609201245));
#1553=CARTESIAN_POINT('Ctrl Pts',(-10.5194986521445,-2.7,2.25989745970715));
#1554=CARTESIAN_POINT('Ctrl Pts',(-10.4987144486476,-2.7,2.31743633068628));
#1555=CARTESIAN_POINT('Ctrl Pts',(-10.4708326090426,-2.7,2.37264274560296));
#1556=CARTESIAN_POINT('Ctrl Pts',(-10.4374075000641,-2.7,2.42300907657167));
#1557=CARTESIAN_POINT('',(-10.065,-2.7,2.));
#1558=CARTESIAN_POINT('Origin',(-9.8,-2.7,2.));
#1559=CARTESIAN_POINT('Ctrl Pts',(-10.4374075000641,-4.40176069241146,1.57699092342833));
#1560=CARTESIAN_POINT('Ctrl Pts',(-10.4374075000641,-2.7,1.57699092342833));
#1561=CARTESIAN_POINT('Ctrl Pts',(-10.5143862449927,-4.40176069241146,1.69298566699428));
#1562=CARTESIAN_POINT('Ctrl Pts',(-10.5143862449927,-2.7,1.69298566699428));
#1563=CARTESIAN_POINT('Ctrl Pts',(-10.5591812193544,-4.40176069241146,1.83577651799361));
#1564=CARTESIAN_POINT('Ctrl Pts',(-10.5591812193544,-2.7,1.83577651799361));
#1565=CARTESIAN_POINT('Ctrl Pts',(-10.5644198484499,-4.40176069241146,1.97021249765666));
#1566=CARTESIAN_POINT('Ctrl Pts',(-10.5644198484499,-2.7,1.97021249765666));
#1567=CARTESIAN_POINT('Ctrl Pts',(-10.5681620899526,-4.40176069241146,2.06624752769749));
#1568=CARTESIAN_POINT('Ctrl Pts',(-10.5681620899526,-2.7,2.06624752769749));
#1569=CARTESIAN_POINT('Ctrl Pts',(-10.5536923083051,-4.40176069241146,2.16523593609267));
#1570=CARTESIAN_POINT('Ctrl Pts',(-10.5536923083051,-2.7,2.16523593609267));
#1571=CARTESIAN_POINT('Ctrl Pts',(-10.5194986521445,-4.40176069241146,2.25989745970715));
#1572=CARTESIAN_POINT('Ctrl Pts',(-10.5194986521445,-2.7,2.25989745970715));
#1573=CARTESIAN_POINT('Ctrl Pts',(-10.4987144486476,-4.40176069241146,2.31743633068628));
#1574=CARTESIAN_POINT('Ctrl Pts',(-10.4987144486476,-2.7,2.31743633068628));
#1575=CARTESIAN_POINT('Ctrl Pts',(-10.4708326090426,-4.40176069241146,2.37264274560296));
#1576=CARTESIAN_POINT('Ctrl Pts',(-10.4708326090426,-2.7,2.37264274560296));
#1577=CARTESIAN_POINT('Ctrl Pts',(-10.4374075000641,-4.40176069241146,2.42300907657167));
#1578=CARTESIAN_POINT('Ctrl Pts',(-10.4374075000641,-2.7,2.42300907657167));
#1579=CARTESIAN_POINT('',(-10.4374075000641,-2.8,2.42300907657167));
#1580=CARTESIAN_POINT('Ctrl Pts',(-10.4374075000641,-4.40176069241146,1.57699092342833));
#1581=CARTESIAN_POINT('Ctrl Pts',(-10.4374075000641,-2.7,1.57699092342833));
#1582=CARTESIAN_POINT('Ctrl Pts',(-10.5143862449927,-4.40176069241146,1.69298566699428));
#1583=CARTESIAN_POINT('Ctrl Pts',(-10.5143862449927,-2.7,1.69298566699428));
#1584=CARTESIAN_POINT('Ctrl Pts',(-10.5591812193544,-4.40176069241146,1.83577651799361));
#1585=CARTESIAN_POINT('Ctrl Pts',(-10.5591812193544,-2.7,1.83577651799361));
#1586=CARTESIAN_POINT('Ctrl Pts',(-10.5644198484499,-4.40176069241146,1.97021249765666));
#1587=CARTESIAN_POINT('Ctrl Pts',(-10.5644198484499,-2.7,1.97021249765666));
#1588=CARTESIAN_POINT('Ctrl Pts',(-10.5681620899526,-4.40176069241146,2.06624752769749));
#1589=CARTESIAN_POINT('Ctrl Pts',(-10.5681620899526,-2.7,2.06624752769749));
#1590=CARTESIAN_POINT('Ctrl Pts',(-10.5536923083051,-4.40176069241146,2.16523593609267));
#1591=CARTESIAN_POINT('Ctrl Pts',(-10.5536923083051,-2.7,2.16523593609267));
#1592=CARTESIAN_POINT('Ctrl Pts',(-10.5194986521445,-4.40176069241146,2.25989745970715));
#1593=CARTESIAN_POINT('Ctrl Pts',(-10.5194986521445,-2.7,2.25989745970715));
#1594=CARTESIAN_POINT('Ctrl Pts',(-10.4987144486476,-4.40176069241146,2.31743633068628));
#1595=CARTESIAN_POINT('Ctrl Pts',(-10.4987144486476,-2.7,2.31743633068628));
#1596=CARTESIAN_POINT('Ctrl Pts',(-10.4708326090426,-4.40176069241146,2.37264274560296));
#1597=CARTESIAN_POINT('Ctrl Pts',(-10.4708326090426,-2.7,2.37264274560296));
#1598=CARTESIAN_POINT('Ctrl Pts',(-10.4374075000641,-4.40176069241146,2.42300907657167));
#1599=CARTESIAN_POINT('Ctrl Pts',(-10.4374075000641,-2.7,2.42300907657167));
#1600=CARTESIAN_POINT('',(-10.4374075000641,-2.8,1.57699092342833));
#1601=CARTESIAN_POINT('Ctrl Pts',(-10.4374075000641,-4.40194986443927,2.42300907657167));
#1602=CARTESIAN_POINT('Ctrl Pts',(-10.4374075000641,-2.7,2.42300907657167));
#1603=CARTESIAN_POINT('Ctrl Pts',(-10.3775178626339,-4.40194986443927,2.51325324906923));
#1604=CARTESIAN_POINT('Ctrl Pts',(-10.3775178626339,-2.7,2.51325324906923));
#1605=CARTESIAN_POINT('Ctrl Pts',(-10.3032819296368,-4.40194986443927,2.58623307092307));
#1606=CARTESIAN_POINT('Ctrl Pts',(-10.3032819296368,-2.7,2.58623307092307));
#1607=CARTESIAN_POINT('Ctrl Pts',(-10.2119985438977,-4.40194986443927,2.64457908733233));
#1608=CARTESIAN_POINT('Ctrl Pts',(-10.2119985438977,-2.7,2.64457908733233));
#1609=CARTESIAN_POINT('Ctrl Pts',(-10.0910473694694,-4.40194986443927,2.72188799903379));
#1610=CARTESIAN_POINT('Ctrl Pts',(-10.0910473694694,-2.7,2.72188799903379));
#1611=CARTESIAN_POINT('Ctrl Pts',(-9.94303498504028,-4.40194986443927,2.76377576479594));
#1612=CARTESIAN_POINT('Ctrl Pts',(-9.94303498504028,-2.7,2.76377576479594));
#1613=CARTESIAN_POINT('Ctrl Pts',(-9.8067045109854,-4.40194986443927,2.76497062004527));
#1614=CARTESIAN_POINT('Ctrl Pts',(-9.8067045109854,-2.7,2.76497062004527));
#1615=CARTESIAN_POINT('Ctrl Pts',(-9.71721584491341,-4.40194986443927,2.76575493480067));
#1616=CARTESIAN_POINT('Ctrl Pts',(-9.71721584491341,-2.7,2.76575493480067));
#1617=CARTESIAN_POINT('Ctrl Pts',(-9.62306511569371,-4.40194986443927,2.75024689373925));
#1618=CARTESIAN_POINT('Ctrl Pts',(-9.62306511569371,-2.7,2.75024689373925));
#1619=CARTESIAN_POINT('Ctrl Pts',(-9.53434151071566,-4.40194986443927,2.71739150195076));
#1620=CARTESIAN_POINT('Ctrl Pts',(-9.53434151071566,-2.7,2.71739150195076));
#1621=CARTESIAN_POINT('Ctrl Pts',(-9.43741001493368,-4.40194986443927,2.68149663190631));
#1622=CARTESIAN_POINT('Ctrl Pts',(-9.43741001493368,-2.7,2.68149663190631));
#1623=CARTESIAN_POINT('Ctrl Pts',(-9.3476521983454,-4.40194986443927,2.62476321376165));
#1624=CARTESIAN_POINT('Ctrl Pts',(-9.3476521983454,-2.7,2.62476321376165));
#1625=CARTESIAN_POINT('Ctrl Pts',(-9.27583271039223,-4.40194986443927,2.55720162643808));
#1626=CARTESIAN_POINT('Ctrl Pts',(-9.27583271039223,-2.7,2.55720162643808));
#1627=CARTESIAN_POINT('Ctrl Pts',(-9.20655971066471,-4.40194986443927,2.4920355558681));
#1628=CARTESIAN_POINT('Ctrl Pts',(-9.20655971066471,-2.7,2.4920355558681));
#1629=CARTESIAN_POINT('Ctrl Pts',(-9.14743882786054,-4.40194986443927,2.41163087865433));
#1630=CARTESIAN_POINT('Ctrl Pts',(-9.14743882786054,-2.7,2.41163087865433));
#1631=CARTESIAN_POINT('Ctrl Pts',(-9.10542281781383,-4.40194986443927,2.32060495627223));
#1632=CARTESIAN_POINT('Ctrl Pts',(-9.10542281781383,-2.7,2.32060495627223));
#1633=CARTESIAN_POINT('Ctrl Pts',(-9.0604004285725,-4.40194986443927,2.22306583954073));
#1634=CARTESIAN_POINT('Ctrl Pts',(-9.0604004285725,-2.7,2.22306583954073));
#1635=CARTESIAN_POINT('Ctrl Pts',(-9.03680889707061,-4.40194986443927,2.11482136577427));
#1636=CARTESIAN_POINT('Ctrl Pts',(-9.03680889707061,-2.7,2.11482136577427));
#1637=CARTESIAN_POINT('Ctrl Pts',(-9.03510640903407,-4.40194986443927,2.01275909476613));
#1638=CARTESIAN_POINT('Ctrl Pts',(-9.03510640903407,-2.7,2.01275909476613));
#1639=CARTESIAN_POINT('Ctrl Pts',(-9.03355761601235,-4.40194986443927,1.91991066956333));
#1640=CARTESIAN_POINT('Ctrl Pts',(-9.03355761601235,-2.7,1.91991066956333));
#1641=CARTESIAN_POINT('Ctrl Pts',(-9.04943679707569,-4.40194986443927,1.8226719994487));
#1642=CARTESIAN_POINT('Ctrl Pts',(-9.04943679707569,-2.7,1.8226719994487));
#1643=CARTESIAN_POINT('Ctrl Pts',(-9.08381343125412,-4.40194986443927,1.73111006201792));
#1644=CARTESIAN_POINT('Ctrl Pts',(-9.08381343125412,-2.7,1.73111006201792));
#1645=CARTESIAN_POINT('Ctrl Pts',(-9.11851466815156,-4.40194986443927,1.63868354739515));
#1646=CARTESIAN_POINT('Ctrl Pts',(-9.11851466815156,-2.7,1.63868354739515));
#1647=CARTESIAN_POINT('Ctrl Pts',(-9.17206826593243,-4.40194986443927,1.55305865214186));
#1648=CARTESIAN_POINT('Ctrl Pts',(-9.17206826593243,-2.7,1.55305865214186));
#1649=CARTESIAN_POINT('Ctrl Pts',(-9.23548473910527,-4.40194986443927,1.48371759644846));
#1650=CARTESIAN_POINT('Ctrl Pts',(-9.23548473910527,-2.7,1.48371759644846));
#1651=CARTESIAN_POINT('Ctrl Pts',(-9.30238141281287,-4.40194986443927,1.41057120805472));
#1652=CARTESIAN_POINT('Ctrl Pts',(-9.30238141281287,-2.7,1.41057120805472));
#1653=CARTESIAN_POINT('Ctrl Pts',(-9.38489514488426,-4.40194986443927,1.34913575860435));
#1654=CARTESIAN_POINT('Ctrl Pts',(-9.38489514488426,-2.7,1.34913575860435));
#1655=CARTESIAN_POINT('Ctrl Pts',(-9.47882772620347,-4.40194986443927,1.30568496304317));
#1656=CARTESIAN_POINT('Ctrl Pts',(-9.47882772620347,-2.7,1.30568496304317));
#1657=CARTESIAN_POINT('Ctrl Pts',(-9.5678474537636,-4.40194986443927,1.26450672724037));
#1658=CARTESIAN_POINT('Ctrl Pts',(-9.5678474537636,-2.7,1.26450672724037));
#1659=CARTESIAN_POINT('Ctrl Pts',(-9.66557405611096,-4.40194986443927,1.24105452033857));
#1660=CARTESIAN_POINT('Ctrl Pts',(-9.66557405611096,-2.7,1.24105452033857));
#1661=CARTESIAN_POINT('Ctrl Pts',(-9.75948234853819,-4.40194986443927,1.23607374706715));
#1662=CARTESIAN_POINT('Ctrl Pts',(-9.75948234853819,-2.7,1.23607374706715));
#1663=CARTESIAN_POINT('Ctrl Pts',(-9.84389784151975,-4.40194986443927,1.23159645948936));
#1664=CARTESIAN_POINT('Ctrl Pts',(-9.84389784151975,-2.7,1.23159645948936));
#1665=CARTESIAN_POINT('Ctrl Pts',(-9.92936926209468,-4.40194986443927,1.2408786537507));
#1666=CARTESIAN_POINT('Ctrl Pts',(-9.92936926209468,-2.7,1.2408786537507));
#1667=CARTESIAN_POINT('Ctrl Pts',(-10.0140326500512,-4.40194986443927,1.2655512102862));
#1668=CARTESIAN_POINT('Ctrl Pts',(-10.0140326500512,-2.7,1.2655512102862));
#1669=CARTESIAN_POINT('Ctrl Pts',(-10.1189612597783,-4.40194986443927,1.29612944626483));
#1670=CARTESIAN_POINT('Ctrl Pts',(-10.1189612597783,-2.7,1.29612944626483));
#1671=CARTESIAN_POINT('Ctrl Pts',(-10.2185907454386,-4.40194986443927,1.35096560419219));
#1672=CARTESIAN_POINT('Ctrl Pts',(-10.2185907454386,-2.7,1.35096560419219));
#1673=CARTESIAN_POINT('Ctrl Pts',(-10.2989517123551,-4.40194986443927,1.4201101925901));
#1674=CARTESIAN_POINT('Ctrl Pts',(-10.2989517123551,-2.7,1.4201101925901));
#1675=CARTESIAN_POINT('Ctrl Pts',(-10.3519488462702,-4.40194986443927,1.46571025380686));
#1676=CARTESIAN_POINT('Ctrl Pts',(-10.3519488462702,-2.7,1.46571025380686));
#1677=CARTESIAN_POINT('Ctrl Pts',(-10.3977346537716,-4.40194986443927,1.51721024453445));
#1678=CARTESIAN_POINT('Ctrl Pts',(-10.3977346537716,-2.7,1.51721024453445));
#1679=CARTESIAN_POINT('Ctrl Pts',(-10.4374075000641,-4.40194986443927,1.57699092342833));
#1680=CARTESIAN_POINT('Ctrl Pts',(-10.4374075000641,-2.7,1.57699092342833));
#1681=CARTESIAN_POINT('Ctrl Pts',(-10.0208012908719,-2.79629608409937,2.73244234581932));
#1682=CARTESIAN_POINT('Ctrl Pts',(-9.9299470028113,-2.80347012557484,2.75983118290599));
#1683=CARTESIAN_POINT('Ctrl Pts',(-9.83513264794889,-2.81354122330582,2.76999152374037));
#1684=CARTESIAN_POINT('Ctrl Pts',(-9.64071579670225,-2.83996178974648,2.75497627574802));
#1685=CARTESIAN_POINT('Ctrl Pts',(-9.54319268742304,-2.85642417708702,2.72752211063326));
#1686=CARTESIAN_POINT('Ctrl Pts',(-9.40940105364409,-2.88261154212603,2.6596609276908));
#1687=CARTESIAN_POINT('Ctrl Pts',(-9.36717550722418,-2.89151017257859,2.63275771141433));
#1688=CARTESIAN_POINT('Ctrl Pts',(-9.24776145076361,-2.9180942973364,2.53909635651209));
#1689=CARTESIAN_POINT('Ctrl Pts',(-9.18072082245989,-2.93509073167588,2.46067864924359));
#1690=CARTESIAN_POINT('Ctrl Pts',(-9.08327191824447,-2.96097058572046,2.28497629510419));
#1691=CARTESIAN_POINT('Ctrl Pts',(-9.05242134901174,-2.969834805332,2.19022832416676));
#1692=CARTESIAN_POINT('Ctrl Pts',(-9.02904346841809,-2.97651554911138,1.99675546483189));
#1693=CARTESIAN_POINT('Ctrl Pts',(-9.03549093937861,-2.9746114652397,1.90062545566483));
#1694=CARTESIAN_POINT('Ctrl Pts',(-9.08331251017517,-2.96114864146951,1.71602496364957));
#1695=CARTESIAN_POINT('Ctrl Pts',(-9.12403394240719,-2.94981551552435,1.62959439724563));
#1696=CARTESIAN_POINT('Ctrl Pts',(-9.23586046659811,-2.92130593425866,1.47427774489196));
#1697=CARTESIAN_POINT('Ctrl Pts',(-9.30688013718978,-2.90427082925061,1.40721660800157));
#1698=CARTESIAN_POINT('Ctrl Pts',(-9.47432166785342,-2.86916208333641,1.30030552511974));
#1699=CARTESIAN_POINT('Ctrl Pts',(-9.57066402278397,-2.85142198357954,1.26301715484781));
#1700=CARTESIAN_POINT('Ctrl Pts',(-9.72842545117573,-2.82772726397988,1.23618904353925));
#1701=CARTESIAN_POINT('Ctrl Pts',(-9.78612003742314,-2.82007066663681,1.2329498314893));
#1702=CARTESIAN_POINT('Ctrl Pts',(-9.90369743557167,-2.80656393338372,1.23968705185034));
#1703=CARTESIAN_POINT('Ctrl Pts',(-9.96311510241155,-2.80085110420256,1.25016763713671));
#1704=CARTESIAN_POINT('Ctrl Pts',(-10.0208012908719,-2.79629608409937,1.26755765418068));
#1705=CARTESIAN_POINT('Ctrl Pts',(7.,0.,3.5));
#1706=CARTESIAN_POINT('Ctrl Pts',(7.,-7.,3.5));
#1707=CARTESIAN_POINT('Ctrl Pts',(0.,-7.,3.5));
#1708=CARTESIAN_POINT('Ctrl Pts',(-7.,-7.,3.5));
#1709=CARTESIAN_POINT('Ctrl Pts',(-7.,0.,3.5));
#1710=CARTESIAN_POINT('Ctrl Pts',(-7.,7.,3.5));
#1711=CARTESIAN_POINT('Ctrl Pts',(0.,7.,3.5));
#1712=CARTESIAN_POINT('Ctrl Pts',(7.,7.,3.5));
#1713=CARTESIAN_POINT('Ctrl Pts',(7.,0.,3.5));
#1714=CARTESIAN_POINT('Ctrl Pts',(7.,0.,-1.07156594925393E-16));
#1715=CARTESIAN_POINT('Ctrl Pts',(7.,-7.,-1.07156594925393E-16));
#1716=CARTESIAN_POINT('Ctrl Pts',(0.,-7.,0.));
#1717=CARTESIAN_POINT('Ctrl Pts',(-7.,-7.,1.07156594925393E-16));
#1718=CARTESIAN_POINT('Ctrl Pts',(-7.,0.,1.07156594925393E-16));
#1719=CARTESIAN_POINT('Ctrl Pts',(-7.,7.,1.07156594925393E-16));
#1720=CARTESIAN_POINT('Ctrl Pts',(0.,7.,0.));
#1721=CARTESIAN_POINT('Ctrl Pts',(7.,7.,-1.07156594925393E-16));
#1722=CARTESIAN_POINT('Ctrl Pts',(7.,0.,-1.07156594925393E-16));
#1723=CARTESIAN_POINT('Ctrl Pts',(3.5,0.,0.));
#1724=CARTESIAN_POINT('Ctrl Pts',(3.5,-3.5,0.));
#1725=CARTESIAN_POINT('Ctrl Pts',(0.,-3.5,0.));
#1726=CARTESIAN_POINT('Ctrl Pts',(-3.5,-3.5,0.));
#1727=CARTESIAN_POINT('Ctrl Pts',(-3.5,0.,0.));
#1728=CARTESIAN_POINT('Ctrl Pts',(-3.5,3.5,0.));
#1729=CARTESIAN_POINT('Ctrl Pts',(0.,3.5,0.));
#1730=CARTESIAN_POINT('Ctrl Pts',(3.5,3.5,0.));
#1731=CARTESIAN_POINT('Ctrl Pts',(3.5,0.,0.));
#1732=CARTESIAN_POINT('',(3.5,-4.28626379701574E-16,0.));
#1733=CARTESIAN_POINT('Origin',(0.,0.,0.));
#1734=CARTESIAN_POINT('Origin',(3.5,-4.28626379701574E-16,3.5));
#1735=CARTESIAN_POINT('Origin',(0.,0.,0.));
#1736=CARTESIAN_POINT('Ctrl Pts',(-7.3239005997618,-3.23117703086797,-5.55111512312578E-17));
#1737=CARTESIAN_POINT('Ctrl Pts',(-7.09176793684113,-3.45202857365195,-3.61501746007514E-17));
#1738=CARTESIAN_POINT('Ctrl Pts',(-6.69025530233483,-3.88641305115493,-0.0383615656591015));
#1739=CARTESIAN_POINT('Ctrl Pts',(-6.30322944598424,-4.37540466083878,-0.0583761071661589));
#1740=CARTESIAN_POINT('Ctrl Pts',(-6.14315284520538,-4.5896633026352,-0.0583761071661589));
#1741=CARTESIAN_POINT('Ctrl Pts',(-7.36593110944187,-3.29305150128065,1.9150032102419E-17));
#1742=CARTESIAN_POINT('Ctrl Pts',(-7.13493130866651,-3.50711553311093,0.00783823939763996));
#1743=CARTESIAN_POINT('Ctrl Pts',(-6.73082226488696,-3.93001702243776,-0.0209552138782819));
#1744=CARTESIAN_POINT('Ctrl Pts',(-6.34540566834798,-4.41090712704474,-0.0386983947818904));
#1745=CARTESIAN_POINT('Ctrl Pts',(-6.18724306839689,-4.62260392522528,-0.0386983947818904));
#1746=CARTESIAN_POINT('Ctrl Pts',(-7.44981358212753,-3.41653759778146,0.034234405287141));
#1747=CARTESIAN_POINT('Ctrl Pts',(-7.21722685746089,-3.61537937158515,0.0530577170419673));
#1748=CARTESIAN_POINT('Ctrl Pts',(-6.80594229961665,-4.01373248098398,0.0357085280080508));
#1749=CARTESIAN_POINT('Ctrl Pts',(-6.42393490260697,-4.47786133463508,0.020181219735448));
#1750=CARTESIAN_POINT('Ctrl Pts',(-6.26974410198731,-4.68424197588764,0.020181219735448));
#1751=CARTESIAN_POINT('Ctrl Pts',(-7.56797965365998,-3.59049368711921,0.201501542277072));
#1752=CARTESIAN_POINT('Ctrl Pts',(-7.32348503002946,-3.7675403309388,0.221185912773401));
#1753=CARTESIAN_POINT('Ctrl Pts',(-6.89949504084928,-4.12961831711319,0.197766125898922));
#1754=CARTESIAN_POINT('Ctrl Pts',(-6.52482530963695,-4.5670401443433,0.178847158913412));
#1755=CARTESIAN_POINT('Ctrl Pts',(-6.37725215170967,-4.76456323159817,0.178847158913412));
#1756=CARTESIAN_POINT('Ctrl Pts',(-7.60485386156453,-3.6447773991976,0.387800262371793));
#1757=CARTESIAN_POINT('Ctrl Pts',(-7.34858794256618,-3.81866735475169,0.395317324427037));
#1758=CARTESIAN_POINT('Ctrl Pts',(-6.92059510449059,-4.17103735707718,0.350612953634405));
#1759=CARTESIAN_POINT('Ctrl Pts',(-6.55272403674607,-4.59560537793134,0.324762863281248));
#1760=CARTESIAN_POINT('Ctrl Pts',(-6.40885321821035,-4.78817297384242,0.324762863281248));
#1761=CARTESIAN_POINT('Ctrl Pts',(-7.60485386156453,-3.6447773991976,0.5));
#1762=CARTESIAN_POINT('Ctrl Pts',(-7.34257381387927,-3.82294076786322,0.5));
#1763=CARTESIAN_POINT('Ctrl Pts',(-6.91470398162141,-4.17739016902844,0.442457651511348));
#1764=CARTESIAN_POINT('Ctrl Pts',(-6.55118289031818,-4.5976681649898,0.412435839250762));
#1765=CARTESIAN_POINT('Ctrl Pts',(-6.40885321821035,-4.78817297384242,0.412435839250762));
#1766=CARTESIAN_POINT('',(-6.40885321821035,-4.78817297384241,0.412435839250762));
#1767=CARTESIAN_POINT('Origin',(-6.0082998920722,-4.48891216297726,0.412435839250762));
#1768=CARTESIAN_POINT('Ctrl Pts',(-6.40885321821035,-4.78817297384242,0.412435839250762));
#1769=CARTESIAN_POINT('Ctrl Pts',(-6.55118289031818,-4.5976681649898,0.412435839250762));
#1770=CARTESIAN_POINT('Ctrl Pts',(-6.91470398162141,-4.17739016902844,0.442457651511348));
#1771=CARTESIAN_POINT('Ctrl Pts',(-7.34257381387927,-3.82294076786322,0.5));
#1772=CARTESIAN_POINT('Ctrl Pts',(-7.60485386156453,-3.6447773991976,0.5));
#1773=CARTESIAN_POINT('Origin',(0.,0.,0.412435839250762));
#1774=CARTESIAN_POINT('',(-6.40885321821035,4.78817297384241,0.412435839250762));
#1775=CARTESIAN_POINT('Origin',(-6.0082998920722,4.48891216297726,0.412435839250762));
#1776=CARTESIAN_POINT('Origin',(0.,0.,0.412435839250762));
#1777=CARTESIAN_POINT('Ctrl Pts',(-7.60485386156453,3.6447773991976,0.5));
#1778=CARTESIAN_POINT('Ctrl Pts',(-7.40814487769485,3.77839921115895,0.5));
#1779=CARTESIAN_POINT('Ctrl Pts',(-6.97249665243736,4.12214799348754,0.455091920689789));
#1780=CARTESIAN_POINT('Ctrl Pts',(-6.59862509955575,4.5341679203219,0.412435839250762));
#1781=CARTESIAN_POINT('Ctrl Pts',(-6.40885321821035,4.78817297384242,0.412435839250762));
#1782=CARTESIAN_POINT('Ctrl Pts',(-7.60485386156453,3.6447773991976,0.425200174914529));
#1783=CARTESIAN_POINT('Ctrl Pts',(-7.41117330730195,3.77632625039562,0.428940048018343));
#1784=CARTESIAN_POINT('Ctrl Pts',(-6.97709519647678,4.11768847877501,0.392778676860013));
#1785=CARTESIAN_POINT('Ctrl Pts',(-6.59999888947983,4.53232913587861,0.353987188604419));
#1786=CARTESIAN_POINT('Ctrl Pts',(-6.40885321821035,4.78817297384242,0.353987188604419));
#1787=CARTESIAN_POINT('Ctrl Pts',(-7.58561732590193,3.61645867392498,0.275918276303655));
#1788=CARTESIAN_POINT('Ctrl Pts',(-7.39859777013442,3.74768250712543,0.287087820908629));
#1789=CARTESIAN_POINT('Ctrl Pts',(-6.969647752616,4.09180118650632,0.268299443368941));
#1790=CARTESIAN_POINT('Ctrl Pts',(-6.58689511555994,4.5151639955282,0.237192347442668));
#1791=CARTESIAN_POINT('Ctrl Pts',(-6.39221324920597,4.77574094471652,0.237192347442668));
#1792=CARTESIAN_POINT('Ctrl Pts',(-7.49162883044248,3.47809517498803,0.0656233845941989));
#1793=CARTESIAN_POINT('Ctrl Pts',(-7.31543284079589,3.62109552525102,0.0822192245287063));
#1794=CARTESIAN_POINT('Ctrl Pts',(-6.90056334781962,3.9933239614086,0.079655891878953));
#1795=CARTESIAN_POINT('Ctrl Pts',(-6.51158572852252,4.44182944135955,0.0574094323952128));
#1796=CARTESIAN_POINT('Ctrl Pts',(-6.30871937662119,4.7133611256475,0.0574094323952129));
#1797=CARTESIAN_POINT('Ctrl Pts',(-7.38694636428191,3.323988736487,1.92632594183136E-16));
#1798=CARTESIAN_POINT('Ctrl Pts',(-7.21415014894855,3.48198232667782,0.00892286390303744));
#1799=CARTESIAN_POINT('Ctrl Pts',(-6.8092827800583,3.88679985502227,-0.00497795656262952));
#1800=CARTESIAN_POINT('Ctrl Pts',(-6.41889501082824,4.35852058490871,-0.0288595385897567));
#1801=CARTESIAN_POINT('Ctrl Pts',(-6.20928817999265,4.63907423652032,-0.0288595385897566));
#1802=CARTESIAN_POINT('Ctrl Pts',(-7.3239005997618,3.23117703086797,1.11022302462516E-16));
#1803=CARTESIAN_POINT('Ctrl Pts',(-7.14980203355716,3.39681480221388,1.97609358593109E-16));
#1804=CARTESIAN_POINT('Ctrl Pts',(-6.74748107154337,3.81902276638386,-0.0299387195401407));
#1805=CARTESIAN_POINT('Ctrl Pts',(-6.35658717157809,4.30398664121905,-0.0583761071661593));
#1806=CARTESIAN_POINT('Ctrl Pts',(-6.14315284520538,4.5896633026352,-0.0583761071661593));
#1807=CARTESIAN_POINT('',(-7.60485386156453,3.6447773991976,0.5));
#1808=CARTESIAN_POINT('Origin',(-7.3239005997618,3.23117703086797,0.5));
#1809=CARTESIAN_POINT('Ctrl Pts',(-7.60485386156453,3.6447773991976,0.5));
#1810=CARTESIAN_POINT('Ctrl Pts',(-7.40814487769485,3.77839921115895,0.5));
#1811=CARTESIAN_POINT('Ctrl Pts',(-6.97249665243736,4.12214799348754,0.455091920689789));
#1812=CARTESIAN_POINT('Ctrl Pts',(-6.59862509955575,4.5341679203219,0.412435839250762));
#1813=CARTESIAN_POINT('Ctrl Pts',(-6.40885321821035,4.78817297384242,0.412435839250762));
#1814=CARTESIAN_POINT('Origin',(-10.4143864795918,7.78078108249392,0.5));
#1815=CARTESIAN_POINT('Origin',(-10.4143864795918,7.78078108249392,0.5));
#1816=CARTESIAN_POINT('Origin',(-10.4143864795918,7.78078108249392,0.));
#1817=CARTESIAN_POINT('',(-6.40885321821035,4.78817297384241,0.));
#1818=CARTESIAN_POINT('Origin',(-10.4143864795918,-7.78078108249392,0.));
#1819=CARTESIAN_POINT('',(-6.40885321821035,-4.78817297384241,0.));
#1820=CARTESIAN_POINT('Origin',(-9.8,0.,2.));
#1821=CARTESIAN_POINT('',(-10.065,0.,2.));
#1822=CARTESIAN_POINT('Origin',(-9.8,0.,2.));
#1823=CARTESIAN_POINT('',(-10.065,0.,2.));
#1824=CARTESIAN_POINT('Origin',(0.,0.,-0.5));
#1825=CARTESIAN_POINT('',(6.5907864376269,-8.07138551470357E-16,-1.));
#1826=CARTESIAN_POINT('Origin',(0.,0.,-1.));
#1827=CARTESIAN_POINT('Origin',(6.5907864376269,-8.07138551470357E-16,-0.5));
#1828=CARTESIAN_POINT('Origin',(0.,0.,-1.));
#1829=CARTESIAN_POINT('Origin',(0.,0.,0.));
#1830=UNCERTAINTY_MEASURE_WITH_UNIT(LENGTH_MEASURE(0.001),#1834,
'DISTANCE_ACCURACY_VALUE',
'Maximum model space distance between geometric entities at asserted c
onnectivities');
#1831=UNCERTAINTY_MEASURE_WITH_UNIT(LENGTH_MEASURE(0.001),#1834,
'DISTANCE_ACCURACY_VALUE',
'Maximum model space distance between geometric entities at asserted c
onnectivities');
#1832=(
GEOMETRIC_REPRESENTATION_CONTEXT(3)
GLOBAL_UNCERTAINTY_ASSIGNED_CONTEXT((#1830))
GLOBAL_UNIT_ASSIGNED_CONTEXT((#1834,#1836,#1837))
REPRESENTATION_CONTEXT('','3D')
);
#1833=(
GEOMETRIC_REPRESENTATION_CONTEXT(3)
GLOBAL_UNCERTAINTY_ASSIGNED_CONTEXT((#1831))
GLOBAL_UNIT_ASSIGNED_CONTEXT((#1834,#1836,#1837))
REPRESENTATION_CONTEXT('','3D')
);
#1834=(
LENGTH_UNIT()
NAMED_UNIT(*)
SI_UNIT(.CENTI.,.METRE.)
);
#1835=(
LENGTH_UNIT()
NAMED_UNIT(*)
SI_UNIT($,.METRE.)
);
#1836=(
NAMED_UNIT(*)
PLANE_ANGLE_UNIT()
SI_UNIT($,.RADIAN.)
);
#1837=(
NAMED_UNIT(*)
SI_UNIT($,.STERADIAN.)
SOLID_ANGLE_UNIT()
);
#1838=SHAPE_DEFINITION_REPRESENTATION(#1839,#1840);
#1839=PRODUCT_DEFINITION_SHAPE('',$,#1842);
#1840=SHAPE_REPRESENTATION('',(#652),#1832);
#1841=PRODUCT_DEFINITION_CONTEXT('part definition',#1846,'design');
#1842=PRODUCT_DEFINITION('Krabi\X2\010D\X0\ka_Bomb\X\F3ny',
'Krabi\X2\010D\X0\ka_Bomb\X\F3ny v7',#1843,#1841);
#1843=PRODUCT_DEFINITION_FORMATION('',$,#1848);
#1844=PRODUCT_RELATED_PRODUCT_CATEGORY('Krabi\X2\010D\X0\ka_Bomb\X\F3n
y v7','Krabi\X2\010D\X0\ka_Bomb\X\F3ny v7',(#1848));
#1845=APPLICATION_PROTOCOL_DEFINITION('international standard',
'automotive_design',2009,#1846);
#1846=APPLICATION_CONTEXT(
'Core Data for Automotive Mechanical Design Process');
#1847=PRODUCT_CONTEXT('part definition',#1846,'mechanical');
#1848=PRODUCT('Krabi\X2\010D\X0\ka_Bomb\X\F3ny','Krabi\X2\010D\X0\ka_B
omb\X\F3ny v7',$,(#1847));
#1849=PRESENTATION_STYLE_ASSIGNMENT((#1850));
#1850=SURFACE_STYLE_USAGE(.BOTH.,#1851);
#1851=SURFACE_SIDE_STYLE('',(#1852));
#1852=SURFACE_STYLE_FILL_AREA(#1853);
#1853=FILL_AREA_STYLE('Steel - Satin',(#1854));
#1854=FILL_AREA_STYLE_COLOUR('Steel - Satin',#1855);
#1855=COLOUR_RGB('Steel - Satin',0.627450980392157,0.627450980392157,0.627450980392157);
ENDSEC;
END-ISO-10303-21;
